CustomerID,Recency,Frequency,Monetary,FirstPurchase,LastPurchase,Country,R,F,M,RFM_Score,RFM_Total,Segment,ClusterName,ChurnProbability,RiskBand,QuarterlyRevenue,RevenueAtRisk
12346,529,2,169.36,2010-03-02 13:08:00,2010-06-28 13:53:00,United Kingdom,1,2,1,121,4,Hibernating,Dormant,,Inactive (>1 yr),,
12347,2,8,4921.53,2010-10-31 14:20:00,2011-12-07 15:52:00,Iceland,5,4,5,545,14,Champions,Active High-Value,0.23534932488181173,Low,899.5525,211.70907357074594
12348,75,5,1658.3999999999999,2010-09-27 14:59:00,2011-09-25 13:13:00,Finland,3,4,4,344,11,Loyal Customers,Lapsing Mid-Value,0.39316351027515606,Medium,359.31,141.26758087696632
12349,18,3,3678.69,2010-04-29 13:20:00,2011-11-21 09:51:00,Italy,5,3,5,535,13,Potential Loyalists,Recent Developing,0.7164330776073696,High,364.3875,261.0592580666554
12350,310,1,294.4,2011-02-02 16:01:00,2011-02-02 16:01:00,Norway,2,1,2,212,5,Hibernating,Dormant,0.8202992081040184,High,73.6,60.374021716455744
12351,375,1,300.93,2010-11-29 15:23:00,2010-11-29 15:23:00,Unspecified,2,1,2,212,5,Hibernating,Dormant,,Inactive (>1 yr),,
12352,36,9,1729.54,2010-11-12 10:20:00,2011-11-03 14:37:00,Norway,4,5,4,454,13,Loyal Customers,Lapsing Mid-Value,0.2690013414711832,Low,346.435,93.19147973256935
12353,204,2,406.76,2010-10-27 12:44:00,2011-05-19 17:47:00,Bahrain,2,2,2,222,6,Hibernating,Dormant,0.8337513049535492,High,22.25,18.55096653521647
12354,232,1,1079.4,2011-04-21 13:11:00,2011-04-21 13:11:00,Spain,2,1,3,213,6,Hibernating,Dormant,0.7407629026796032,High,269.85,199.89486928809094
12355,214,2,947.61,2010-05-21 11:59:00,2011-05-09 13:49:00,Bahrain,2,2,3,223,7,Hibernating,Lapsing Mid-Value,0.781776627039122,High,114.85,89.78704561544316
12356,22,6,5611.73,2010-10-11 09:42:00,2011-11-17 08:40:00,Portugal,4,4,5,445,13,Loyal Customers,Active High-Value,0.3595050769781044,Medium,621.8575,223.56092840691156
12357,33,2,17437.66,2010-11-16 10:05:00,2011-11-06 16:07:00,Switzerland,4,2,5,425,11,Potential Loyalists,Lapsing Mid-Value,0.719822826416349,High,1551.9175,1117.1056412149942
12358,1,5,3447.07,2009-12-08 07:59:00,2011-12-08 10:26:00,Austria,5,4,5,545,14,Champions,Active High-Value,0.7288283604335496,High,232.01500000000001,169.09911204599
12359,57,10,8873.39,2009-12-05 13:32:00,2011-10-13 12:47:00,Cyprus,4,5,5,455,14,Loyal Customers,Active High-Value,0.24202118383629848,Low,1577.5075,381.7902326606396
12360,52,6,3612.89,2010-02-22 09:32:00,2011-10-18 15:22:00,Austria,4,4,5,445,13,Loyal Customers,Lapsing Mid-Value,0.35585616661871833,Medium,575.515,204.80056173157166
12361,287,4,451.25,2010-01-26 14:37:00,2011-02-25 13:51:00,Belgium,2,3,2,232,7,At Risk,Dormant,0.7459067023137994,High,43.725,32.61477055867088
12362,3,10,4737.23,2011-02-17 10:30:00,2011-12-06 15:40:00,Belgium,5,5,5,555,15,Champions,Active High-Value,0.09798414283931228,Low,1184.3075,116.04335524566882
12363,109,2,552.0,2011-04-11 13:29:00,2011-08-22 10:18:00,Unspecified,3,2,2,322,7,About to Sleep,Dormant,0.6679230560761502,High,138.0,92.17338173850872
12364,7,4,1208.1,2011-08-19 15:24:00,2011-12-02 10:22:00,Belgium,5,3,4,534,12,Potential Loyalists,Recent Developing,0.2708423115593466,Low,302.025,81.80114914871166
12365,291,1,320.69,2011-02-21 13:51:00,2011-02-21 13:51:00,Cyprus,2,1,2,212,5,Hibernating,Dormant,0.8114968225536786,High,80.1725,65.0597290061848
12366,633,1,500.24,2010-03-16 10:28:00,2010-03-16 10:28:00,Cyprus,1,1,2,112,4,Hibernating,Dormant,,Inactive (>1 yr),,
12367,4,1,150.9,2011-12-05 16:48:00,2011-12-05 16:48:00,Denmark,5,1,1,511,7,New Customers,Recent Developing,0.5518155252571726,Medium,37.725,20.817240690326837
12368,628,1,917.6999999999999,2010-03-21 15:56:00,2010-03-21 15:56:00,Cyprus,1,1,3,113,5,Hibernating,Dormant,,Inactive (>1 yr),,
12369,413,3,1511.15,2010-03-08 08:09:00,2010-10-22 13:13:00,Austria,1,3,4,134,8,At Risk,Lapsing Mid-Value,,Inactive (>1 yr),,
12370,51,7,3956.56,2010-02-09 09:41:00,2011-10-19 14:51:00,Cyprus,4,4,5,445,13,Loyal Customers,Lapsing Mid-Value,0.3436933142050607,Medium,855.485,294.02447490271635
12371,59,4,3347.38,2010-03-04 18:23:00,2011-10-11 10:43:00,Switzerland,3,3,5,335,11,Need Attention,Lapsing Mid-Value,0.626027138560347,High,381.99,239.13610665866693
12372,71,3,1196.04,2011-02-16 12:46:00,2011-09-29 12:12:00,Denmark,3,3,3,333,9,Need Attention,Lapsing Mid-Value,0.5023991412021874,Medium,299.01,150.22236721086605
12373,311,3,927.6500000000001,2010-02-04 12:08:00,2011-02-01 13:10:00,Austria,2,3,3,233,8,At Risk,Lapsing Mid-Value,0.747535980913797,High,81.15,60.662544851154635
12374,25,3,2669.22,2010-04-30 14:01:00,2011-11-14 15:37:00,Austria,4,3,4,434,11,Potential Loyalists,Recent Developing,0.7525381260147925,High,155.7325,117.19464370959867
12375,10,2,377.5,2011-09-02 14:23:00,2011-11-29 10:36:00,Finland,5,2,2,522,9,Potential Loyalists,Recent Developing,0.6887775357175135,High,94.375,65.00337993334034
12376,389,2,383.15,2010-10-18 08:42:00,2010-11-15 12:15:00,Switzerland,2,2,2,222,6,Hibernating,Dormant,,Inactive (>1 yr),,
12377,315,4,3266.32,2010-04-29 15:34:00,2011-01-28 15:45:00,Switzerland,2,3,5,235,10,At Risk,Lapsing Mid-Value,0.5859054589108043,Medium,387.03,226.76298976224857
12378,129,2,5416.32,2010-05-26 14:07:00,2011-08-02 10:34:00,Switzerland,3,2,5,325,10,About to Sleep,Lapsing Mid-Value,0.6723428610468123,High,1002.155,673.7917599123682
12379,81,4,1470.22,2010-06-23 12:49:00,2011-09-19 10:09:00,Belgium,3,3,4,334,10,Need Attention,Lapsing Mid-Value,0.5400752800059779,Medium,194.31,104.94202765796157
12380,21,8,7210.65,2010-02-15 12:05:00,2011-11-18 11:27:00,Belgium,4,4,5,445,13,Loyal Customers,Active High-Value,0.25976787677590935,Low,606.9525,157.66676222883012
12381,4,3,1474.81,2011-08-12 09:57:00,2011-12-05 12:44:00,Norway,5,3,4,534,12,Potential Loyalists,Recent Developing,0.4408645455984272,Medium,368.7025,162.5478601235041
12383,184,5,1628.56,2010-12-22 14:28:00,2011-06-08 08:02:00,Belgium,3,4,4,344,11,Loyal Customers,Lapsing Mid-Value,0.44746993286914327,Medium,407.14,182.182908468343
12384,28,2,425.27000000000004,2011-08-10 11:23:00,2011-11-11 08:39:00,Switzerland,4,2,2,422,8,Potential Loyalists,Recent Developing,0.640794223237532,High,106.31750000000001,68.1276398290563
12385,379,1,1668.4,2010-11-25 15:14:00,2010-11-25 15:14:00,Belgium,2,1,4,214,7,Hibernating,Dormant,,Inactive (>1 yr),,
12386,337,2,401.9,2010-12-08 09:53:00,2011-01-06 12:37:00,Australia,2,2,2,222,6,Hibernating,Dormant,0.8152136980954962,High,35.75,29.14388970691399
12387,415,1,143.94,2010-10-20 16:27:00,2010-10-20 16:27:00,Australia,1,1,1,111,3,Hibernating,Dormant,,Inactive (>1 yr),,
12388,15,8,3901.11,2010-05-06 12:54:00,2011-11-24 12:30:00,Australia,5,4,5,545,14,Champions,Active High-Value,0.21762866845613477,Low,695.165,151.28783330730892
12389,402,3,1433.33,2010-02-22 10:15:00,2010-11-02 11:52:00,Australia,2,3,4,234,9,At Risk,Lapsing Mid-Value,,Inactive (>1 yr),,
12390,79,1,504.84000000000003,2011-09-21 09:33:00,2011-09-21 09:33:00,Belgium,3,1,2,312,6,About to Sleep,Dormant,0.6929038426221557,High,126.21000000000001,87.45139397734226
12391,21,6,2724.84,2010-02-15 10:12:00,2011-11-18 12:07:00,Cyprus,4,4,4,444,12,Loyal Customers,Active High-Value,0.6514456580366632,High,109.915,71.60364950309985
12392,591,1,234.75000000000003,2010-04-27 14:04:00,2010-04-27 14:04:00,Australia,1,1,1,111,3,Hibernating,Dormant,,Inactive (>1 yr),,
12393,72,6,2399.4500000000003,2010-10-07 13:49:00,2011-09-28 15:41:00,Australia,3,4,4,344,11,Loyal Customers,Lapsing Mid-Value,0.39279327210330867,Medium,395.65000000000003,155.40865810767409
12394,63,2,1080.48,2011-05-06 14:01:00,2011-10-07 08:08:00,Belgium,3,2,3,323,8,About to Sleep,Recent Developing,0.6323556153602762,High,270.12,170.8118988211178
12395,19,15,4241.17,2010-04-16 10:16:00,2011-11-20 15:21:00,Belgium,5,5,5,555,15,Champions,Active High-Value,0.1080350941641479,Low,593.1325,64.07912548931647
12396,674,1,931.43,2010-02-03 13:22:00,2010-02-03 13:22:00,RSA,1,1,3,113,5,Hibernating,Dormant,,Inactive (>1 yr),,
12397,35,2,2214.9,2011-07-27 14:21:00,2011-11-04 09:52:00,Belgium,4,2,4,424,10,Potential Loyalists,Recent Developing,0.5423915968839423,Medium,553.725,300.33578698456097
12398,45,1,1435.66,2011-10-25 10:27:00,2011-10-25 10:27:00,Switzerland,4,1,4,414,9,Promising,Recent Developing,0.5938059982957657,Medium,358.915,213.12587987832478
12399,119,7,1842.3,2010-03-05 08:45:00,2011-08-12 13:15:00,Belgium,3,4,4,344,11,Loyal Customers,Lapsing Mid-Value,0.4100681758548459,Medium,258.4125,105.96674249309038
12400,414,1,205.25,2010-10-21 13:45:00,2010-10-21 13:45:00,Australia,1,1,1,111,3,Hibernating,Dormant,,Inactive (>1 yr),,
12401,303,1,69.3,2011-02-09 13:50:00,2011-02-09 13:50:00,Belgium,2,1,1,211,4,Hibernating,Dormant,0.8715237042070402,High,17.325,15.09914817538697
12402,323,6,1136.9,2010-02-07 12:41:00,2011-01-20 13:49:00,Belgium,2,4,3,243,9,At Risk,Lapsing Mid-Value,0.735821989689155,High,48.9,35.98169529579968
12403,49,2,947.36,2010-07-06 11:39:00,2011-10-21 10:51:00,Denmark,4,2,3,423,9,Potential Loyalists,Recent Developing,0.8535067361341,High,97.925,83.57964713593174
12405,148,1,1390.39,2011-07-14 08:52:00,2011-07-14 08:52:00,Finland,3,1,4,314,8,About to Sleep,Dormant,0.7022257251669217,High,347.5975,244.09190650370908
12406,22,5,6390.36,2010-01-11 14:04:00,2011-11-17 19:22:00,Denmark,4,4,5,445,13,Loyal Customers,Active High-Value,0.47097018360314913,Medium,853.825,402.1261170149588
12407,49,5,1507.1200000000001,2011-03-20 13:21:00,2011-10-21 10:11:00,Belgium,4,4,4,444,12,Loyal Customers,Lapsing Mid-Value,0.36995960028421904,Medium,376.78000000000003,139.39337819508805
12408,32,8,3905.77,2010-07-29 13:27:00,2011-11-07 12:27:00,Belgium,4,4,5,445,13,Loyal Customers,Active High-Value,0.26898452314970367,Low,654.6375,176.08735577341415
12409,78,7,23419.29,2010-05-23 15:21:00,2011-09-22 10:38:00,Switzerland,3,4,5,345,12,Loyal Customers,Active High-Value,0.26395908802475665,Low,2768.1675,730.6829687997706
12410,308,3,773.71,2010-07-25 13:26:00,2011-02-04 10:39:00,Switzerland,2,3,3,233,8,At Risk,Lapsing Mid-Value,0.7398909728745051,High,133.3325,98.65151314078996
12411,409,1,346.9,2010-10-26 09:25:00,2010-10-26 09:25:00,Australia,1,1,2,112,4,Hibernating,Dormant,,Inactive (>1 yr),,
12412,74,6,2404.93,2010-06-18 13:22:00,2011-09-26 10:16:00,Denmark,3,4,4,344,11,Loyal Customers,Lapsing Mid-Value,0.39622021204685437,Medium,285.72,113.20803898602725
12413,66,4,871.45,2010-11-02 13:26:00,2011-10-04 09:00:00,France,3,3,3,333,9,Need Attention,Lapsing Mid-Value,0.48470564182222753,Medium,171.525,83.13913521355758
12414,217,4,532.41,2010-09-02 12:22:00,2011-05-06 14:51:00,Austria,2,3,2,232,7,At Risk,Lapsing Mid-Value,0.6253434161919503,High,110.6025,69.16454518937019
12415,24,24,144033.37,2010-06-30 08:30:00,2011-11-15 14:22:00,Australia,4,5,5,455,14,Loyal Customers,Active High-Value,0.029177929426477223,Low,31141.1325,908.6337663455762
12416,656,1,202.56,2010-02-21 10:19:00,2010-02-21 10:19:00,Australia,1,1,1,111,3,Hibernating,Dormant,,Inactive (>1 yr),,
12417,3,20,5998.41,2009-12-06 10:30:00,2011-12-06 14:52:00,Belgium,5,5,5,555,15,Champions,Active High-Value,0.10971008368660126,Low,806.525,88.48392524533608
12418,112,4,2021.2,2010-03-19 14:47:00,2011-08-19 11:08:00,Switzerland,3,3,4,334,10,Need Attention,Lapsing Mid-Value,0.6301740669060019,High,167.145,105.33044441300369
12419,385,2,391.01,2010-10-22 10:40:00,2010-11-19 10:04:00,Spain,2,2,2,222,6,Hibernating,Dormant,,Inactive (>1 yr),,
12420,63,1,600.39,2011-10-07 08:55:00,2011-10-07 08:55:00,Cyprus,3,1,2,312,6,About to Sleep,Recent Developing,0.6719075763714327,High,150.0975,100.85164744441111
12421,15,6,874.6,2010-07-22 13:57:00,2011-11-24 09:07:00,Spain,5,4,3,543,12,Champions,Recent Developing,0.40820076777384584,Medium,159.76,65.2141546595496
12422,95,12,3639.35,2009-12-18 12:44:00,2011-09-05 09:48:00,Switzerland,3,5,5,355,13,Loyal Customers,Lapsing Mid-Value,0.3933863434520439,Medium,170.89000000000001,67.22579223251978
12423,0,10,2301.39,2010-08-31 09:31:00,2011-12-09 10:10:00,Belgium,5,5,4,554,14,Champions,Active High-Value,0.2942429196088606,Low,408.5775,120.22103648648924
12424,162,4,3340.03,2010-06-09 15:15:00,2011-06-30 12:06:00,Australia,3,3,5,335,11,Need Attention,Lapsing Mid-Value,0.5975387224553647,Medium,440.24,263.06044717374976
12425,78,2,1741.41,2010-09-17 14:10:00,2011-09-22 17:31:00,Portugal,3,2,4,324,9,About to Sleep,Lapsing Mid-Value,0.7663481660133566,High,194.3,148.90144865639522
12426,194,2,1201.21,2010-02-15 08:41:00,2011-05-29 12:26:00,Germany,2,2,4,224,8,Hibernating,Lapsing Mid-Value,0.7945048309977227,High,127.6825,101.44436308386673
12427,21,3,699.8,2010-12-03 10:44:00,2011-11-18 08:56:00,Germany,4,3,3,433,10,Potential Loyalists,Recent Developing,0.6413318934848069,High,112.575,72.19793790905214
12428,25,8,6405.26,2011-03-01 09:33:00,2011-11-14 08:22:00,Finland,4,4,5,445,13,Loyal Customers,Active High-Value,0.21150710073061263,Low,1601.315,338.68949300644096
12429,9,8,5842.41,2010-06-11 13:28:00,2011-11-30 17:22:00,Denmark,5,4,5,545,14,Champions,Active High-Value,0.39242028678469826,Medium,562.725,220.82470588091934
12430,43,1,216.4,2011-10-27 15:09:00,2011-10-27 15:09:00,Norway,4,1,1,411,6,Promising,Recent Developing,0.7002717593284021,High,54.1,37.884702179666554
12431,35,25,10102.22,2010-01-15 09:04:00,2011-11-04 11:55:00,Australia,4,5,5,455,14,Loyal Customers,Active High-Value,0.07077292675274317,Low,1489.175,105.39327319701631
12432,42,4,4359.32,2011-06-20 13:27:00,2011-10-28 11:43:00,Norway,4,3,5,435,12,Potential Loyalists,Lapsing Mid-Value,0.38911909258226424,Medium,1089.83,424.073660668929
12433,0,10,16794.14,2010-08-20 09:23:00,2011-12-09 10:02:00,Norway,5,5,5,555,15,Champions,Active High-Value,0.22353225013969674,Low,2397.1875,535.8487158817543
12434,84,3,1103.43,2010-11-23 13:38:00,2011-09-16 12:38:00,Australia,3,3,3,333,9,Need Attention,Lapsing Mid-Value,0.5763544678408239,Medium,201.535,116.15559767630045
12435,79,6,13925.93,2009-12-02 13:58:00,2011-09-21 09:06:00,Denmark,3,4,5,345,12,Loyal Customers,Lapsing Mid-Value,0.35541795172781243,Medium,1957.4725,695.7208665135204
12436,99,1,429.01000000000005,2011-09-01 12:09:00,2011-09-01 12:09:00,Norway,3,1,2,312,6,About to Sleep,Dormant,0.7456949609641614,High,107.25250000000001,79.97764880080874
12437,1,38,11282.4,2009-12-02 16:24:00,2011-12-08 11:35:00,France,5,5,5,555,15,Champions,Active High-Value,0.04441000279748006,Low,1111.8525,49.37737263538519
12438,14,2,2466.85,2011-07-22 13:29:00,2011-11-25 13:28:00,Norway,5,2,4,524,11,Potential Loyalists,Recent Developing,0.6172284984244959,High,616.7125,380.6525303346169
12439,682,2,1142.88,2009-12-14 08:40:00,2010-01-26 12:11:00,Cyprus,1,2,3,123,6,Hibernating,Dormant,,Inactive (>1 yr),,
12440,462,2,739.2,2009-12-22 12:03:00,2010-09-03 13:11:00,Austria,1,2,3,123,6,Hibernating,Dormant,,Inactive (>1 yr),,
12441,366,1,155.55,2010-12-08 10:45:00,2010-12-08 10:45:00,France,2,1,1,211,4,Hibernating,Dormant,,Inactive (>1 yr),,
12442,3,1,144.06,2011-12-06 14:22:00,2011-12-06 14:22:00,Spain,5,1,1,511,7,New Customers,Recent Developing,0.5342380223137275,Medium,36.015,19.240582373628897
12443,732,1,365.31,2009-12-07 15:42:00,2009-12-07 15:42:00,Norway,1,1,2,112,4,Hibernating,Dormant,,Inactive (>1 yr),,
12444,21,5,4085.46,2011-06-21 14:00:00,2011-11-18 13:23:00,Norway,4,4,5,445,13,Loyal Customers,Active High-Value,0.1850283561449248,Low,1021.365,188.98148697396113
12445,22,2,378.98,2010-10-15 12:28:00,2011-11-17 18:43:00,Spain,4,2,2,422,8,Potential Loyalists,Recent Developing,0.8962331907887219,High,19.35,17.342112241761768
12446,57,1,1002.3100000000001,2011-10-13 12:50:00,2011-10-13 12:50:00,RSA,4,1,3,413,8,Promising,Recent Developing,0.6331961178161107,High,250.57750000000001,158.6647002120665
12447,243,1,431.49,2011-04-10 13:25:00,2011-04-10 13:25:00,Belgium,2,1,2,212,5,Hibernating,Dormant,0.7900389287247649,High,107.8725,85.2234743388622
12448,44,1,365.45,2011-10-26 13:46:00,2011-10-26 13:46:00,Spain,4,1,2,412,7,Promising,Recent Developing,0.6709263551515551,High,91.3625,61.297509122533945
12449,22,5,4274.89,2010-09-27 09:37:00,2011-11-17 13:46:00,Belgium,4,4,5,445,13,Loyal Customers,Active High-Value,0.34437623124042027,Medium,899.0725,309.61919916190277
12450,156,5,688.2,2010-08-22 13:11:00,2011-07-06 14:41:00,Spain,3,4,3,343,10,Loyal Customers,Lapsing Mid-Value,0.6522036099428937,High,49.47,32.264512583874954
12451,10,8,12629.88,2010-06-28 12:58:00,2011-11-29 08:40:00,Switzerland,5,4,5,545,14,Champions,Active High-Value,0.1995363668899478,Low,2248.88,448.73334477146585
12452,16,1,348.57,2011-11-23 08:05:00,2011-11-23 08:05:00,Switzerland,5,1,2,512,8,New Customers,Recent Developing,0.6010171522588996,High,87.1425,52.37413719072116
12453,134,1,707.09,2011-07-28 14:08:00,2011-07-28 14:08:00,Austria,3,1,3,313,7,About to Sleep,Dormant,0.7285480497662398,High,176.7725,128.78726012730263
12454,56,4,16459.78,2010-10-14 17:33:00,2011-10-14 17:13:00,Spain,4,3,5,435,12,Potential Loyalists,Lapsing Mid-Value,0.6688316039597991,High,882.085,589.9663253788794
12455,73,9,5722.95,2009-12-18 12:33:00,2011-09-27 15:31:00,Cyprus,3,5,5,355,13,Loyal Customers,Lapsing Mid-Value,0.2562758199641033,Low,584.965,149.91238502530172
12456,44,3,2581.04,2011-03-30 09:12:00,2011-10-26 14:41:00,Switzerland,4,3,4,434,11,Potential Loyalists,Lapsing Mid-Value,0.44434947493975235,Medium,645.26,286.7209421996246
12457,66,7,2555.91,2010-09-30 17:59:00,2011-10-04 13:13:00,Switzerland,3,4,4,344,11,Loyal Customers,Lapsing Mid-Value,0.33918955953626473,Medium,510.8075,173.26057093282054
12458,71,4,1502.49,2010-08-09 10:33:00,2011-09-29 15:25:00,Switzerland,3,3,4,334,10,Need Attention,Lapsing Mid-Value,0.5306900505241713,Medium,196.85,104.46633644568311
12459,605,1,398.36,2010-04-13 14:53:00,2010-04-13 14:53:00,Spain,1,1,2,112,4,Hibernating,Dormant,,Inactive (>1 yr),,
12460,456,1,296.65,2010-09-09 13:51:00,2010-09-09 13:51:00,Belgium,1,1,2,112,4,Hibernating,Dormant,,Inactive (>1 yr),,
12461,154,1,626.88,2011-07-08 10:23:00,2011-07-08 10:23:00,Switzerland,3,1,3,313,7,About to Sleep,Dormant,0.7456275634444539,High,156.72,116.85475174301482
12462,18,2,937.59,2011-02-09 14:44:00,2011-11-21 09:11:00,Spain,5,2,3,523,10,Potential Loyalists,Recent Developing,0.7518827979751282,High,234.3975,176.23944813837514
12463,53,4,1200.78,2011-04-12 12:47:00,2011-10-17 13:44:00,Belgium,4,3,3,433,10,Potential Loyalists,Lapsing Mid-Value,0.39195320670593337,Medium,300.195,117.66239288708766
12464,10,8,957.05,2011-02-03 13:30:00,2011-11-29 13:33:00,Belgium,5,4,3,543,12,Champions,Recent Developing,0.30748983451735173,Medium,239.2625,73.57078653120787
12465,17,2,682.1899999999999,2011-06-23 13:37:00,2011-11-22 16:34:00,Belgium,5,2,3,523,10,Potential Loyalists,Recent Developing,0.6892222321991889,High,170.54749999999999,117.54512864599116
12467,423,1,132.8,2010-10-12 15:41:00,2010-10-12 15:41:00,USA,1,1,1,111,3,Hibernating,Dormant,,Inactive (>1 yr),,
12468,187,5,3238.74,2010-01-26 10:09:00,2011-06-05 11:36:00,Germany,2,4,5,245,11,At Risk,Lapsing Mid-Value,0.5929908192995721,Medium,164.385,97.47879583056016
12469,522,2,3070.54,2010-06-21 10:30:00,2010-07-05 12:40:00,Thailand,1,2,5,125,8,Hibernating,Lapsing Mid-Value,,Inactive (>1 yr),,
12470,689,1,211.95,2010-01-19 11:01:00,2010-01-19 11:01:00,Unspecified,1,1,1,111,3,Hibernating,Dormant,,Inactive (>1 yr),,
12471,2,71,35099.9,2009-12-07 10:41:00,2011-12-07 15:43:00,Germany,5,5,5,555,15,Champions,Active High-Value,0.01898355468387271,Low,4347.162499999999,82.5245970384308
12472,32,19,14971.289999999999,2009-12-14 10:49:00,2011-11-07 14:01:00,Germany,4,5,5,455,14,Loyal Customers,Active High-Value,0.11743251067890983,Low,1136.2025,133.42711221465407
12473,53,3,2585.73,2011-06-01 10:15:00,2011-10-17 11:27:00,Germany,4,3,4,434,11,Potential Loyalists,Lapsing Mid-Value,0.4172823613655869,Medium,646.4325,269.74488006345973
12474,17,29,11310.75,2010-02-11 09:41:00,2011-11-22 14:39:00,Germany,5,5,5,555,15,Champions,Active High-Value,0.04763116176464525,Low,1673.5225,79.71182091427353
12475,53,2,1065.64,2010-10-26 08:49:00,2011-10-17 10:10:00,Germany,4,2,3,423,9,Potential Loyalists,Recent Developing,0.7757428910274682,High,167.345,129.81669409899166
12476,15,18,12319.91,2010-07-26 09:04:00,2011-11-24 12:40:00,Germany,5,5,5,555,15,Champions,Active High-Value,0.06814809998166795,Low,1474.605,100.49152897346747
12477,22,9,20276.37,2010-03-26 14:01:00,2011-11-17 09:51:00,Germany,4,5,5,455,14,Loyal Customers,Active High-Value,0.1385722202311501,Low,3304.935,457.97218066963603
12478,3,1,545.99,2011-12-06 09:56:00,2011-12-06 09:56:00,Greece,5,1,2,512,8,New Customers,Recent Developing,0.4560254146825606,Medium,136.4975,62.246329040632816
12479,11,1,473.2,2011-11-28 13:26:00,2011-11-28 13:26:00,Germany,5,1,2,512,8,New Customers,Recent Developing,0.564254962846809,Medium,118.3,66.7513621047775
12480,28,7,4834.85,2010-07-20 13:21:00,2011-11-11 14:52:00,Germany,4,4,5,445,13,Loyal Customers,Active High-Value,0.2791813376145287,Low,721.4075,201.4035108151531
12481,22,14,11033.51,2010-04-11 13:10:00,2011-11-17 08:29:00,Germany,4,5,5,455,14,Loyal Customers,Active High-Value,0.12876795120403445,Low,1215.61,156.5316091631363
12482,576,27,21941.72,2010-02-24 10:24:00,2010-05-12 16:51:00,Sweden,1,5,5,155,11,Can't Lose Them,Active High-Value,,Inactive (>1 yr),,
12483,17,19,4069.1800000000003,2010-01-31 13:28:00,2011-11-22 17:02:00,Sweden,5,5,5,555,15,Champions,Active High-Value,0.13476868482846446,Low,477.745,64.38506533337475
12484,35,9,5557.1,2010-01-27 16:41:00,2011-11-04 15:18:00,Spain,4,5,5,455,14,Loyal Customers,Active High-Value,0.23679516762694985,Low,984.83,233.20298493404903
12485,529,1,708.1,2010-06-28 15:22:00,2010-06-28 15:22:00,Sweden,1,1,3,113,5,Hibernating,Dormant,,Inactive (>1 yr),,
12486,431,1,917.28,2010-10-04 12:14:00,2010-10-04 12:14:00,Sweden,1,1,3,113,5,Hibernating,Dormant,,Inactive (>1 yr),,
12487,730,1,285.29999999999995,2009-12-09 11:36:00,2009-12-09 11:36:00,Sweden,1,1,2,112,4,Hibernating,Dormant,,Inactive (>1 yr),,
12488,9,3,1244.66,2011-09-25 10:34:00,2011-11-30 08:50:00,France,5,3,4,534,12,Potential Loyalists,Recent Developing,0.32878153595865195,Medium,311.165,102.30530663657395
12489,336,1,298.93,2011-01-07 13:13:00,2011-01-07 13:13:00,France,2,1,2,212,5,Hibernating,Dormant,0.8250133523871747,High,74.7325,61.65531035727453
12490,5,20,8764.64,2009-12-01 12:52:00,2011-12-04 16:07:00,France,5,5,5,555,15,Champions,Active High-Value,0.0706864348333918,Low,1214.9825,85.88278130996146
12491,38,1,424.40000000000003,2011-11-01 12:18:00,2011-11-01 12:18:00,France,4,1,2,412,7,Promising,Recent Developing,0.6526230310257148,High,106.10000000000001,69.24330359182835
12492,63,3,607.21,2010-11-01 14:58:00,2011-10-07 15:15:00,Germany,3,3,3,333,9,Need Attention,Recent Developing,0.669234296850684,High,56.8025,38.01418114686098
12493,165,2,379.74,2011-05-26 14:53:00,2011-06-27 10:17:00,France,3,2,2,322,7,About to Sleep,Dormant,0.6687363692143586,High,94.935,63.48648721136514
12494,15,9,1563.27,2010-05-12 13:52:00,2011-11-24 09:34:00,France,5,5,4,554,14,Champions,Active High-Value,0.2461486546259276,Low,261.125,64.27556743919534
12495,640,1,277.4,2010-03-09 10:53:00,2010-03-09 10:53:00,Sweden,1,1,1,111,3,Hibernating,Dormant,,Inactive (>1 yr),,
12496,620,2,45.34,2010-03-29 13:57:00,2010-03-29 14:06:00,Spain,1,2,1,121,4,Hibernating,Dormant,,Inactive (>1 yr),,
12497,81,3,5996.5,2010-03-05 09:39:00,2011-09-19 12:29:00,Germany,3,3,5,335,11,Need Attention,Lapsing Mid-Value,0.7183909582445419,High,238.275,171.17460557571823
12498,21,3,349.70000000000005,2011-10-13 09:30:00,2011-11-18 12:53:00,Germany,4,3,2,432,9,Potential Loyalists,Recent Developing,0.4424530253307542,Medium,87.42500000000001,38.68145573954119
12499,560,1,357.72,2010-05-28 15:12:00,2010-05-28 15:12:00,Germany,1,1,2,112,4,Hibernating,Dormant,,Inactive (>1 yr),,
12500,23,18,5559.21,2010-02-04 15:05:00,2011-11-16 16:20:00,Germany,4,5,5,455,14,Loyal Customers,Active High-Value,0.08872125952867062,Low,1014.955,90.0480859649219
12501,336,1,2025.39,2011-01-07 12:28:00,2011-01-07 12:28:00,Germany,2,1,4,214,7,Hibernating,Lapsing Mid-Value,0.7269342201541875,High,506.3475,368.0813250395225
12502,95,5,2995.87,2011-02-03 10:41:00,2011-09-05 11:52:00,Spain,3,4,5,345,12,Loyal Customers,Lapsing Mid-Value,0.34702133356555975,Medium,748.9675,259.90770064726337
12503,584,1,896.0,2010-05-04 13:59:00,2010-05-04 13:59:00,Spain,1,1,3,113,5,Hibernating,Dormant,,Inactive (>1 yr),,
12504,18,4,689.05,2010-04-22 10:24:00,2011-11-21 16:02:00,Germany,5,3,3,533,11,Potential Loyalists,Recent Developing,0.7121398423996133,High,107.01249999999999,76.2078648847886
12505,408,1,787.2,2010-10-27 09:18:00,2010-10-27 09:18:00,Italy,2,1,3,213,6,Hibernating,Dormant,,Inactive (>1 yr),,
12506,232,1,73.5,2011-04-21 08:54:00,2011-04-21 08:54:00,France,2,1,1,211,4,Hibernating,Dormant,0.844886744860918,High,18.375,15.524793936819368
12507,134,4,1508.06,2010-05-04 09:23:00,2011-07-28 17:09:00,Spain,3,3,4,334,10,Need Attention,Lapsing Mid-Value,0.5994891582392448,Medium,263.2025,157.7870451714648
12508,26,2,397.88,2011-11-10 16:27:00,2011-11-13 15:37:00,France,4,2,2,422,8,Potential Loyalists,Recent Developing,0.6291990144086662,High,99.47,62.58642596323003
12509,284,1,158.5,2011-02-28 14:45:00,2011-02-28 14:45:00,France,2,1,1,211,4,Hibernating,Dormant,0.8443981655839776,High,39.625,33.45927731126511
12510,142,7,3039.03,2009-12-04 13:47:00,2011-07-20 10:15:00,Spain,3,4,5,345,12,Loyal Customers,Lapsing Mid-Value,0.5017192145736883,Medium,203.64249999999998,102.1713551538223
12511,428,1,3084.02,2010-10-07 10:39:00,2010-10-07 10:39:00,Greece,1,1,5,115,7,Hibernating,Lapsing Mid-Value,,Inactive (>1 yr),,
12512,66,2,132.18,2011-10-04 14:53:00,2011-10-04 14:55:00,Israel,3,2,1,321,6,About to Sleep,Dormant,0.6830672421923234,High,33.045,22.571957018245328
12513,112,1,558.29,2011-08-19 10:51:00,2011-08-19 10:51:00,France,3,1,2,312,6,About to Sleep,Dormant,0.7345420880202341,High,139.5725,102.52187558020412
12514,267,2,1597.76,2010-03-08 12:18:00,2011-03-17 16:38:00,Italy,2,2,4,224,8,Hibernating,Lapsing Mid-Value,0.7342143898770431,High,254.42,186.7988250725173
12515,353,1,278.7,2010-12-21 15:43:00,2010-12-21 15:43:00,Italy,2,1,1,211,4,Hibernating,Dormant,0.828727605083235,High,69.675,57.741595884174394
12516,77,4,2288.62,2010-04-19 14:14:00,2011-09-23 09:13:00,Germany,3,3,4,334,10,Need Attention,Lapsing Mid-Value,0.538615468480784,Medium,296.515,159.70756563657966
12517,28,4,2301.6,2011-06-02 15:13:00,2011-11-11 13:57:00,Germany,4,3,4,434,11,Potential Loyalists,Recent Developing,0.27928960544640913,Low,575.4,160.70323897386382
12518,0,5,1840.89,2011-08-21 13:18:00,2011-12-09 10:13:00,Germany,5,4,4,544,13,Champions,Recent Developing,0.25721122174362776,Low,460.2225,118.37439149890673
12519,63,2,626.54,2010-08-20 08:21:00,2011-10-07 09:26:00,Germany,3,2,3,323,8,About to Sleep,Recent Developing,0.8248893681074021,High,69.21,57.0905931667133
12520,79,5,2346.2599999999998,2011-03-11 11:35:00,2011-09-21 15:23:00,Germany,3,4,4,344,11,Loyal Customers,Lapsing Mid-Value,0.3694107613709072,Medium,586.5649999999999,216.68342324352616
12521,142,1,545.68,2011-07-20 10:51:00,2011-07-20 10:51:00,Germany,3,1,2,312,6,About to Sleep,Dormant,0.7451418089931721,High,136.42,101.65224558284852
12522,39,2,156.72,2011-10-19 14:41:00,2011-10-31 15:30:00,Germany,4,2,1,421,7,Potential Loyalists,Recent Developing,0.6462574966450674,High,39.18,25.32036871855374
12523,19,23,4010.35,2009-12-07 13:46:00,2011-11-20 12:55:00,France,5,5,5,555,15,Champions,Active High-Value,0.07814476617619143,Low,424.9425,33.20703230082623
12524,9,17,9794.11,2010-02-08 14:41:00,2011-11-30 15:31:00,Germany,5,5,5,555,15,Champions,Active High-Value,0.1263660553607548,Low,986.43,124.65126798950935
12525,498,3,883.73,2010-03-02 14:01:00,2010-07-29 16:08:00,France,1,3,3,133,7,At Risk,Lapsing Mid-Value,,Inactive (>1 yr),,
12526,0,3,1172.66,2011-09-06 14:19:00,2011-12-09 12:09:00,Germany,5,3,3,533,11,Potential Loyalists,Recent Developing,0.5377944933572703,Medium,293.165,157.66252264508415
12527,81,5,717.51,2010-06-28 15:37:00,2011-09-19 11:55:00,Germany,3,4,3,343,10,Loyal Customers,Lapsing Mid-Value,0.5092606217881429,Medium,82.67750000000001,42.10439505788919
12528,9,6,1645.48,2011-01-31 09:05:00,2011-11-30 14:40:00,Germany,5,4,4,544,13,Champions,Recent Developing,0.25842056310638495,Low,411.37,106.30646704507357
12529,528,1,316.48,2010-06-29 13:10:00,2010-06-29 13:10:00,France,1,1,2,112,4,Hibernating,Dormant,,Inactive (>1 yr),,
12530,59,9,3381.26,2010-03-07 14:37:00,2011-10-11 12:34:00,Germany,3,5,5,355,13,Loyal Customers,Lapsing Mid-Value,0.28922967622828166,Low,375.07,108.4813746629416
12531,14,2,1771.2,2010-01-22 14:17:00,2011-11-25 11:12:00,Germany,5,2,4,524,11,Potential Loyalists,Recent Developing,0.9294575379266813,High,31.305,29.096668224794758
12532,30,1,313.83000000000004,2011-11-09 13:47:00,2011-11-09 13:47:00,France,4,1,2,412,7,Promising,Recent Developing,0.6553767209858791,High,78.45750000000001,51.419219086749614
12533,627,2,1223.89,2009-12-01 11:50:00,2010-03-22 10:56:00,Germany,1,2,4,124,7,Hibernating,Dormant,,Inactive (>1 yr),,
12534,130,1,981.18,2011-08-01 10:26:00,2011-08-01 10:26:00,Germany,3,1,3,313,7,About to Sleep,Dormant,0.7067013000083595,High,245.295,173.35029538555054
12535,91,2,716.35,2011-06-06 12:47:00,2011-09-09 08:48:00,France,3,2,3,323,8,About to Sleep,Recent Developing,0.6282896054926982,High,179.0875,112.51881472367359
12536,59,1,4279.71,2011-10-11 14:52:00,2011-10-11 14:52:00,France,3,1,5,315,9,About to Sleep,Lapsing Mid-Value,0.5508310931787055,Medium,1069.9275,589.3493344469595
12537,408,1,612.94,2010-10-27 08:36:00,2010-10-27 08:36:00,Sweden,2,1,3,213,6,Hibernating,Dormant,,Inactive (>1 yr),,
12538,29,2,640.45,2010-11-26 13:02:00,2011-11-10 17:16:00,Spain,4,2,3,423,9,Potential Loyalists,Recent Developing,0.8226854115120729,High,90.9875,74.85408887995473
12539,22,7,11186.75,2009-12-23 13:00:00,2011-11-17 13:30:00,Spain,4,4,5,445,13,Loyal Customers,Active High-Value,0.3548127209677359,Medium,1392.0875,493.9303537001731
12540,19,32,19250.49,2009-12-07 16:56:00,2011-11-20 11:31:00,Spain,5,5,5,555,15,Champions,Active High-Value,0.0321531544741385,Low,2895.06,93.08531139189941
12541,29,3,841.18,2011-03-04 09:32:00,2011-11-10 10:40:00,Spain,4,3,3,433,10,Potential Loyalists,Recent Developing,0.5389079738731671,Medium,210.295,113.32965236565768
12542,484,2,481.88,2010-03-09 16:26:00,2010-08-12 19:12:00,Spain,1,2,2,122,5,Hibernating,Dormant,,Inactive (>1 yr),,
12543,448,1,840.25,2010-09-17 15:51:00,2010-09-17 15:51:00,Spain,1,1,3,113,5,Hibernating,Dormant,,Inactive (>1 yr),,
12544,36,1,316.7,2011-11-03 16:15:00,2011-11-03 16:15:00,Spain,4,1,2,412,7,Promising,Recent Developing,0.6699456769387199,High,79.175,53.04294897162315
12545,75,2,832.39,2011-03-25 12:04:00,2011-09-25 13:39:00,Spain,3,2,3,323,8,About to Sleep,Recent Developing,0.6420589750931908,High,208.0975,133.61086756945525
12546,46,2,1021.5,2011-09-23 09:44:00,2011-10-24 12:09:00,Spain,4,2,3,423,9,Potential Loyalists,Recent Developing,0.4531893543768353,Medium,255.375,115.73323137398431
12547,197,3,299.58,2010-07-27 13:55:00,2011-05-26 12:38:00,Spain,2,3,2,232,7,At Risk,Dormant,0.7346579800112791,High,37.949999999999996,27.88027034142804
12548,166,1,67.19999999999999,2011-06-26 15:35:00,2011-06-26 15:35:00,Spain,3,1,1,311,5,About to Sleep,Dormant,0.8491000878114179,High,16.799999999999997,14.264881475231817
12549,575,5,1570.68,2010-01-11 12:29:00,2010-05-13 12:05:00,USA,1,4,4,144,9,At Risk,Lapsing Mid-Value,,Inactive (>1 yr),,
12550,79,1,824.83,2011-09-21 14:35:00,2011-09-21 14:35:00,Spain,3,1,3,313,7,About to Sleep,Recent Developing,0.6647877462127998,High,206.2075,137.08421917717592
12551,357,1,168.0,2010-12-17 11:23:00,2010-12-17 11:23:00,Spain,2,1,1,211,4,Hibernating,Dormant,0.8478243993440431,High,42.0,35.60862477244981
12552,39,1,317.82,2011-10-31 12:11:00,2011-10-31 12:11:00,Italy,4,1,2,412,7,Promising,Recent Developing,0.6694477881173366,High,79.455,53.19097400486298
12553,8,12,4104.75,2010-10-12 13:35:00,2011-12-01 16:38:00,France,5,5,5,555,15,Champions,Active High-Value,0.10581547667631079,Low,819.57,86.72319021960404
12554,448,1,384.5,2010-09-17 12:29:00,2010-09-17 12:29:00,Spain,1,1,2,112,4,Hibernating,Dormant,,Inactive (>1 yr),,
12556,50,2,599.56,2011-07-11 13:35:00,2011-10-20 13:06:00,Spain,4,2,2,422,8,Potential Loyalists,Recent Developing,0.5912634823512392,Medium,149.89,88.62448336962723
12557,16,8,18096.14,2009-12-17 10:39:00,2011-11-23 16:59:00,Spain,5,4,5,545,14,Champions,Active High-Value,0.27440079583134325,Low,2842.7400000000002,780.0501183415928
12558,7,1,269.96,2011-12-02 10:41:00,2011-12-02 10:41:00,USA,5,1,1,511,7,New Customers,Recent Developing,0.6356320537536824,High,67.49,42.89880730783602
12559,310,2,525.71,2011-01-24 10:12:00,2011-02-02 09:49:00,Germany,2,2,2,222,6,Hibernating,Dormant,0.7371653363373573,High,131.4275,96.88379724147802
12560,5,2,1918.01,2011-07-19 15:55:00,2011-12-04 13:54:00,Germany,5,2,4,524,11,Potential Loyalists,Recent Developing,0.6900798602655971,High,479.5025,330.89501819700445
12561,302,1,238.85,2011-02-10 11:39:00,2011-02-10 11:39:00,Germany,2,1,1,211,4,Hibernating,Dormant,0.8256064626406548,High,59.7125,49.2990259004301
12562,8,9,4426.92,2010-09-30 13:13:00,2011-12-01 17:20:00,France,5,5,5,555,15,Champions,Active High-Value,0.13623942043466775,Low,846.4350000000001,115.317813835618
12563,408,1,221.24,2010-10-27 09:52:00,2010-10-27 09:52:00,Italy,2,1,1,211,4,Hibernating,Dormant,,Inactive (>1 yr),,
12564,261,1,402.9,2011-03-23 14:55:00,2011-03-23 14:55:00,France,2,1,2,212,5,Hibernating,Dormant,0.798886972389223,High,100.725,80.46789029390449
12565,288,1,145.92,2011-02-24 10:34:00,2011-02-24 10:34:00,Saudi Arabia,2,1,1,211,4,Hibernating,Dormant,0.8491683798702618,High,36.48,30.97766249766715
12566,86,1,297.65,2011-09-14 14:30:00,2011-09-14 14:30:00,Germany,3,1,2,312,6,About to Sleep,Dormant,0.7269246878443815,High,74.4125,54.092283334220035
12567,22,15,10741.48,2010-02-11 10:30:00,2011-11-17 11:02:00,France,4,5,5,455,14,Loyal Customers,Active High-Value,0.13191698887934222,Low,1720.725,226.99286068940614
12568,644,1,52.0,2010-03-05 09:15:00,2010-03-05 09:15:00,Germany,1,1,1,111,3,Hibernating,Dormant,,Inactive (>1 yr),,
12569,2,32,3152.69,2011-04-01 13:47:00,2011-12-07 16:24:00,Germany,5,5,5,555,15,Champions,Active High-Value,0.03433947118271598,Low,788.1725,27.06542685075921
12571,39,2,519.61,2011-08-10 12:35:00,2011-10-31 10:19:00,France,4,2,2,422,8,Potential Loyalists,Recent Developing,0.6034116411966112,High,129.9025,78.38468072054279
12572,8,2,912.42,2011-10-19 08:20:00,2011-12-01 09:20:00,Germany,5,2,3,523,10,Potential Loyalists,Recent Developing,0.5065267510533514,Medium,228.105,115.54128454902472
12573,227,5,717.41,2010-08-31 17:25:00,2011-04-26 15:52:00,France,2,4,3,243,9,At Risk,Lapsing Mid-Value,0.7513829832353071,High,40.135000000000005,30.15675603214905
12574,315,1,182.45000000000002,2011-01-28 09:20:00,2011-01-28 09:20:00,France,2,1,1,211,4,Hibernating,Dormant,0.8401942228096908,High,45.612500000000004,38.32335898790703
12575,457,2,568.8199999999999,2010-07-01 09:15:00,2010-09-08 13:09:00,France,1,2,2,122,5,Hibernating,Dormant,,Inactive (>1 yr),,
12576,35,8,2062.72,2010-07-01 13:46:00,2011-11-04 10:11:00,Poland,4,4,4,444,12,Loyal Customers,Lapsing Mid-Value,0.2720296213685183,Low,328.9575,89.48618417133436
12577,35,8,1613.15,2009-12-03 19:31:00,2011-11-04 13:24:00,France,4,4,4,444,12,Loyal Customers,Lapsing Mid-Value,0.42139702278189445,Medium,155.6625,65.59571405878664
12578,21,4,4026.4500000000003,2010-09-22 11:19:00,2011-11-18 13:30:00,Italy,4,3,5,435,12,Potential Loyalists,Recent Developing,0.49087421277182597,Medium,600.6275,294.83255123160995
12579,78,1,386.42,2011-09-22 17:15:00,2011-09-22 17:15:00,France,3,1,2,312,6,About to Sleep,Dormant,0.7060491218934852,High,96.605,68.20787542052014
12580,246,2,962.9,2010-05-12 11:45:00,2011-04-07 10:24:00,Germany,2,2,3,223,7,Hibernating,Lapsing Mid-Value,0.7848074438591577,High,94.925,74.49784660833055
12581,39,1,179.71,2011-10-31 08:56:00,2011-10-31 08:56:00,Germany,4,1,1,411,6,Promising,Recent Developing,0.6954513485365933,High,44.9275,31.244890461377796
12582,238,4,1820.4,2010-05-11 09:55:00,2011-04-15 08:45:00,Finland,2,3,4,234,9,At Risk,Lapsing Mid-Value,0.676209240548904,High,87.84,59.398219689815726
12583,2,27,12493.58,2009-12-06 11:57:00,2011-12-07 08:07:00,France,5,5,5,555,15,Champions,Active High-Value,0.045275456168767325,Low,1475.8799999999999,66.82114025036032
12584,3,9,2254.15,2011-03-04 15:15:00,2011-12-06 09:35:00,Italy,5,5,4,554,14,Champions,Active High-Value,0.1437161466815152,Low,563.5375,80.98943801053437
12585,234,2,1824.1,2010-12-23 12:58:00,2011-04-19 13:39:00,Germany,2,2,4,224,8,Hibernating,Lapsing Mid-Value,0.6028001418662364,High,456.025,274.89193469455046
12586,17,4,2062.67,2009-12-16 13:15:00,2011-11-22 16:24:00,Italy,5,3,4,534,12,Potential Loyalists,Recent Developing,0.7732524867884731,High,49.23500000000001,38.07108618703048
12587,7,1,104.0,2011-12-02 12:47:00,2011-12-02 12:47:00,Finland,5,1,1,511,7,New Customers,Recent Developing,0.6228138102409397,High,26.0,16.193159066264432
12588,39,3,718.78,2010-04-21 12:22:00,2011-10-31 15:01:00,Finland,4,3,3,433,10,Potential Loyalists,Recent Developing,0.786148468308723,High,43.724999999999994,34.37434177679891
12589,28,6,3294.91,2010-01-19 12:26:00,2011-11-11 10:19:00,France,4,4,5,445,13,Loyal Customers,Lapsing Mid-Value,0.5775281228310314,Medium,143.67,82.97346540713427
12590,211,1,9341.26,2011-05-12 14:46:00,2011-05-12 14:46:00,Germany,2,1,5,215,8,Hibernating,Lapsing Mid-Value,0.632881141892143,High,2335.315,1477.97682387785
12591,317,3,1114.95,2010-10-27 10:42:00,2011-01-26 14:35:00,Italy,2,3,3,233,8,At Risk,Lapsing Mid-Value,0.7397749573033581,High,92.2125,68.21649825033592
12592,92,4,1723.6399999999999,2010-07-08 14:06:00,2011-09-08 15:04:00,Germany,3,3,4,334,10,Need Attention,Lapsing Mid-Value,0.6951025430815376,High,100.4,69.78829532538639
12593,108,3,382.09999999999997,2011-05-05 09:29:00,2011-08-23 12:43:00,France,3,3,2,332,8,Need Attention,Dormant,0.6713633080665106,High,95.52499999999999,64.13198000305341
12594,37,14,4890.110000000001,2010-03-03 13:51:00,2011-11-02 12:20:00,Italy,4,5,5,455,14,Loyal Customers,Active High-Value,0.11926749351962275,Low,802.0550000000001,95.65908951488103
12595,504,1,281.02,2010-07-23 09:10:00,2010-07-23 09:10:00,Germany,1,1,1,111,3,Hibernating,Dormant,,Inactive (>1 yr),,
12596,51,2,450.27,2011-04-11 13:22:00,2011-10-19 13:02:00,Spain,4,2,2,422,8,Potential Loyalists,Recent Developing,0.6926481024939805,High,112.5675,77.96966527749115
12597,19,4,3195.22,2011-03-16 14:00:00,2011-11-20 13:33:00,Spain,5,3,5,535,13,Potential Loyalists,Recent Developing,0.315228198748405,Medium,798.805,251.80586130121966
12598,9,10,4192.09,2010-03-01 09:58:00,2011-11-30 12:18:00,France,5,5,5,555,15,Champions,Active High-Value,0.1982502871826003,Low,701.77,139.1261040361334
12599,29,13,2026.72,2010-05-11 10:42:00,2011-11-10 13:34:00,France,4,5,4,454,13,Loyal Customers,Active High-Value,0.22817763046488626,Low,222.145,50.688519719622164
12600,28,20,4385.85,2009-12-07 13:37:00,2011-11-11 10:29:00,Germany,4,5,5,455,14,Loyal Customers,Active High-Value,0.11383382535878436,Low,563.135,64.10381124341903
12601,189,6,573.26,2010-10-31 10:57:00,2011-06-03 10:17:00,Germany,2,4,2,242,8,At Risk,Lapsing Mid-Value,0.5226385971095397,Medium,121.765,63.639088777043106
12602,58,1,153.12,2011-10-12 11:22:00,2011-10-12 11:22:00,France,4,1,1,411,6,Promising,Dormant,0.7290337626105866,High,38.28,27.907412432733256
12603,21,1,613.1999999999999,2011-11-18 10:42:00,2011-11-18 10:42:00,Germany,4,1,3,413,8,Promising,Recent Developing,0.640447422887745,High,153.29999999999998,98.1805899286913
12604,79,2,236.18,2011-03-23 12:06:00,2011-09-21 14:08:00,France,3,2,1,321,6,About to Sleep,Dormant,0.7036828982157937,High,59.045,41.54895672515154
12605,376,3,1124.95,2010-09-07 14:21:00,2010-11-28 14:18:00,Germany,2,3,3,233,8,At Risk,Lapsing Mid-Value,,Inactive (>1 yr),,
12607,60,1,1579.51,2011-10-10 16:06:00,2011-10-10 16:06:00,USA,3,1,4,314,8,About to Sleep,Recent Developing,0.6777526745092166,High,394.8775,267.6292817285132
12608,404,1,415.79,2010-10-31 10:49:00,2010-10-31 10:49:00,United Kingdom,2,1,2,212,5,Hibernating,Dormant,,Inactive (>1 yr),,
12609,78,9,3021.86,2009-12-20 13:30:00,2011-09-22 16:34:00,Germany,3,5,5,355,13,Loyal Customers,Lapsing Mid-Value,0.34164581791192433,Medium,241.2125,82.40924185308005
12610,22,4,1747.54,2011-08-05 13:52:00,2011-11-17 09:34:00,Italy,4,3,4,434,11,Potential Loyalists,Recent Developing,0.33230842227411267,Medium,436.885,145.18056506522572
12611,52,1,1193.32,2011-10-18 13:12:00,2011-10-18 13:12:00,Italy,4,1,3,413,8,Promising,Recent Developing,0.6169995924119553,High,298.33,184.06948840425864
12612,74,1,668.0400000000001,2011-09-26 15:35:00,2011-09-26 15:35:00,Germany,3,1,3,313,7,About to Sleep,Recent Developing,0.6948321449226452,High,167.01000000000002,116.043916523531
12613,57,9,6277.37,2009-12-14 13:10:00,2011-10-13 14:59:00,Germany,4,5,5,455,14,Loyal Customers,Active High-Value,0.28338573732967104,Low,773.095,219.08409660088205
12614,277,1,315.6,2011-03-07 10:22:00,2011-03-07 10:22:00,Germany,2,1,2,212,5,Hibernating,Dormant,0.8101401286672614,High,78.9,63.92005615184693
12615,2,8,5362.98,2010-03-18 14:09:00,2011-12-07 15:02:00,France,5,4,5,545,14,Champions,Active High-Value,0.34967580814801863,Medium,523.2975,182.98447621433777
12616,95,3,1023.1,2010-11-16 11:38:00,2011-09-05 15:17:00,France,3,3,3,333,9,Need Attention,Lapsing Mid-Value,0.6354592865754303,High,160.325,101.88001012020585
12617,29,1,352.98,2011-11-10 14:39:00,2011-11-10 14:39:00,France,4,1,2,412,7,Promising,Recent Developing,0.6321046516142986,High,88.245,55.780074981703784
12618,21,1,137.31,2011-11-18 11:10:00,2011-11-18 11:10:00,Italy,4,1,1,411,6,Promising,Recent Developing,0.6687788543618421,High,34.3275,22.957506123106135
12619,16,9,3085.7,2010-05-28 12:52:00,2011-11-23 14:52:00,Germany,5,5,5,555,15,Champions,Active High-Value,0.17323863829719724,Low,736.39,127.57120085567307
12620,14,3,1303.41,2011-05-19 12:10:00,2011-11-25 10:20:00,France,5,3,4,534,12,Potential Loyalists,Recent Developing,0.45076234959811345,Medium,325.8525,146.88203852241926
12621,1,35,22097.2,2010-02-09 12:01:00,2011-12-08 11:25:00,Germany,5,5,5,555,15,Champions,Active High-Value,0.036198282999646954,Low,2995.765,108.44154927043735
12622,232,1,162.1,2011-04-21 16:39:00,2011-04-21 16:39:00,Germany,2,1,1,211,4,Hibernating,Dormant,0.8301338856358023,High,40.525,33.64117571539089
12623,276,7,3315.84,2010-01-12 11:45:00,2011-03-08 13:50:00,Germany,2,4,5,245,11,At Risk,Lapsing Mid-Value,0.6998881369965294,High,67.275,47.08497441644152
12624,106,2,569.13,2011-06-15 12:34:00,2011-08-25 15:04:00,France,3,2,2,322,7,About to Sleep,Dormant,0.6247484738712565,High,142.2825,88.89077473358705
12625,211,4,4678.88,2010-04-22 11:33:00,2011-05-12 09:54:00,Germany,2,3,5,235,10,At Risk,Lapsing Mid-Value,0.5239782199017499,Medium,603.455,316.1972766908105
12626,23,9,5954.48,2011-01-17 11:01:00,2011-11-16 16:06:00,Germany,4,5,5,455,14,Loyal Customers,Active High-Value,0.147134272800644,Low,1488.62,219.02702117649466
12627,10,6,4082.53,2011-07-22 13:59:00,2011-11-29 12:07:00,Germany,5,4,5,545,14,Champions,Active High-Value,0.185306261747791,Low,1020.6325,189.1295931933023
12628,4,3,732.46,2011-10-06 09:28:00,2011-12-05 13:15:00,Germany,5,3,3,533,11,Potential Loyalists,Recent Developing,0.3726042444270043,Medium,183.115,68.2294262182509
12629,385,2,1198.22,2010-10-12 16:40:00,2010-11-19 09:18:00,Sweden,2,2,3,223,7,Hibernating,Lapsing Mid-Value,,Inactive (>1 yr),,
12630,9,2,1030.88,2011-10-27 10:41:00,2011-11-30 10:48:00,Finland,5,2,3,523,10,Potential Loyalists,Recent Developing,0.4633959566226742,Medium,257.72,119.4264059407956
12631,57,6,3321.57,2010-01-15 14:50:00,2011-10-13 13:53:00,Finland,4,4,5,445,13,Loyal Customers,Lapsing Mid-Value,0.595588263905745,Medium,120.125,71.54504020167762
12632,520,2,714.88,2010-05-24 09:07:00,2010-07-07 09:39:00,Germany,1,2,3,123,6,Hibernating,Dormant,,Inactive (>1 yr),,
12633,58,7,5156.16,2010-07-02 11:44:00,2011-10-12 11:40:00,Germany,4,4,5,445,13,Loyal Customers,Lapsing Mid-Value,0.3035038353175811,Medium,482.495,146.4390830215563
12634,548,1,360.0,2010-06-09 15:41:00,2010-06-09 15:41:00,USA,1,1,2,112,4,Hibernating,Dormant,,Inactive (>1 yr),,
12635,89,4,2624.41,2010-09-09 10:50:00,2011-09-11 11:04:00,Germany,3,3,4,334,10,Need Attention,Lapsing Mid-Value,0.4798372847566701,Medium,377.295,181.04020835226785
12637,67,12,8085.8099999999995,2010-06-14 13:36:00,2011-10-03 13:46:00,France,3,5,5,355,13,Loyal Customers,Active High-Value,0.18934031060422643,Low,1451.225,274.7753922566185
12638,33,2,681.49,2010-03-10 10:30:00,2011-11-06 13:11:00,Sweden,4,2,3,423,9,Potential Loyalists,Recent Developing,0.8460869206220791,High,127.9225,108.23355410327791
12639,238,3,1072.37,2010-03-22 09:05:00,2011-04-15 12:48:00,Sweden,2,3,3,233,8,At Risk,Lapsing Mid-Value,0.7273731619939175,High,91.525,66.57282865149331
12640,23,3,994.58,2011-09-19 12:01:00,2011-11-16 11:52:00,France,4,3,3,433,10,Potential Loyalists,Recent Developing,0.40334286228345995,Medium,248.645,100.2891859924709
12641,115,1,145.9,2011-08-16 13:26:00,2011-08-16 13:26:00,Sweden,3,1,1,311,5,About to Sleep,Dormant,0.8007837813967145,High,36.475,29.20858842644516
12642,25,3,905.26,2011-08-24 09:23:00,2011-11-14 15:03:00,Germany,4,3,3,433,10,Potential Loyalists,Recent Developing,0.38830163967278647,Medium,226.315,87.87848558254667
12643,128,11,7803.82,2010-04-07 14:16:00,2011-08-03 12:56:00,France,3,5,5,355,13,Loyal Customers,Lapsing Mid-Value,0.37277411703384555,Medium,760.41,283.4611663337065
12644,129,4,1900.49,2010-01-14 13:02:00,2011-08-02 10:33:00,Germany,3,3,4,334,10,Need Attention,Lapsing Mid-Value,0.6665517374357899,High,119.4775,79.6379352094846
12645,33,8,3215.3,2010-02-09 10:49:00,2011-11-06 12:38:00,Germany,4,4,5,445,13,Loyal Customers,Active High-Value,0.29747324691933075,Low,407.795,121.30810272746848
12646,4,2,1346.97,2011-10-21 12:52:00,2011-12-05 10:14:00,USA,5,2,4,524,11,Potential Loyalists,Recent Developing,0.5254603345651857,Medium,336.7425,176.94482671231705
12647,22,35,14109.55,2010-01-13 15:06:00,2011-11-17 12:56:00,Germany,4,5,5,455,14,Loyal Customers,Active High-Value,0.10130627224468271,Low,585.005,59.264675794500604
12648,154,4,1039.0,2010-01-07 18:38:00,2011-07-08 11:55:00,Germany,3,3,3,333,9,Need Attention,Lapsing Mid-Value,0.6992816996279114,High,75.0125,52.45486849333871
12649,107,8,2096.65,2010-01-12 17:24:00,2011-08-24 14:41:00,Germany,3,4,4,344,11,Loyal Customers,Lapsing Mid-Value,0.5235909696203633,Medium,142.3775,74.54757327712328
12650,3,1,242.44000000000003,2011-12-06 16:34:00,2011-12-06 16:34:00,France,5,1,1,511,7,New Customers,Recent Developing,0.5021307166120034,Medium,60.61000000000001,30.434142733853527
12651,334,4,377.75,2010-08-31 15:21:00,2011-01-09 12:46:00,France,2,3,2,232,7,At Risk,Dormant,0.7894773373249436,High,28.5,22.500104113760894
12652,331,2,891.03,2010-10-01 15:16:00,2011-01-12 15:00:00,France,2,2,3,223,7,Hibernating,Dormant,0.6949921881401904,High,198.495,137.9524743848871
12653,148,3,4160.83,2010-07-01 09:56:00,2011-07-14 10:41:00,Israel,3,3,5,335,11,Need Attention,Lapsing Mid-Value,0.5764736515769068,Medium,552.4625,318.48007473430687
12654,10,5,529.98,2011-02-17 13:16:00,2011-11-29 10:10:00,Germany,5,4,2,542,11,Champions,Recent Developing,0.47174785935919067,Medium,132.495,62.50423262579597
12655,423,1,243.35000000000002,2010-10-12 09:17:00,2010-10-12 09:17:00,France,1,1,1,111,3,Hibernating,Dormant,,Inactive (>1 yr),,
12656,17,8,5723.83,2010-05-26 09:00:00,2011-11-22 13:42:00,France,5,4,5,545,14,Champions,Active High-Value,0.20616769059265547,Low,904.7925,186.53898019055524
12657,11,4,1427.18,2011-09-22 11:40:00,2011-11-28 15:47:00,France,5,3,4,534,12,Potential Loyalists,Recent Developing,0.29606756469152856,Low,356.795,105.63542674411394
12658,18,1,632.05,2011-11-21 10:22:00,2011-11-21 10:22:00,Germany,5,1,3,513,9,New Customers,Recent Developing,0.5748557391051339,Medium,158.0125,90.83439247534996
12659,29,1,73.68,2011-11-10 11:53:00,2011-11-10 11:53:00,France,4,1,1,411,6,Promising,Recent Developing,0.7250978834018849,High,18.42,13.356303012262721
12660,11,1,227.1,2011-11-28 13:26:00,2011-11-28 13:26:00,France,5,1,1,511,7,New Customers,Recent Developing,0.6005596646464431,High,56.775,34.0967749603018
12661,436,1,162.0,2010-09-29 16:46:00,2010-09-29 16:46:00,Sweden,1,1,1,111,3,Hibernating,Dormant,,Inactive (>1 yr),,
12662,0,20,6130.54,2010-04-01 09:50:00,2011-12-09 11:59:00,Germany,5,5,5,555,15,Champions,Active High-Value,0.10428918667364144,Low,825.075,86.04640069475471
12663,624,2,185.4,2010-02-09 14:28:00,2010-03-25 09:40:00,Germany,1,2,1,121,4,Hibernating,Dormant,,Inactive (>1 yr),,
12664,8,11,5420.04,2009-12-13 10:28:00,2011-12-01 17:07:00,Finland,5,5,5,555,15,Champions,Active High-Value,0.14626746220329512,Low,1097.97,160.59728547535195
12665,324,3,259.6,2010-02-08 15:11:00,2011-01-19 08:34:00,Germany,2,3,1,231,6,At Risk,Dormant,0.8479567581307051,High,11.25,9.539513528970433
12666,394,1,1248.42,2010-11-10 16:40:00,2010-11-10 16:40:00,Israel,2,1,4,214,7,Hibernating,Dormant,,Inactive (>1 yr),,
12667,58,1,460.13,2011-10-12 17:00:00,2011-10-12 17:00:00,Finland,4,1,2,412,7,Promising,Recent Developing,0.6745779384706212,High,115.0325,77.59838670712173
12668,11,9,9906.03,2010-01-31 15:45:00,2011-11-28 10:56:00,Germany,5,5,5,555,15,Champions,Active High-Value,0.27107465129328034,Low,794.2875,215.3112070891114
12669,150,2,1427.73,2011-03-28 10:15:00,2011-07-12 09:54:00,France,3,2,4,324,9,About to Sleep,Lapsing Mid-Value,0.5871435270299098,Medium,356.9325,209.5706069616033
12670,10,7,3436.29,2010-02-11 10:13:00,2011-11-29 15:23:00,France,5,4,5,545,14,Champions,Active High-Value,0.3208954779450571,Medium,686.0125,220.13830906378348
12671,606,1,2622.48,2010-04-12 16:30:00,2010-04-12 16:30:00,Germany,1,1,4,114,6,Hibernating,Lapsing Mid-Value,,Inactive (>1 yr),,
12672,329,2,407.05,2010-04-23 09:57:00,2011-01-14 09:20:00,France,2,2,2,222,6,Hibernating,Dormant,0.8013095740363904,High,56.474999999999994,45.25395819370514
12673,5,3,1140.02,2010-11-03 10:46:00,2011-12-04 13:55:00,Germany,5,3,3,533,11,Potential Loyalists,Recent Developing,0.7426780637906425,High,143.63,106.67085030224997
12674,38,4,1844.6,2011-05-16 09:10:00,2011-11-01 12:12:00,France,4,3,4,434,11,Potential Loyalists,Lapsing Mid-Value,0.36526094256281755,Medium,461.15,168.4400836628433
12675,553,2,873.25,2010-05-10 16:44:00,2010-06-04 09:49:00,Italy,1,2,3,123,6,Hibernating,Dormant,,Inactive (>1 yr),,
12676,24,10,2333.09,2010-08-13 13:29:00,2011-11-15 12:25:00,Sweden,4,5,4,454,13,Loyal Customers,Active High-Value,0.23272335441335246,Low,272.8475,63.49798544329719
12677,555,2,359.1,2010-02-11 13:55:00,2010-06-02 14:30:00,France,1,2,2,122,5,Hibernating,Dormant,,Inactive (>1 yr),,
12678,42,15,32595.18,2010-01-07 16:46:00,2011-10-28 13:04:00,France,4,5,5,455,14,Loyal Customers,Active High-Value,0.08508188185959213,Low,4082.865,347.3778375786636
12679,58,4,951.02,2011-03-01 12:26:00,2011-10-12 12:30:00,France,4,3,3,433,10,Potential Loyalists,Lapsing Mid-Value,0.36616221758723105,Medium,237.755,87.05689804245212
12680,0,4,790.81,2011-08-18 15:44:00,2011-12-09 12:50:00,France,5,3,3,533,11,Potential Loyalists,Recent Developing,0.4853228919496486,Medium,197.7025,95.9495490456754
12681,14,44,26936.76,2009-12-13 13:31:00,2011-11-25 11:33:00,France,5,5,5,555,15,Champions,Active High-Value,0.030833204964115988,Low,2851.005,87.9056215187195
12682,3,51,20736.22,2009-12-01 09:28:00,2011-12-06 10:00:00,France,5,5,5,555,15,Champions,Active High-Value,0.017393691353038122,Low,2517.6325,43.790922645377755
12683,4,20,10445.7,2009-12-13 15:01:00,2011-12-05 16:28:00,France,5,5,5,555,15,Champions,Active High-Value,0.10511312892123931,Low,1664.3725,174.94740116546535
12684,7,6,2073.63,2011-05-10 12:55:00,2011-12-02 09:53:00,France,5,4,4,544,13,Champions,Recent Developing,0.22511078505262136,Low,518.4075,116.6991193021668
12685,28,6,2575.08,2011-09-07 10:28:00,2011-11-11 13:46:00,France,4,4,4,444,12,Loyal Customers,Lapsing Mid-Value,0.26336777356637764,Low,643.77,169.54827158882694
12686,371,1,71.14,2010-12-03 09:51:00,2010-12-03 09:51:00,France,2,1,1,211,4,Hibernating,Dormant,,Inactive (>1 yr),,
12687,480,1,1858.91,2010-08-16 12:12:00,2010-08-16 12:12:00,Sweden,1,1,4,114,6,Hibernating,Dormant,,Inactive (>1 yr),,
12688,113,1,4873.8099999999995,2011-08-18 08:49:00,2011-08-18 08:49:00,Israel,3,1,5,315,9,About to Sleep,Lapsing Mid-Value,0.601600798620864,High,1218.4524999999999,733.0219970815882
12689,25,2,1139.61,2011-08-04 10:04:00,2011-11-14 08:31:00,France,4,2,3,423,9,Potential Loyalists,Recent Developing,0.5986682799501809,Medium,284.9025,170.5620896285064
12690,205,1,335.01,2011-05-18 09:09:00,2011-05-18 09:09:00,France,2,1,2,212,5,Hibernating,Dormant,0.7961317724948215,High,83.7525,66.67802627587254
12691,28,6,1044.4,2010-10-15 12:00:00,2011-11-11 16:49:00,France,4,4,3,443,11,Loyal Customers,Recent Developing,0.305644444667992,Medium,231.95,70.89422894074075
12692,637,1,110.95,2010-03-12 14:02:00,2010-03-12 14:02:00,France,1,1,1,111,3,Hibernating,Dormant,,Inactive (>1 yr),,
12693,127,7,1415.02,2010-07-05 13:56:00,2011-08-04 17:51:00,Germany,3,4,4,344,11,Loyal Customers,Lapsing Mid-Value,0.44680026717676014,Medium,177.9775,79.52039455145183
12694,70,3,1663.35,2010-10-14 19:39:00,2011-09-30 13:06:00,France,3,3,4,334,10,Need Attention,Lapsing Mid-Value,0.6039181273943098,High,190.4175,114.99658002310599
12695,7,7,1371.1200000000001,2010-02-12 13:22:00,2011-12-02 13:22:00,France,5,4,4,544,13,Champions,Recent Developing,0.40913018678049023,Medium,145.525,59.53867043123084
12696,434,2,731.91,2010-07-19 10:02:00,2010-10-01 10:43:00,Finland,1,2,3,123,6,Hibernating,Dormant,,Inactive (>1 yr),,
12697,28,3,757.59,2011-06-23 15:44:00,2011-11-11 08:47:00,Sweden,4,3,3,433,10,Potential Loyalists,Recent Developing,0.4833637947549596,Medium,189.3975,91.54789431710246
12698,590,1,285.75,2010-04-28 15:51:00,2010-04-28 15:51:00,Germany,1,1,2,112,4,Hibernating,Dormant,,Inactive (>1 yr),,
12699,417,1,566.11,2010-10-18 12:07:00,2010-10-18 12:07:00,Germany,1,1,2,112,4,Hibernating,Dormant,,Inactive (>1 yr),,
12700,7,4,4525.99,2011-05-08 16:10:00,2011-12-02 10:47:00,France,5,3,5,535,13,Potential Loyalists,Active High-Value,0.31174716686856063,Medium,1131.4975,352.74113994385914
12701,79,6,2248.41,2010-03-16 13:23:00,2011-09-21 10:47:00,Germany,3,4,4,344,11,Loyal Customers,Lapsing Mid-Value,0.5582441565518282,Medium,181.4275,101.28084171280682
12702,19,1,201.0,2011-11-20 10:36:00,2011-11-20 10:36:00,Germany,5,1,1,511,7,New Customers,Recent Developing,0.6456322852253068,High,50.25,32.443022332571665
12703,71,4,898.53,2010-01-24 12:05:00,2011-09-29 17:52:00,Germany,3,3,3,333,9,Need Attention,Lapsing Mid-Value,0.7317135708212844,High,66.3875,48.57663468289802
12704,7,8,1740.84,2011-06-23 10:20:00,2011-12-02 13:15:00,Finland,5,4,4,544,13,Champions,Active High-Value,0.15929478826089874,Low,435.21,69.32668479902574
12705,15,13,11114.1,2010-06-24 09:51:00,2011-11-24 13:17:00,Germany,5,5,5,555,15,Champions,Active High-Value,0.09224651811781816,Low,1595.5725,147.18600752954242
12707,291,1,603.42,2011-02-21 08:38:00,2011-02-21 08:38:00,France,2,1,3,213,6,Hibernating,Dormant,0.7842155875822466,High,150.855,118.3028424647198
12708,29,18,4559.66,2009-12-18 10:25:00,2011-11-10 09:52:00,Germany,4,5,5,455,14,Loyal Customers,Active High-Value,0.09937494647731211,Low,566.1175,56.257896262369734
12709,15,32,29487.18,2009-12-09 13:49:00,2011-11-24 15:38:00,Germany,5,5,5,555,15,Champions,Active High-Value,0.05189768226925674,Low,2250.955,116.8193473923948
12710,96,3,1023.02,2011-05-22 14:05:00,2011-09-04 12:00:00,Germany,3,3,3,333,9,Need Attention,Lapsing Mid-Value,0.5057202419224416,Medium,255.755,129.34048047287405
12711,611,2,1213.05,2010-02-01 11:30:00,2010-04-07 11:59:00,Germany,1,2,4,124,7,Hibernating,Dormant,,Inactive (>1 yr),,
12712,28,21,5985.03,2009-12-09 10:46:00,2011-11-11 08:19:00,Germany,4,5,5,455,14,Loyal Customers,Active High-Value,0.08690214339491224,Low,877.875,76.28921913280858
12713,0,1,794.55,2011-12-09 12:16:00,2011-12-09 12:16:00,Germany,5,1,3,513,9,New Customers,Recent Developing,0.17426026124632804,Low,198.6375,34.61462264331748
12714,9,12,12815.710000000001,2009-12-04 10:00:00,2011-11-30 15:43:00,France,5,5,5,555,15,Champions,Active High-Value,0.19034132877296095,Low,1073.715,204.37233982345975
12715,106,1,263.36,2011-08-25 15:22:00,2011-08-25 15:22:00,Sweden,3,1,1,311,5,About to Sleep,Dormant,0.7658708959926498,High,65.84,50.42493979215607
12716,3,2,963.49,2011-07-29 13:28:00,2011-12-06 08:55:00,France,5,2,3,523,10,Potential Loyalists,Recent Developing,0.7373494210420536,High,240.8725,177.60719841995206
12717,151,3,1058.91,2010-04-28 14:34:00,2011-07-11 14:47:00,Greece,3,3,3,333,9,Need Attention,Lapsing Mid-Value,0.6252623784801091,High,207.745,129.8951328173503
12718,71,1,202.25,2011-09-29 16:38:00,2011-09-29 16:38:00,France,3,1,1,311,5,About to Sleep,Dormant,0.7265254575547968,High,50.5625,36.73494344761441
12719,5,2,572.95,2011-10-05 14:50:00,2011-12-04 13:45:00,France,5,2,2,522,9,Potential Loyalists,Recent Developing,0.6037515341840013,High,143.2375,86.4798603776809
12720,2,29,6905.28,2010-07-21 09:46:00,2011-12-07 08:03:00,Germany,5,5,5,555,15,Champions,Active High-Value,0.03631011168131349,Low,1178.585,42.794552975920865
12721,31,8,3635.08,2010-08-25 11:07:00,2011-11-08 12:13:00,France,4,4,5,445,13,Loyal Customers,Active High-Value,0.19508531446963331,Low,596.5325,116.37473035385653
12722,85,4,979.63,2011-07-12 11:55:00,2011-09-15 14:50:00,France,3,3,3,333,9,Need Attention,Lapsing Mid-Value,0.48593197789486525,Medium,244.9075,119.00838587628671
12723,3,5,707.07,2011-10-05 15:52:00,2011-12-06 10:19:00,France,5,4,3,543,12,Champions,Recent Developing,0.24802373091018814,Low,176.7675,43.842534853666685
12724,5,7,2083.52,2010-06-22 14:00:00,2011-12-04 16:02:00,France,5,4,4,544,13,Champions,Active High-Value,0.3690379684898981,Medium,230.8525,85.1933376208142
12725,371,3,1906.76,2010-05-04 13:59:00,2010-12-03 15:45:00,Italy,2,3,4,234,9,At Risk,Lapsing Mid-Value,,Inactive (>1 yr),,
12726,28,11,3690.6,2010-03-25 16:25:00,2011-11-11 13:35:00,France,4,5,5,455,14,Loyal Customers,Active High-Value,0.1618215747533852,Low,602.775,97.54199972197176
12727,10,10,4905.53,2010-02-23 09:54:00,2011-11-29 11:46:00,France,5,5,5,555,15,Champions,Active High-Value,0.2181423507720282,Low,860.175,187.64059657532934
12728,71,5,926.17,2010-11-21 11:34:00,2011-09-29 15:31:00,France,3,4,3,343,10,Loyal Customers,Lapsing Mid-Value,0.4093318813116714,Medium,182.0825,74.53217227893242
12729,113,1,417.01,2011-08-18 11:40:00,2011-08-18 11:40:00,France,3,1,2,312,6,About to Sleep,Dormant,0.7477643931003908,High,104.2525,77.95630739169849
12730,521,1,703.25,2010-07-06 12:19:00,2010-07-06 12:19:00,Germany,1,1,3,113,5,Hibernating,Dormant,,Inactive (>1 yr),,
12731,23,17,25631.71,2010-03-02 09:23:00,2011-11-16 11:59:00,France,4,5,5,455,14,Loyal Customers,Active High-Value,0.056205382064329595,Low,4687.9775,263.4895664964807
12732,179,1,218.26000000000002,2011-06-13 11:33:00,2011-06-13 11:33:00,France,3,1,1,311,5,About to Sleep,Dormant,0.8073392313518877,High,54.565000000000005,44.052465158715755
12733,234,4,2424.02,2010-01-19 13:23:00,2011-04-19 16:19:00,USA,2,3,4,234,9,At Risk,Lapsing Mid-Value,0.7063132556064381,High,95.9875,67.79724362252297
12734,352,3,603.65,2010-11-12 13:26:00,2010-12-22 12:47:00,France,2,3,3,233,8,At Risk,Dormant,0.8767944831731007,High,27.599999999999998,24.19952773557758
12735,315,2,689.5699999999999,2011-01-06 14:26:00,2011-01-28 13:37:00,France,2,2,3,223,7,Hibernating,Dormant,0.7718067470981081,High,172.39249999999998,133.0536946491106
12736,332,1,144.0,2011-01-11 07:57:00,2011-01-11 07:57:00,France,2,1,1,211,4,Hibernating,Dormant,0.8587927508143797,High,36.0,30.91653902931767
12738,372,1,137.35,2010-12-02 18:27:00,2010-12-02 18:27:00,Germany,2,1,1,211,4,Hibernating,Dormant,,Inactive (>1 yr),,
12739,99,2,2421.23,2010-11-10 14:27:00,2011-09-01 17:45:00,United Arab Emirates,3,2,4,324,9,About to Sleep,Lapsing Mid-Value,0.7457661672581957,High,243.885,181.88118170176503
12740,63,1,427.6,2011-10-07 10:44:00,2011-10-07 10:44:00,France,3,1,2,312,6,About to Sleep,Recent Developing,0.6857928455497895,High,106.9,73.3112551892725
12741,533,1,236.07,2010-06-24 16:24:00,2010-06-24 16:24:00,USA,1,1,1,111,3,Hibernating,Dormant,,Inactive (>1 yr),,
12742,625,1,1201.52,2010-03-24 12:43:00,2010-03-24 12:43:00,United Arab Emirates,1,1,4,114,6,Hibernating,Dormant,,Inactive (>1 yr),,
12743,134,2,540.13,2011-07-28 16:06:00,2011-07-28 16:21:00,Unspecified,3,2,2,322,7,About to Sleep,Dormant,0.7402931323127447,High,135.0325,99.9636323890207
12744,56,8,13158.16,2010-04-27 16:19:00,2011-10-14 14:54:00,Singapore,4,4,5,445,13,Loyal Customers,Active High-Value,0.2627088904604073,Low,2280.0975,599.0018843665484
12745,486,2,723.85,2010-05-14 16:50:00,2010-08-10 10:14:00,United Kingdom,1,2,3,123,6,Hibernating,Dormant,,Inactive (>1 yr),,
12746,540,1,254.55,2010-06-17 10:41:00,2010-06-17 10:41:00,United Kingdom,1,1,1,111,3,Hibernating,Dormant,,Inactive (>1 yr),,
12747,2,26,8898.48,2009-12-07 13:23:00,2011-12-07 14:34:00,United Kingdom,5,5,5,555,15,Champions,Active High-Value,0.10087667895963617,Low,959.3625,96.77730291841395
12748,0,322,49173.79,2009-12-04 17:31:00,2011-12-09 12:20:00,United Kingdom,5,5,5,555,15,Champions,Active High-Value,0.0025997359752270906,Low,7430.39,19.317052192967623
12749,3,9,6847.36,2010-07-06 15:05:00,2011-12-06 09:56:00,United Kingdom,5,5,5,555,15,Champions,Active High-Value,0.2939968162860053,Low,1010.22,297.0014637484483
12750,128,1,275.88,2011-08-03 09:13:00,2011-08-03 09:13:00,Poland,3,1,1,311,5,About to Sleep,Dormant,0.7777823912114978,High,68.97,53.643651521857
12751,444,1,268.27,2010-09-21 12:49:00,2010-09-21 12:49:00,Brazil,1,1,1,111,3,Hibernating,Dormant,,Inactive (>1 yr),,
12752,81,1,4366.78,2011-09-19 13:32:00,2011-09-19 13:32:00,Norway,3,1,5,315,9,About to Sleep,Lapsing Mid-Value,0.6010414187304809,High,1091.695,656.1539116209723
12753,22,6,21429.39,2010-12-12 11:44:00,2011-11-17 10:52:00,Japan,4,4,5,445,13,Loyal Customers,Active High-Value,0.1960344938477547,Low,5357.3475,1050.224905529034
12754,235,3,3010.74,2011-02-04 10:31:00,2011-04-18 09:00:00,Japan,2,3,5,235,10,At Risk,Lapsing Mid-Value,0.5290084958562846,Medium,752.685,398.17675970358755
12755,280,11,5236.259999999999,2010-01-15 11:57:00,2011-03-04 12:42:00,Japan,2,5,5,255,12,Can't Lose Them,Lapsing Mid-Value,0.9258789177832397,High,4.387499999999999,4.0622937517739635
12756,86,1,112.07999999999998,2011-09-14 09:31:00,2011-09-14 09:31:00,Japan,3,1,1,311,5,About to Sleep,Dormant,0.7759565952724612,High,28.019999999999996,21.74230379953436
12757,15,9,4176.75,2011-05-12 19:01:00,2011-11-24 12:30:00,Portugal,5,5,5,555,15,Champions,Active High-Value,0.12574126678584888,Low,1044.1875,131.29745901194858
12758,116,7,9903.24,2009-12-01 14:40:00,2011-08-15 10:22:00,Portugal,3,4,5,345,12,Loyal Customers,Lapsing Mid-Value,0.4069398681314413,Medium,697.8975,284.00231661926256
12759,52,8,4618.74,2009-12-04 10:47:00,2011-10-18 14:49:00,Netherlands,4,4,5,445,13,Loyal Customers,Lapsing Mid-Value,0.33315018310903133,Medium,352.86,117.5553736118528
12760,455,1,317.8,2010-09-10 08:50:00,2010-09-10 08:50:00,Netherlands,1,1,2,112,4,Hibernating,Dormant,,Inactive (>1 yr),,
12761,464,1,712.95,2010-09-01 10:47:00,2010-09-01 10:47:00,Netherlands,1,1,3,113,5,Hibernating,Dormant,,Inactive (>1 yr),,
12762,7,2,1702.52,2011-11-14 14:23:00,2011-12-02 10:23:00,Portugal,5,2,4,524,11,Potential Loyalists,Recent Developing,0.37121786457447303,Medium,425.63,158.00145969883295
12763,138,2,494.08,2010-12-05 15:46:00,2011-07-24 14:12:00,Japan,3,2,2,322,7,About to Sleep,Dormant,0.8107097921014628,High,43.5,35.26587595641363
12764,316,1,1693.88,2011-01-27 10:19:00,2011-01-27 10:19:00,Lebanon,2,1,4,214,7,Hibernating,Dormant,0.7449091985681944,High,423.47,315.4466983176733
12765,472,6,1299.58,2010-03-08 09:43:00,2010-08-24 13:51:00,Netherlands,1,4,4,144,9,At Risk,Lapsing Mid-Value,,Inactive (>1 yr),,
12766,3,9,8134.99,2010-10-28 09:29:00,2011-12-06 08:46:00,Portugal,5,5,5,555,15,Champions,Active High-Value,0.17651015514289783,Low,1369.085,241.6574057538143
12767,375,1,949.82,2010-11-29 09:38:00,2010-11-29 09:38:00,Korea,2,1,3,213,6,Hibernating,Dormant,,Inactive (>1 yr),,
12768,450,1,168.69000000000003,2010-09-15 12:08:00,2010-09-15 12:08:00,Korea,1,1,1,111,3,Hibernating,Dormant,,Inactive (>1 yr),,
12769,238,1,1143.6,2011-04-15 10:25:00,2011-04-15 10:25:00,Brazil,2,1,3,213,6,Hibernating,Dormant,0.7484876423211929,High,285.9,213.99261693962904
12770,210,2,3246.45,2010-09-09 11:43:00,2011-05-13 09:33:00,Japan,2,2,5,225,9,Hibernating,Lapsing Mid-Value,0.73636352702461,High,337.8625,248.7896221493523
12771,485,1,226.3,2010-08-11 11:51:00,2010-08-11 11:51:00,Portugal,1,1,1,111,3,Hibernating,Dormant,,Inactive (>1 yr),,
12772,59,1,752.47,2011-10-11 09:19:00,2011-10-11 09:19:00,Portugal,3,1,3,313,7,About to Sleep,Recent Developing,0.6480211489577808,High,188.1175,121.90411848906534
12773,564,1,124.25,2010-05-24 17:30:00,2010-05-24 17:30:00,Portugal,1,1,1,111,3,Hibernating,Dormant,,Inactive (>1 yr),,
12774,535,1,83.7,2010-06-22 10:38:00,2010-06-22 10:38:00,Netherlands,1,1,1,111,3,Hibernating,Dormant,,Inactive (>1 yr),,
12775,17,7,1551.12,2010-10-26 14:24:00,2011-11-22 16:33:00,Netherlands,5,4,4,544,13,Champions,Recent Developing,0.28777824331801816,Low,320.26,92.1638602050285
12776,667,1,27.5,2010-02-10 12:11:00,2010-02-10 12:11:00,Portugal,1,1,1,111,3,Hibernating,Dormant,,Inactive (>1 yr),,
12777,457,1,519.45,2010-09-08 11:35:00,2010-09-08 11:35:00,United Kingdom,1,1,2,112,4,Hibernating,Dormant,,Inactive (>1 yr),,
12778,19,9,1541.68,2010-04-16 09:57:00,2011-11-20 11:30:00,Netherlands,5,5,4,554,14,Champions,Active High-Value,0.2683094442583887,Low,173.3075,46.5000390108107
12779,37,14,6474.11,2009-12-03 07:25:00,2011-11-02 11:43:00,Poland,4,5,5,455,14,Loyal Customers,Active High-Value,0.15119486487444425,Low,933.3,141.11016738731882
12780,598,1,322.4,2010-04-20 09:40:00,2010-04-20 09:40:00,Netherlands,1,1,2,112,4,Hibernating,Dormant,,Inactive (>1 yr),,
12781,63,2,786.74,2011-02-28 08:43:00,2011-10-07 10:37:00,Czech Republic,3,2,3,323,8,About to Sleep,Recent Developing,0.6888368880482835,High,196.685,135.48388332577665
12782,4,11,3862.2400000000002,2010-07-08 13:31:00,2011-12-05 09:16:00,Portugal,5,5,5,555,15,Champions,Active High-Value,0.2615328394772951,Low,484.73,126.77281327982926
12783,2,4,1295.87,2011-09-25 15:35:00,2011-12-07 15:56:00,Portugal,5,3,4,534,12,Potential Loyalists,Recent Developing,0.24955984636137413,Low,323.9675,80.84927952607846
12784,15,2,1511.15,2010-06-28 13:06:00,2011-11-24 12:53:00,Portugal,5,2,4,524,11,Potential Loyalists,Recent Developing,0.8708174949666628,High,119.205,103.80579948750105
12785,364,3,904.4,2009-12-08 13:56:00,2010-12-10 13:48:00,Portugal,2,3,3,233,8,At Risk,Lapsing Mid-Value,0.7699434187707933,High,63.9875,49.26675450859614
12786,609,1,668.5,2010-04-09 12:12:00,2010-04-09 12:12:00,Netherlands,1,1,3,113,5,Hibernating,Dormant,,Inactive (>1 yr),,
12787,9,4,799.18,2010-10-22 14:57:00,2011-11-30 08:44:00,Netherlands,5,3,3,533,11,Potential Loyalists,Recent Developing,0.607824184755491,High,104.665,63.61791829743348
12788,463,4,384.9,2010-06-29 13:05:00,2010-09-02 14:21:00,Netherlands,1,3,2,132,6,At Risk,Dormant,,Inactive (>1 yr),,
12789,65,3,225.35,2010-01-15 12:06:00,2011-10-05 13:34:00,Netherlands,3,3,1,331,7,Need Attention,Recent Developing,0.8141776607655201,High,19.2125,15.642388307457555
12790,192,2,546.85,2010-10-25 13:04:00,2011-05-31 14:14:00,Netherlands,2,2,2,222,6,Hibernating,Dormant,0.771550332107771,High,73.73,56.88640598630596
12791,373,5,656.83,2010-03-25 17:29:00,2010-12-01 11:27:00,Netherlands,2,4,3,243,9,At Risk,Lapsing Mid-Value,,Inactive (>1 yr),,
12792,256,2,715.01,2010-06-23 10:49:00,2011-03-28 11:36:00,Portugal,2,2,3,223,7,Hibernating,Dormant,0.7779254247638373,High,86.13499999999999,67.00660646203312
12793,334,3,745.53,2010-11-03 13:05:00,2011-01-09 12:12:00,Portugal,2,3,3,233,8,At Risk,Lapsing Mid-Value,0.7478546840856721,High,89.42,66.87316585094081
12794,53,2,860.41,2011-09-02 12:01:00,2011-10-17 14:54:00,Portugal,4,2,3,423,9,Potential Loyalists,Recent Developing,0.5349177948817908,Medium,215.1025,115.0621549735604
12795,18,1,318.48,2011-11-21 10:27:00,2011-11-21 10:27:00,Portugal,5,1,2,512,8,New Customers,Recent Developing,0.6206786480217809,High,79.62,49.418433955494194
12796,628,1,351.0,2010-03-21 15:49:00,2010-03-21 15:49:00,Netherlands,1,1,2,112,4,Hibernating,Dormant,,Inactive (>1 yr),,
12797,365,2,468.08000000000004,2010-10-11 12:53:00,2010-12-09 10:55:00,Portugal,2,2,2,222,6,Hibernating,Dormant,,Inactive (>1 yr),,
12798,10,4,8510.93,2010-10-14 12:27:00,2011-11-29 15:52:00,Japan,5,3,5,535,13,Potential Loyalists,Active High-Value,0.42783338335756227,Medium,1744.26,746.2526572552615
12799,529,1,219.35,2010-06-28 15:57:00,2010-06-28 15:57:00,Japan,1,1,1,111,3,Hibernating,Dormant,,Inactive (>1 yr),,
12800,470,2,500.25,2010-02-01 11:02:00,2010-08-26 14:11:00,Portugal,1,2,2,122,5,Hibernating,Dormant,,Inactive (>1 yr),,
12801,500,1,871.82,2010-07-27 09:38:00,2010-07-27 09:38:00,Sweden,1,1,3,113,5,Hibernating,Dormant,,Inactive (>1 yr),,
12802,186,5,2186.42,2010-05-25 09:34:00,2011-06-06 09:36:00,Netherlands,3,4,4,344,11,Loyal Customers,Lapsing Mid-Value,0.6564008946702427,High,99.395,65.24296692574876
12803,393,1,1017.81,2010-11-11 14:57:00,2010-11-11 14:57:00,Netherlands,2,1,3,213,6,Hibernating,Dormant,,Inactive (>1 yr),,
12804,465,2,325.37,2010-07-27 13:52:00,2010-08-31 11:58:00,Netherlands,1,2,2,122,5,Hibernating,Dormant,,Inactive (>1 yr),,
12805,381,4,1230.95,2010-02-03 09:06:00,2010-11-23 12:27:00,Netherlands,2,3,4,234,9,At Risk,Lapsing Mid-Value,,Inactive (>1 yr),,
12806,572,2,2558.96,2010-04-30 10:44:00,2010-05-16 13:49:00,Netherlands,1,2,4,124,7,Hibernating,Lapsing Mid-Value,,Inactive (>1 yr),,
12807,383,1,250.35,2010-11-21 14:21:00,2010-11-21 14:21:00,Sweden,2,1,1,211,4,Hibernating,Dormant,,Inactive (>1 yr),,
12808,36,5,748.7,2010-09-03 10:24:00,2011-11-03 10:05:00,Portugal,4,4,3,443,11,Loyal Customers,Recent Developing,0.568962438784712,Medium,88.5625,50.388735984871055
12809,177,3,1384.3400000000001,2010-03-02 14:19:00,2011-06-15 10:51:00,Portugal,3,3,4,334,10,Need Attention,Lapsing Mid-Value,0.7272591164876681,High,101.3275,73.69134812590418
12810,534,2,534.99,2010-02-01 09:52:00,2010-06-23 10:53:00,Japan,1,2,2,122,5,Hibernating,Dormant,,Inactive (>1 yr),,
12811,261,4,893.9,2010-10-08 12:20:00,2011-03-23 10:55:00,Portugal,2,3,3,233,8,At Risk,Lapsing Mid-Value,0.6542447978938914,High,114.7125,75.05005637840303
12812,44,1,229.64000000000001,2011-10-26 09:54:00,2011-10-26 09:54:00,Japan,4,1,1,411,6,Promising,Recent Developing,0.6935451069676907,High,57.410000000000004,39.81642459101512
12813,501,3,1621.8,2010-01-15 16:52:00,2010-07-26 09:50:00,Netherlands,1,3,4,134,8,At Risk,Lapsing Mid-Value,,Inactive (>1 yr),,
12814,101,1,85.92,2011-08-30 12:11:00,2011-08-30 12:11:00,Poland,3,1,1,311,5,About to Sleep,Dormant,0.8301699810948336,High,21.48,17.832051193917028
12815,147,2,863.46,2011-05-25 13:34:00,2011-07-15 10:21:00,Poland,3,2,3,323,8,About to Sleep,Lapsing Mid-Value,0.6063680612238648,High,215.865,130.89364153608958
12816,95,2,452.20000000000005,2011-06-16 13:24:00,2011-09-05 12:41:00,Poland,3,2,2,322,7,About to Sleep,Dormant,0.6436200524421103,High,113.05000000000001,72.76124692858058
12817,281,3,570.98,2010-10-01 08:57:00,2011-03-03 16:28:00,Austria,2,3,2,232,7,At Risk,Dormant,0.7977671489506182,High,31.509999999999998,25.137642863433978
12818,261,1,1182.0800000000002,2011-03-23 12:06:00,2011-03-23 12:06:00,Austria,2,1,3,213,6,Hibernating,Dormant,0.7664105261760158,High,295.52000000000004,226.48963869553623
12819,458,1,540.52,2010-09-07 15:20:00,2010-09-07 15:20:00,United Kingdom,1,1,2,112,4,Hibernating,Dormant,,Inactive (>1 yr),,
12820,3,11,2689.52,2009-12-05 13:37:00,2011-12-06 15:12:00,United Kingdom,5,5,4,554,14,Champions,Active High-Value,0.286890691731221,Low,235.585,67.5871436114997
12821,214,2,220.8,2010-04-07 15:14:00,2011-05-09 15:51:00,United Kingdom,2,2,1,221,5,Hibernating,Dormant,0.8669750051808767,High,23.18,20.09648062009272
12822,70,2,948.88,2011-09-13 13:46:00,2011-09-30 10:04:00,United Kingdom,3,2,3,323,8,About to Sleep,Recent Developing,0.6176159793382755,High,237.22,146.5108626186257
12823,74,18,6501.5,2010-01-29 12:52:00,2011-09-26 07:35:00,United Kingdom,3,5,5,355,13,Loyal Customers,Active High-Value,0.379722578904944,Medium,439.875,167.03046939581225
12824,59,1,397.12,2011-10-11 12:49:00,2011-10-11 12:49:00,United Kingdom,3,1,2,312,6,About to Sleep,Recent Developing,0.7103236940264042,High,99.28,70.52093634294141
12825,521,2,518.63,2010-03-08 10:17:00,2010-07-06 13:56:00,United Kingdom,1,2,2,122,5,Hibernating,Dormant,,Inactive (>1 yr),,
12826,2,12,2800.75,2009-12-18 10:43:00,2011-12-07 10:25:00,United Kingdom,5,5,4,554,14,Champions,Active High-Value,0.27039313345034227,Low,329.93,89.21080651927143
12827,5,3,430.15000000000003,2011-10-26 15:44:00,2011-12-04 12:17:00,United Kingdom,5,3,2,532,10,Potential Loyalists,Recent Developing,0.3709920836923041,Medium,107.53750000000001,39.89556120006115
12828,2,6,1018.71,2011-08-01 16:16:00,2011-12-07 08:45:00,United Kingdom,5,4,3,543,12,Champions,Recent Developing,0.305229628934727,Medium,254.6775,77.73511882302394
12829,336,3,385.3,2010-06-07 15:04:00,2011-01-07 11:13:00,United Kingdom,2,3,2,232,7,At Risk,Dormant,0.7438612403291667,High,73.25,54.48783585411146
12830,37,6,6814.64,2011-06-21 10:53:00,2011-11-02 11:54:00,United Kingdom,4,4,5,445,13,Loyal Customers,Active High-Value,0.32870505258741795,Medium,1703.66,560.0016498910804
12831,262,3,451.11,2010-09-02 15:58:00,2011-03-22 13:02:00,United Kingdom,2,3,2,232,7,At Risk,Dormant,0.8244632521691407,High,53.7625,44.32520559474343
12832,32,2,383.03,2011-09-02 13:48:00,2011-11-07 13:30:00,United Kingdom,4,2,2,422,8,Potential Loyalists,Recent Developing,0.6234134317040566,High,95.7575,59.696511686401195
12833,145,1,417.38,2011-07-17 13:46:00,2011-07-17 13:46:00,United Kingdom,3,1,2,312,6,About to Sleep,Dormant,0.78386093980202,High,104.345,81.79196976364177
12834,282,1,312.38,2011-03-02 09:49:00,2011-03-02 09:49:00,United Kingdom,2,1,2,212,5,Hibernating,Dormant,0.8299745973229667,High,78.095,64.81686617793709
12835,427,41,5996.83,2009-12-03 12:13:00,2010-10-08 10:59:00,United Kingdom,1,5,5,155,11,Can't Lose Them,Active High-Value,,Inactive (>1 yr),,
12836,59,15,6559.7300000000005,2009-12-01 14:19:00,2011-10-11 15:10:00,United Kingdom,3,5,5,355,13,Loyal Customers,Active High-Value,0.21482373436501492,Low,652.59,140.1918208092651
12837,173,2,662.66,2010-05-19 15:10:00,2011-06-19 16:07:00,United Kingdom,3,2,3,323,8,About to Sleep,Dormant,0.8576613255149199,High,33.525,28.75309593788769
12838,33,10,2975.91,2010-04-26 09:59:00,2011-11-06 12:20:00,United Kingdom,4,5,5,455,14,Loyal Customers,Active High-Value,0.5187353652500103,Medium,70.29,36.46190882342323
12839,2,26,9669.12,2009-12-07 09:18:00,2011-12-07 12:33:00,United Kingdom,5,5,5,555,15,Champions,Active High-Value,0.06539620204685125,Low,1297.2025,84.83211678568055
12840,143,7,4041.97,2010-02-03 14:51:00,2011-07-19 09:29:00,United Kingdom,3,4,5,345,12,Loyal Customers,Lapsing Mid-Value,0.38703554352407143,Medium,681.6925,263.83922725378306
12841,4,40,6958.2,2010-07-08 15:38:00,2011-12-05 11:13:00,United Kingdom,5,5,5,555,15,Champions,Active High-Value,0.036934059465514535,Low,871.3975,32.1842470831007
12842,70,4,1917.99,2009-12-02 08:15:00,2011-09-30 15:33:00,United Kingdom,3,3,4,334,10,Need Attention,Lapsing Mid-Value,0.5927029375837612,Medium,279.7475,165.80716503171325
12843,65,28,6461.87,2009-12-13 11:41:00,2011-10-05 12:09:00,United Kingdom,3,5,5,355,13,Loyal Customers,Active High-Value,0.2514907279989044,Low,425.565,107.02565166085374
12844,29,4,648.6,2010-04-25 11:51:00,2011-11-10 13:31:00,United Kingdom,4,3,3,433,10,Potential Loyalists,Recent Developing,0.6406450443964626,High,81.49000000000001,52.206164667867746
12845,267,4,354.09,2011-02-22 14:10:00,2011-03-17 13:34:00,United Kingdom,2,3,2,232,7,At Risk,Dormant,0.81775085626508,High,88.5225,72.38935017372555
12847,22,2,1609.0,2010-11-17 12:44:00,2011-11-17 13:16:00,United Kingdom,4,2,4,424,10,Potential Loyalists,Recent Developing,0.8234977382459464,High,210.91,173.68390797345256
12848,675,1,208.0,2010-02-02 12:45:00,2010-02-02 12:45:00,United Kingdom,1,1,1,111,3,Hibernating,Dormant,,Inactive (>1 yr),,
12849,31,6,3015.98,2010-04-27 13:44:00,2011-11-08 13:41:00,United Kingdom,4,4,5,445,13,Loyal Customers,Lapsing Mid-Value,0.5118286983243505,Medium,248.1625,127.01668934791664
12850,445,1,330.0,2010-09-20 12:26:00,2010-09-20 12:26:00,United Kingdom,1,1,2,112,4,Hibernating,Dormant,,Inactive (>1 yr),,
12851,96,2,280.76,2010-08-19 15:13:00,2011-09-04 12:41:00,United Kingdom,3,2,1,321,6,About to Sleep,Dormant,0.8498808940120118,High,32.9525,28.00570015993082
12852,294,1,311.55,2011-02-18 08:47:00,2011-02-18 08:47:00,United Kingdom,2,1,2,212,5,Hibernating,Dormant,0.8347757323011732,High,77.8875,65.01859484960762
12853,134,11,3907.5,2010-02-05 11:57:00,2011-07-28 11:29:00,United Kingdom,3,5,5,355,13,Loyal Customers,Lapsing Mid-Value,0.43562642291792286,Medium,489.27500000000003,213.14111807316672
12854,78,7,2970.9700000000003,2009-12-11 12:55:00,2011-09-22 12:15:00,United Kingdom,3,4,5,345,12,Loyal Customers,Lapsing Mid-Value,0.43019578651770346,Medium,329.0625,141.56130100098179
12855,372,4,612.84,2010-11-02 18:16:00,2010-12-02 09:37:00,United Kingdom,2,3,3,233,8,At Risk,Lapsing Mid-Value,,Inactive (>1 yr),,
12856,7,6,2170.78,2011-10-07 12:38:00,2011-12-02 10:52:00,United Kingdom,5,4,4,544,13,Champions,Active High-Value,0.19448576453256067,Low,542.695,105.54645198299802
12857,210,6,3688.0,2010-01-25 15:37:00,2011-05-13 10:20:00,United Kingdom,2,4,5,245,11,At Risk,Lapsing Mid-Value,0.572213622799394,Medium,276.6,158.2742880663124
12858,383,1,147.27,2010-11-21 12:55:00,2010-11-21 12:55:00,United Kingdom,2,1,1,211,4,Hibernating,Dormant,,Inactive (>1 yr),,
12859,458,1,575.1,2010-09-07 12:20:00,2010-09-07 12:20:00,United Kingdom,1,1,2,112,4,Hibernating,Dormant,,Inactive (>1 yr),,
12860,693,1,54.22,2010-01-15 15:22:00,2010-01-15 15:22:00,United Kingdom,1,1,1,111,3,Hibernating,Dormant,,Inactive (>1 yr),,
12861,619,1,68.25,2010-03-30 11:39:00,2010-03-30 11:39:00,United Kingdom,1,1,1,111,3,Hibernating,Dormant,,Inactive (>1 yr),,
12862,425,2,984.62,2010-08-01 15:20:00,2010-10-10 11:47:00,United Kingdom,1,2,3,123,6,Hibernating,Dormant,,Inactive (>1 yr),,
12863,52,6,2792.5499999999997,2010-04-29 13:54:00,2011-10-18 14:15:00,United Kingdom,4,4,4,444,12,Loyal Customers,Lapsing Mid-Value,0.5869546920796365,Medium,130.3,76.48019637797664
12864,138,2,299.57,2010-07-19 17:22:00,2011-07-24 13:03:00,United Kingdom,3,2,2,322,7,About to Sleep,Dormant,0.8613709622933307,High,36.78,31.681223993148702
12865,26,4,3323.47,2010-08-20 12:20:00,2011-11-13 14:31:00,Austria,4,3,5,435,12,Potential Loyalists,Lapsing Mid-Value,0.514498804862436,Medium,392.0575,201.71311518735453
12866,283,3,1092.35,2010-07-25 11:37:00,2011-03-01 14:11:00,Belgium,2,3,3,233,8,At Risk,Lapsing Mid-Value,0.703066921556561,High,124.78,87.72869047182769
12867,26,13,7829.26,2009-12-16 16:25:00,2011-11-13 15:30:00,United Kingdom,4,5,5,455,14,Loyal Customers,Active High-Value,0.16042573763173135,Low,1002.335,160.80033172910146
12868,185,8,2043.76,2010-11-12 10:05:00,2011-06-07 10:42:00,United Kingdom,3,4,4,344,11,Loyal Customers,Lapsing Mid-Value,0.528632557686658,Medium,350.94,185.51830979455573
12869,681,1,337.66999999999996,2010-01-27 12:10:00,2010-01-27 12:10:00,United Kingdom,1,1,2,112,4,Hibernating,Dormant,,Inactive (>1 yr),,
12870,375,3,1676.95,2010-03-25 14:32:00,2010-11-29 13:42:00,United Kingdom,2,3,4,234,9,At Risk,Lapsing Mid-Value,,Inactive (>1 yr),,
12871,84,3,744.02,2010-09-26 10:34:00,2011-09-16 15:07:00,United Kingdom,3,3,3,333,9,Need Attention,Lapsing Mid-Value,0.6844137416932481,High,95.16,65.12881165952949
12872,326,12,3283.96,2009-12-03 20:03:00,2011-01-17 10:52:00,United Kingdom,2,5,5,255,12,Can't Lose Them,Lapsing Mid-Value,0.7133794504266276,High,55.36,39.492686375618106
12873,282,3,2027.3,2010-01-27 09:50:00,2011-03-02 14:58:00,United Kingdom,2,3,4,234,9,At Risk,Lapsing Mid-Value,0.7812926331304046,High,93.5,73.05086119769284
12874,385,2,873.42,2010-06-03 12:51:00,2010-11-19 15:23:00,Belgium,2,2,3,223,7,Hibernating,Dormant,,Inactive (>1 yr),,
12875,143,5,1356.99,2010-01-11 12:37:00,2011-07-19 15:30:00,United Kingdom,3,4,4,344,11,Loyal Customers,Lapsing Mid-Value,0.6946850544054974,High,85.80750000000002,59.60918780589974
12876,57,4,3751.79,2010-04-28 13:26:00,2011-10-13 12:26:00,Belgium,4,3,5,435,12,Potential Loyalists,Lapsing Mid-Value,0.5035361603551696,Medium,513.255,258.44245198309255
12877,3,20,2942.14,2010-01-18 10:23:00,2011-12-06 10:30:00,United Kingdom,5,5,5,555,15,Champions,Active High-Value,0.10077623477822883,Low,383.9425,38.692279521340126
12878,236,2,854.99,2011-03-18 14:02:00,2011-04-17 13:07:00,United Kingdom,2,2,3,223,7,Hibernating,Dormant,0.6687592487471863,High,213.7475,142.9456175215892
12879,44,3,573.22,2011-09-09 12:11:00,2011-10-26 12:24:00,United Kingdom,4,3,2,432,9,Potential Loyalists,Recent Developing,0.5535960535694412,Medium,143.305,79.33308245676878
12880,381,2,640.13,2010-05-14 11:57:00,2010-11-23 10:50:00,United Kingdom,2,2,3,223,7,Hibernating,Dormant,,Inactive (>1 yr),,
12881,275,1,298.0,2011-03-09 11:44:00,2011-03-09 11:44:00,United Kingdom,2,1,2,212,5,Hibernating,Dormant,0.8394611998233541,High,74.5,62.53985938683988
12882,9,2,1463.04,2011-11-06 11:22:00,2011-11-30 16:18:00,United Kingdom,5,2,4,524,11,Potential Loyalists,Recent Developing,0.5828803689095535,Medium,365.76,213.1943237323583
12883,24,4,703.47,2011-09-11 15:18:00,2011-11-15 09:32:00,United Kingdom,4,3,3,433,10,Potential Loyalists,Recent Developing,0.41546130535284737,Medium,175.8675,73.06614111914189
12884,88,1,309.05,2011-09-12 13:10:00,2011-09-12 13:10:00,United Kingdom,3,1,2,312,6,About to Sleep,Dormant,0.7610321649534811,High,77.2625,58.79924764471834
12885,63,3,1175.22,2011-08-08 11:45:00,2011-10-07 13:40:00,United Kingdom,3,3,3,333,9,Need Attention,Lapsing Mid-Value,0.49983754747077014,Medium,293.805,146.8547706346496
12886,67,2,1378.4,2011-05-04 11:21:00,2011-10-03 10:09:00,United Kingdom,3,2,4,324,9,About to Sleep,Recent Developing,0.6259913495787504,High,344.6,215.71661906483737
12887,383,1,222.4,2010-11-21 11:18:00,2010-11-21 11:18:00,United Kingdom,2,1,1,211,4,Hibernating,Dormant,,Inactive (>1 yr),,
12888,214,2,354.12,2011-03-29 14:31:00,2011-05-09 16:02:00,United Kingdom,2,2,2,222,6,Hibernating,Dormant,0.7400665106456981,High,88.53,65.51808818746365
12889,381,4,385.46000000000004,2010-07-25 14:32:00,2010-11-23 16:08:00,United Kingdom,2,3,2,232,7,At Risk,Dormant,,Inactive (>1 yr),,
12890,24,2,706.02,2010-11-17 14:05:00,2011-11-15 17:26:00,United Kingdom,4,2,3,423,9,Potential Loyalists,Recent Developing,0.836407279287208,High,94.17999999999999,78.77283756326925
12891,185,11,840.5,2010-02-18 14:32:00,2011-06-07 12:31:00,United Kingdom,3,5,3,353,11,Loyal Customers,Lapsing Mid-Value,0.6303886269405469,High,82.75,52.164658879330254
12892,396,1,263.38,2010-11-08 09:51:00,2010-11-08 09:51:00,United Kingdom,2,1,1,211,4,Hibernating,Dormant,,Inactive (>1 yr),,
12893,30,1,176.55,2011-11-09 12:34:00,2011-11-09 12:34:00,United Kingdom,4,1,1,411,6,Promising,Recent Developing,0.6936259521923138,High,44.1375,30.614915464888252
12894,575,1,157.35,2010-05-13 14:47:00,2010-05-13 14:47:00,United Kingdom,1,1,1,111,3,Hibernating,Dormant,,Inactive (>1 yr),,
12895,42,2,372.8,2011-09-14 08:35:00,2011-10-28 13:51:00,United Kingdom,4,2,2,422,8,Potential Loyalists,Recent Developing,0.5653150532743082,Medium,93.2,52.687362965165526
12897,204,4,514.25,2010-06-14 11:58:00,2011-05-19 12:13:00,United Kingdom,2,3,2,232,7,At Risk,Lapsing Mid-Value,0.719590666641782,High,54.125,38.94784483198645
12898,463,2,296.21000000000004,2010-02-18 12:36:00,2010-09-02 08:08:00,United Kingdom,1,2,2,122,5,Hibernating,Dormant,,Inactive (>1 yr),,
12899,413,1,366.4,2010-10-22 09:53:00,2010-10-22 09:53:00,United Kingdom,1,1,2,112,4,Hibernating,Dormant,,Inactive (>1 yr),,
12900,422,1,340.33,2010-10-13 15:17:00,2010-10-13 15:17:00,United Kingdom,1,1,2,112,4,Hibernating,Dormant,,Inactive (>1 yr),,
12901,8,28,17654.54,2011-03-14 10:41:00,2011-12-01 10:07:00,United Kingdom,5,5,5,555,15,Champions,Active High-Value,0.047224522902334615,Low,4413.635,208.43180714004563
12902,264,1,138.68,2011-03-20 12:06:00,2011-03-20 12:06:00,United Kingdom,2,1,1,211,4,Hibernating,Dormant,0.8557404371880584,High,34.67,29.668520957309983
12903,428,1,833.53,2010-10-07 12:39:00,2010-10-07 12:39:00,United Kingdom,1,1,3,113,5,Hibernating,Dormant,,Inactive (>1 yr),,
12904,18,2,496.06,2011-06-20 13:18:00,2011-11-21 14:34:00,United Kingdom,5,2,2,522,9,Potential Loyalists,Recent Developing,0.720774166663091,High,124.015,89.38680827872324
12905,576,2,1018.42,2010-01-26 14:06:00,2010-05-12 10:05:00,United Kingdom,1,2,3,123,6,Hibernating,Dormant,,Inactive (>1 yr),,
12906,11,5,2919.81,2011-09-22 15:03:00,2011-11-28 09:55:00,United Kingdom,5,4,5,545,14,Champions,Recent Developing,0.2963253619921916,Low,729.9525,216.30343879960526
12907,395,2,508.91,2010-08-02 14:33:00,2010-11-09 12:08:00,United Kingdom,2,2,2,222,6,Hibernating,Dormant,,Inactive (>1 yr),,
12908,176,5,1776.0,2010-03-19 15:59:00,2011-06-16 15:39:00,United Kingdom,3,4,4,344,11,Loyal Customers,Lapsing Mid-Value,0.6739884747815276,High,187.5,126.37283902153642
12909,39,8,3103.19,2010-02-24 12:14:00,2011-10-31 12:43:00,United Kingdom,4,4,5,445,13,Loyal Customers,Lapsing Mid-Value,0.27128689210191825,Low,544.6675,147.76115330392156
12910,23,13,5796.52,2010-03-28 13:10:00,2011-11-16 14:28:00,United Kingdom,4,5,5,455,14,Loyal Customers,Active High-Value,0.14688911059906007,Low,768.76,112.92247266413342
12911,551,1,1651.72,2010-06-06 12:13:00,2010-06-06 12:13:00,United Kingdom,1,1,4,114,6,Hibernating,Dormant,,Inactive (>1 yr),,
12912,2,5,1662.3,2011-10-30 11:35:00,2011-12-07 08:55:00,United Kingdom,5,4,4,544,13,Champions,Recent Developing,0.22611687954249265,Low,415.575,93.96852221587139
12913,4,13,6283.24,2009-12-01 12:18:00,2011-12-05 12:11:00,United Kingdom,5,5,5,555,15,Champions,Active High-Value,0.280983009410768,Low,516.5025,145.1284268181852
12914,400,1,223.98,2010-11-04 12:28:00,2010-11-04 12:28:00,United Kingdom,2,1,1,211,4,Hibernating,Dormant,,Inactive (>1 yr),,
12915,148,4,975.1,2010-04-29 19:36:00,2011-07-14 11:34:00,United Kingdom,3,3,3,333,9,Need Attention,Lapsing Mid-Value,0.760304559646437,High,41.0,31.172486945503916
12916,138,7,4479.73,2010-01-24 11:26:00,2011-07-24 10:35:00,United Kingdom,3,4,5,345,12,Loyal Customers,Lapsing Mid-Value,0.3862294488187458,Medium,736.2375,284.3566038246914
12917,128,6,4359.2,2009-12-09 14:22:00,2011-08-03 16:42:00,United Kingdom,3,4,5,345,12,Loyal Customers,Lapsing Mid-Value,0.6777041377984252,High,148.5,100.63906446306615
12919,8,6,1335.19,2011-06-23 09:22:00,2011-12-01 13:47:00,United Kingdom,5,4,4,544,13,Champions,Recent Developing,0.2528188282774748,Low,333.7975,84.3902928319504
12920,17,4,486.64,2009-12-14 15:58:00,2011-11-22 15:05:00,United Kingdom,5,3,2,532,10,Potential Loyalists,Recent Developing,0.8089066204577224,High,40.695,32.918454919527015
12921,9,74,35233.24,2009-12-01 13:43:00,2011-11-30 16:22:00,United Kingdom,5,5,5,555,15,Champions,Active High-Value,0.020484514936016964,Low,3974.8225,81.4223108692663
12922,161,1,405.38,2011-07-01 15:35:00,2011-07-01 15:35:00,United Kingdom,3,1,2,312,6,About to Sleep,Dormant,0.7886330315106247,High,101.345,79.92401457844426
12923,64,3,769.17,2010-05-13 14:55:00,2011-10-06 16:20:00,United Kingdom,3,3,3,333,9,Need Attention,Recent Developing,0.7783568265173436,High,42.8925,33.38567018139516
12924,88,12,2461.45,2009-12-09 12:40:00,2011-09-12 13:55:00,United Kingdom,3,5,4,354,12,Loyal Customers,Lapsing Mid-Value,0.36666965255527484,Medium,231.4375,84.86110771326142
12925,4,3,729.3299999999999,2010-04-26 10:32:00,2011-12-05 11:11:00,United Kingdom,5,3,3,533,11,Potential Loyalists,Recent Developing,0.765208950300729,High,173.5125,132.77331798905524
12926,411,4,1523.59,2009-12-14 14:35:00,2010-10-24 15:57:00,United Kingdom,1,3,4,134,8,At Risk,Lapsing Mid-Value,,Inactive (>1 yr),,
12927,394,1,197.31,2010-11-10 10:02:00,2010-11-10 10:02:00,United Kingdom,2,1,1,211,4,Hibernating,Dormant,,Inactive (>1 yr),,
12928,35,12,4304.89,2010-06-08 10:16:00,2011-11-04 14:24:00,United Kingdom,4,5,5,455,14,Loyal Customers,Active High-Value,0.23530269893754024,Low,515.6750000000001,121.33971927461609
12929,311,1,117.85,2011-02-01 12:08:00,2011-02-01 12:08:00,United Kingdom,2,1,1,211,4,Hibernating,Dormant,0.8730563055363658,High,29.4625,25.722421401865176
12930,78,2,415.8,2011-06-21 13:25:00,2011-09-22 15:18:00,United Kingdom,3,2,2,322,7,About to Sleep,Recent Developing,0.6553798545066065,High,103.95,68.12673587596176
12931,21,57,92347.34,2009-12-01 11:46:00,2011-11-18 12:39:00,United Kingdom,4,5,5,455,14,Loyal Customers,Active High-Value,0.06876557219643954,Low,10513.99,723.0005384176434
12932,539,8,1698.56,2010-02-10 08:46:00,2010-06-18 14:22:00,United Kingdom,1,4,4,144,9,At Risk,Lapsing Mid-Value,,Inactive (>1 yr),,
12933,24,8,1636.6299999999999,2009-12-10 16:39:00,2011-11-15 16:38:00,United Kingdom,4,4,4,444,12,Loyal Customers,Active High-Value,0.46652187746864926,Medium,151.8825,70.85650905463211
12934,736,1,181.65,2009-12-03 10:51:00,2009-12-03 10:51:00,United Kingdom,1,1,1,111,3,Hibernating,Dormant,,Inactive (>1 yr),,
12935,2,15,4243.86,2010-04-11 15:59:00,2011-12-07 17:25:00,United Kingdom,5,5,5,555,15,Champions,Active High-Value,0.17618014105278001,Low,540.175,95.16810769318543
12936,17,4,1063.9,2011-09-22 13:51:00,2011-11-22 17:32:00,United Kingdom,5,3,3,533,11,Potential Loyalists,Recent Developing,0.3821830757721728,Medium,265.975,101.65114357850368
12937,15,9,3097.61,2009-12-03 15:43:00,2011-11-24 15:05:00,United Kingdom,5,5,5,555,15,Champions,Active High-Value,0.30650563948165327,Medium,376.0675,115.26680957576664
12938,25,1,114.14,2011-11-14 11:21:00,2011-11-14 11:21:00,United Kingdom,4,1,1,411,6,Promising,Recent Developing,0.7139032489191697,High,28.535,20.371229207908506
12939,64,20,25264.8,2010-01-12 11:27:00,2011-10-06 14:33:00,United Kingdom,3,5,5,355,13,Loyal Customers,Active High-Value,0.13079410199554048,Low,2895.45,378.7077826229877
12940,54,2,899.69,2011-09-13 10:16:00,2011-10-16 12:09:00,United Kingdom,4,2,3,423,9,Potential Loyalists,Recent Developing,0.4909746287915577,Medium,224.9225,110.43124094436914
12941,724,1,377.49,2009-12-15 13:12:00,2009-12-15 13:12:00,United Kingdom,1,1,2,112,4,Hibernating,Dormant,,Inactive (>1 yr),,
12942,131,3,675.6,2010-12-09 09:34:00,2011-07-31 14:39:00,United Kingdom,3,3,3,333,9,Need Attention,Lapsing Mid-Value,0.6585764980352524,High,104.2125,68.63190330149875
12943,558,2,496.5,2010-04-13 11:03:00,2010-05-30 13:52:00,United Kingdom,1,2,2,122,5,Hibernating,Dormant,,Inactive (>1 yr),,
12944,35,2,604.51,2010-12-20 10:41:00,2011-11-04 11:04:00,United Kingdom,4,2,3,423,9,Potential Loyalists,Recent Developing,0.7733193133041931,High,151.1275,116.86981452137944
12945,288,2,900.11,2010-02-21 15:18:00,2011-02-24 14:15:00,United Kingdom,2,2,3,223,7,Hibernating,Dormant,0.7970656001936639,High,115.7375,92.25037990241417
12946,436,1,324.45,2010-09-29 10:14:00,2010-09-29 10:14:00,United Kingdom,1,1,2,112,4,Hibernating,Dormant,,Inactive (>1 yr),,
12947,143,6,1603.99,2010-12-01 16:21:00,2011-07-19 10:06:00,United Kingdom,3,4,4,344,11,Loyal Customers,Lapsing Mid-Value,0.4998979555995726,Medium,324.9875,162.46058684541612
12948,16,9,2317.43,2009-12-02 12:28:00,2011-11-23 17:10:00,United Kingdom,5,5,4,554,14,Champions,Active High-Value,0.26858713842826476,Low,516.2375,138.65475287436132
12949,30,22,15526.7,2009-12-03 15:56:00,2011-11-09 11:25:00,United Kingdom,4,5,5,455,14,Loyal Customers,Active High-Value,0.1782908615554079,Low,1041.805,185.74431102273175
12950,2,3,1843.0,2011-11-15 13:48:00,2011-12-07 13:17:00,United Kingdom,5,3,4,534,12,Potential Loyalists,Recent Developing,0.3516278226318595,Medium,460.75,162.01251927762925
12951,8,15,3213.7200000000003,2010-01-10 12:43:00,2011-12-01 12:14:00,United Kingdom,5,5,5,555,15,Champions,Active High-Value,0.23560005514050666,Low,266.0175,62.673737668339726
12952,5,4,1387.79,2011-09-22 16:37:00,2011-12-04 10:35:00,United Kingdom,5,3,4,534,12,Potential Loyalists,Recent Developing,0.2982868315194797,Low,346.9475,103.48987047860469
12953,9,2,828.8100000000001,2010-07-05 13:37:00,2011-11-30 09:24:00,United Kingdom,5,2,3,523,10,Potential Loyalists,Recent Developing,0.9065813247703433,High,82.4625,74.75896249387444
12954,638,1,162.45,2010-03-11 10:16:00,2010-03-11 10:16:00,United Kingdom,1,1,1,111,3,Hibernating,Dormant,,Inactive (>1 yr),,
12955,1,11,4757.16,2011-03-17 09:03:00,2011-12-08 16:29:00,United Kingdom,5,5,5,555,15,Champions,Active High-Value,0.12816886712856956,Low,1189.29,152.4299519873365
12956,306,4,521.89,2009-12-15 19:03:00,2011-02-06 16:08:00,United Kingdom,2,3,2,232,7,At Risk,Lapsing Mid-Value,0.833026918485513,High,27.0175,22.506304770182346
12957,9,13,8706.97,2009-12-11 12:01:00,2011-11-30 09:53:00,United Kingdom,5,5,5,555,15,Champions,Active High-Value,0.14364633997785992,Low,1004.385,144.27622917866282
12958,400,2,467.34,2010-05-05 16:22:00,2010-11-04 16:16:00,United Kingdom,2,2,2,222,6,Hibernating,Dormant,,Inactive (>1 yr),,
12959,484,1,150.95,2010-08-12 17:20:00,2010-08-12 17:20:00,United Kingdom,1,1,1,111,3,Hibernating,Dormant,,Inactive (>1 yr),,
12960,413,4,1322.07,2010-02-16 13:32:00,2010-10-22 09:31:00,United Kingdom,1,3,4,134,8,At Risk,Lapsing Mid-Value,,Inactive (>1 yr),,
12961,379,1,211.99,2010-11-25 16:44:00,2010-11-25 16:44:00,United Kingdom,2,1,1,211,4,Hibernating,Dormant,,Inactive (>1 yr),,
12962,7,2,266.39,2011-08-18 13:38:00,2011-12-02 15:55:00,United Kingdom,5,2,1,521,8,Potential Loyalists,Recent Developing,0.7595569761297959,High,66.5975,50.58459571780408
12963,8,12,3235.79,2010-07-08 14:45:00,2011-12-01 12:55:00,United Kingdom,5,5,5,555,15,Champions,Active High-Value,0.16667460856450547,Low,372.7075,62.12087667155542
12964,437,1,132.24,2010-09-28 17:47:00,2010-09-28 17:47:00,United Kingdom,1,1,1,111,3,Hibernating,Dormant,,Inactive (>1 yr),,
12965,89,1,769.8100000000001,2011-09-11 15:31:00,2011-09-11 15:31:00,United Kingdom,3,1,3,313,7,About to Sleep,Dormant,0.6907097335738367,High,192.45250000000001,132.9288150006188
12966,9,1,160.18,2011-11-30 12:38:00,2011-11-30 12:38:00,United Kingdom,5,1,1,511,7,New Customers,Recent Developing,0.6319279140387464,High,40.045,25.3055533176816
12967,358,3,2938.52,2010-11-21 11:03:00,2010-12-16 19:10:00,United Kingdom,2,3,5,235,10,At Risk,Lapsing Mid-Value,0.8849289000655288,High,73.125,64.71042581729179
12968,112,1,135.95,2011-08-19 15:44:00,2011-08-19 15:44:00,United Kingdom,3,1,1,311,5,About to Sleep,Dormant,0.8257934137736597,High,33.9875,28.066653650632254
12969,602,1,122.45,2010-04-16 10:50:00,2010-04-16 10:50:00,United Kingdom,1,1,1,111,3,Hibernating,Dormant,,Inactive (>1 yr),,
12970,7,10,1452.54,2009-12-04 14:19:00,2011-12-02 14:30:00,United Kingdom,5,5,4,554,14,Champions,Active High-Value,0.5541188501685113,Medium,101.3675,56.16964254445657
12971,3,116,15474.2,2009-12-15 19:04:00,2011-12-06 12:20:00,United Kingdom,5,5,5,555,15,Champions,Active High-Value,0.010839009587464404,Low,2730.43,29.59515694790043
12972,413,4,1161.2,2010-02-16 14:30:00,2010-10-22 08:41:00,United Kingdom,1,3,3,133,7,At Risk,Lapsing Mid-Value,,Inactive (>1 yr),,
12973,413,1,385.55,2010-10-22 10:14:00,2010-10-22 10:14:00,United Kingdom,1,1,2,112,4,Hibernating,Dormant,,Inactive (>1 yr),,
12974,197,2,408.95,2010-05-23 11:45:00,2011-05-26 09:33:00,United Kingdom,2,2,2,222,6,Hibernating,Dormant,0.8493985494487055,High,36.2,30.748227490043142
12975,436,6,2100.09,2009-12-06 10:38:00,2010-09-29 09:46:00,United Kingdom,1,4,4,144,9,At Risk,Lapsing Mid-Value,,Inactive (>1 yr),,
12976,211,8,3156.38,2010-02-12 15:46:00,2011-05-12 09:55:00,United Kingdom,2,4,5,245,11,At Risk,Lapsing Mid-Value,0.6270294638984355,High,184.65,115.78099050884612
12977,156,4,513.88,2010-07-16 16:25:00,2011-07-06 16:40:00,United Kingdom,3,3,2,332,8,Need Attention,Lapsing Mid-Value,0.8905755794767833,High,9.809999999999999,8.736546434667243
12978,385,5,2502.82,2009-12-10 12:10:00,2010-11-19 14:29:00,United Kingdom,2,4,4,244,10,At Risk,Lapsing Mid-Value,,Inactive (>1 yr),,
12979,729,1,517.7,2009-12-10 15:45:00,2009-12-10 15:45:00,United Arab Emirates,1,1,2,112,4,Hibernating,Dormant,,Inactive (>1 yr),,
12980,157,21,16245.78,2009-12-02 11:26:00,2011-07-05 09:34:00,United Kingdom,3,5,5,355,13,Loyal Customers,Active High-Value,0.2782565021507066,Low,1843.7250000000001,513.0284694278115
12981,29,2,372.21999999999997,2011-07-29 14:14:00,2011-11-10 12:00:00,United Kingdom,4,2,2,422,8,Potential Loyalists,Recent Developing,0.6906275416104602,High,93.05499999999999,64.26634588456137
12982,242,8,2744.81,2010-04-12 13:50:00,2011-04-11 11:51:00,United Kingdom,2,4,4,244,10,At Risk,Lapsing Mid-Value,0.7009279224838328,High,97.635,68.43509771170902
12983,598,1,490.08000000000004,2010-04-20 12:58:00,2010-04-20 12:58:00,United Kingdom,1,1,2,112,4,Hibernating,Dormant,,Inactive (>1 yr),,
12984,18,1,97.5,2011-11-21 12:37:00,2011-11-21 12:37:00,United Kingdom,5,1,1,511,7,New Customers,Recent Developing,0.70961387493939,High,24.375,17.29683820164763
12985,0,2,1239.38,2011-11-11 12:44:00,2011-12-09 10:46:00,United Kingdom,5,2,4,524,11,Potential Loyalists,Recent Developing,0.5872635521508439,Medium,309.845,181.96067531617825
12986,428,10,2729.84,2010-01-21 10:45:00,2010-10-07 11:57:00,United Kingdom,1,5,4,154,10,Can't Lose Them,Lapsing Mid-Value,,Inactive (>1 yr),,
12987,73,5,1312.21,2010-01-20 09:57:00,2011-09-27 12:03:00,United Kingdom,3,4,4,344,11,Loyal Customers,Lapsing Mid-Value,0.554362849513915,Medium,139.675,77.43063100585609
12988,292,1,505.82,2011-02-20 14:31:00,2011-02-20 14:31:00,United Kingdom,2,1,2,212,5,Hibernating,Dormant,0.7999831642544353,High,126.455,101.1618710357946
12989,3,33,13551.75,2009-12-10 13:27:00,2011-12-06 15:28:00,United Kingdom,5,5,5,555,15,Champions,Active High-Value,0.0484809404975076,Low,1731.0275000000001,83.92184122704934
12990,31,7,955.5,2010-03-30 11:36:00,2011-11-08 13:01:00,United Kingdom,4,4,3,443,11,Loyal Customers,Recent Developing,0.4793050662999933,Medium,102.375,49.06885616246181
12991,23,3,764.82,2010-11-15 13:43:00,2011-11-16 15:34:00,United Kingdom,4,3,3,433,10,Potential Loyalists,Recent Developing,0.6790738960328883,High,125.94,85.52256646638195
12992,725,1,93.35000000000001,2009-12-14 16:46:00,2009-12-14 16:46:00,United Kingdom,1,1,1,111,3,Hibernating,Dormant,,Inactive (>1 yr),,
12993,23,8,1259.6299999999999,2010-02-18 10:35:00,2011-11-16 15:49:00,United Kingdom,4,4,4,444,12,Loyal Customers,Recent Developing,0.43658820867330017,Medium,103.69,45.269831357334496
12994,4,3,974.4200000000001,2011-03-16 08:31:00,2011-12-05 15:43:00,United Kingdom,5,3,3,533,11,Potential Loyalists,Recent Developing,0.6707248906683808,High,243.60500000000002,163.3919369912709
12995,85,1,211.32,2011-09-15 15:44:00,2011-09-15 15:44:00,United Kingdom,3,1,1,311,5,About to Sleep,Dormant,0.7837101747300632,High,52.83,41.40340853098924
12996,375,1,355.5,2010-11-29 09:27:00,2010-11-29 09:27:00,United Kingdom,2,1,2,212,5,Hibernating,Dormant,,Inactive (>1 yr),,
12997,22,8,2110.91,2010-04-06 11:06:00,2011-11-17 15:47:00,United Kingdom,4,4,4,444,12,Loyal Customers,Active High-Value,0.2963422317439824,Low,306.7225,90.89483017609365
12998,492,3,920.08,2010-02-24 11:55:00,2010-08-04 08:05:00,United Kingdom,1,3,3,133,7,At Risk,Lapsing Mid-Value,,Inactive (>1 yr),,
12999,196,3,455.88,2011-04-08 10:26:00,2011-05-27 13:24:00,United Kingdom,2,3,2,232,7,At Risk,Dormant,0.7276533087298831,High,113.97,82.93064759594478
13000,106,4,1032.5,2009-12-14 17:03:00,2011-08-25 10:43:00,United Kingdom,3,3,3,333,9,Need Attention,Lapsing Mid-Value,0.6257210234526986,High,133.7125,83.66672234841897
13001,4,33,24042.65,2009-12-03 16:21:00,2011-12-05 14:51:00,United Kingdom,5,5,5,555,15,Champions,Active High-Value,0.06517608494515749,Low,2446.4925000000003,159.45280299769072
13002,318,3,414.13,2010-10-01 11:58:00,2011-01-25 15:18:00,United Kingdom,2,3,2,232,7,At Risk,Dormant,0.8602577194023615,High,30.237499999999997,26.012042790428904
13003,105,3,149.05,2011-05-09 08:23:00,2011-08-26 10:50:00,United Kingdom,3,3,1,331,7,Need Attention,Dormant,0.6845232799533004,High,37.2625,25.50704871925986
13004,11,36,11650.85,2009-12-15 09:44:00,2011-11-28 11:27:00,United Kingdom,5,5,5,555,15,Champions,Active High-Value,0.03848677865082289,Low,1413.9775,54.419439059743915
13005,173,4,999.68,2010-09-08 12:52:00,2011-06-19 10:53:00,United Kingdom,3,3,3,333,9,Need Attention,Lapsing Mid-Value,0.6451025930301756,High,128.425,82.84730050990031
13006,56,1,81.57,2011-10-14 13:49:00,2011-10-14 13:49:00,United Kingdom,4,1,1,411,6,Promising,Dormant,0.7822325483728876,High,20.3925,15.951677242694108
13007,579,1,175.25,2010-05-09 10:38:00,2010-05-09 10:38:00,United Kingdom,1,1,1,111,3,Hibernating,Dormant,,Inactive (>1 yr),,
13008,323,3,612.13,2009-12-16 16:07:00,2011-01-20 14:24:00,United Kingdom,2,3,3,233,8,At Risk,Dormant,0.7923139567718511,High,57.36749999999999,45.453070915109166
13009,672,1,234.0,2010-02-05 12:22:00,2010-02-05 12:22:00,United Kingdom,1,1,1,111,3,Hibernating,Dormant,,Inactive (>1 yr),,
13010,374,2,330.12,2010-03-01 11:28:00,2010-11-30 15:09:00,United Kingdom,2,2,2,222,6,Hibernating,Dormant,,Inactive (>1 yr),,
13011,372,1,50.550000000000004,2010-12-02 17:22:00,2010-12-02 17:22:00,United Kingdom,2,1,1,211,4,Hibernating,Dormant,,Inactive (>1 yr),,
13012,9,11,2957.83,2010-04-26 14:14:00,2011-11-30 13:05:00,United Kingdom,5,5,5,555,15,Champions,Active High-Value,0.2058418806992188,Low,411.71000000000004,84.74716070267537
13013,1,29,11097.43,2009-12-14 10:34:00,2011-12-08 15:01:00,United Kingdom,5,5,5,555,15,Champions,Active High-Value,0.09177314562930328,Low,820.65,75.31363196068773
13014,10,11,5381.08,2010-10-03 11:35:00,2011-11-29 12:27:00,United Kingdom,5,5,5,555,15,Champions,Active High-Value,0.1484782310342434,Low,866.5699999999999,128.66678066734428
13015,53,11,6579.78,2010-04-15 16:35:00,2011-10-17 13:19:00,United Kingdom,4,5,5,455,14,Loyal Customers,Active High-Value,0.3451192058170347,Medium,834.91,288.14347612870046
13016,73,3,789.89,2011-08-08 15:00:00,2011-09-27 14:08:00,United Kingdom,3,3,3,333,9,Need Attention,Recent Developing,0.5354503078565954,Medium,197.4725,105.73671091821154
13017,7,1,204.0,2011-12-02 15:53:00,2011-12-02 15:53:00,United Kingdom,5,1,1,511,7,New Customers,Recent Developing,0.6361158209836852,High,51.0,32.44190687016795
13018,16,35,9763.16,2010-03-01 12:34:00,2011-11-23 13:28:00,United Kingdom,5,5,5,555,15,Champions,Active High-Value,0.03960179878697707,Low,1819.425,72.05250275799575
13019,379,6,1229.95,2009-12-06 15:40:00,2010-11-25 14:56:00,United Kingdom,2,4,4,244,10,At Risk,Lapsing Mid-Value,,Inactive (>1 yr),,
13020,562,2,618.96,2010-02-18 10:35:00,2010-05-26 11:12:00,United Kingdom,1,2,3,123,6,Hibernating,Dormant,,Inactive (>1 yr),,
13021,4,17,4887.24,2009-12-05 12:02:00,2011-12-05 16:37:00,United Kingdom,5,5,5,555,15,Champions,Active High-Value,0.11811967927939415,Low,654.095,77.26149161825532
13022,429,1,50.3,2010-10-06 10:50:00,2010-10-06 10:50:00,Belgium,1,1,1,111,3,Hibernating,Dormant,,Inactive (>1 yr),,
13023,64,3,1251.03,2010-06-29 09:51:00,2011-10-06 16:27:00,United Kingdom,3,3,4,334,10,Need Attention,Lapsing Mid-Value,0.667847736781103,High,149.975,100.16046432374591
13024,470,2,555.87,2010-05-06 14:25:00,2010-08-26 09:42:00,United Kingdom,1,2,2,122,5,Hibernating,Dormant,,Inactive (>1 yr),,
13025,731,1,323.39,2009-12-08 10:02:00,2009-12-08 10:02:00,United Kingdom,1,1,2,112,4,Hibernating,Dormant,,Inactive (>1 yr),,
13026,1,9,1733.08,2009-12-13 11:34:00,2011-12-08 16:58:00,United Kingdom,5,5,4,554,14,Champions,Active High-Value,0.40923305363343626,Medium,243.84,99.7873877979771
13027,113,19,17239.2,2010-01-20 10:41:00,2011-08-18 09:39:00,United Kingdom,3,5,5,355,13,Loyal Customers,Active High-Value,0.3089704262686234,Medium,1728.0,533.9008965921813
13028,22,2,661.3199999999999,2011-10-25 14:09:00,2011-11-17 11:10:00,United Kingdom,4,2,3,423,9,Potential Loyalists,Recent Developing,0.46830366301920895,Medium,165.32999999999998,77.42464460696581
13029,30,5,1927.3,2010-07-04 13:46:00,2011-11-09 09:13:00,United Kingdom,4,4,4,444,12,Loyal Customers,Lapsing Mid-Value,0.49530477903337816,Medium,311.875,154.47317796103482
13030,11,2,752.4399999999999,2010-12-06 14:31:00,2011-11-28 14:30:00,United Kingdom,5,2,3,523,10,Potential Loyalists,Recent Developing,0.8708380022451591,High,87.52,76.21574195649632
13031,407,5,3292.84,2010-06-03 14:57:00,2010-10-28 15:34:00,United Kingdom,2,4,5,245,11,At Risk,Lapsing Mid-Value,,Inactive (>1 yr),,
13032,52,9,2815.96,2010-09-05 14:01:00,2011-10-18 15:54:00,United Kingdom,4,5,4,454,13,Loyal Customers,Lapsing Mid-Value,0.45118241021922806,Medium,252.545,113.94386178881494
13033,357,2,220.55,2010-10-06 09:37:00,2010-12-17 14:23:00,United Kingdom,2,2,1,221,5,Hibernating,Dormant,0.7964876116035562,High,47.6375,37.94267859776441
13034,54,3,756.82,2010-11-03 15:22:00,2011-10-16 12:21:00,United Kingdom,4,3,3,433,10,Potential Loyalists,Recent Developing,0.6847666871282008,High,119.22749999999999,81.64302018957756
13035,73,3,1364.2,2010-10-04 15:41:00,2011-09-27 08:57:00,United Kingdom,3,3,4,334,10,Need Attention,Lapsing Mid-Value,0.6317755712971517,High,230.47,145.60531591685455
13036,684,1,307.1,2010-01-24 11:35:00,2010-01-24 11:35:00,United Kingdom,1,1,2,112,4,Hibernating,Dormant,,Inactive (>1 yr),,
13037,138,12,3914.9500000000003,2009-12-03 17:04:00,2011-07-24 15:46:00,United Kingdom,3,5,5,355,13,Loyal Customers,Lapsing Mid-Value,0.43887500539716234,Medium,220.2675,96.66990025131946
13038,80,3,908.46,2011-02-22 11:43:00,2011-09-20 14:37:00,United Kingdom,3,3,3,333,9,Need Attention,Lapsing Mid-Value,0.5493492910248957,Medium,227.115,124.7654642311192
13039,584,4,1010.73,2009-12-17 16:43:00,2010-05-04 16:45:00,United Kingdom,1,3,3,133,7,At Risk,Lapsing Mid-Value,,Inactive (>1 yr),,
13040,8,2,676.99,2011-11-06 13:53:00,2011-12-01 10:38:00,United Kingdom,5,2,3,523,10,Potential Loyalists,Recent Developing,0.47994064238957157,Medium,169.2475,81.22875387282902
13041,450,4,799.13,2010-04-29 08:43:00,2010-09-15 11:44:00,United Kingdom,1,3,3,133,7,At Risk,Lapsing Mid-Value,,Inactive (>1 yr),,
13042,598,3,1488.59,2009-12-07 15:42:00,2010-04-20 13:43:00,United Kingdom,1,3,4,134,8,At Risk,Lapsing Mid-Value,,Inactive (>1 yr),,
13043,273,1,516.42,2011-03-11 14:52:00,2011-03-11 14:52:00,United Kingdom,2,1,2,212,5,Hibernating,Dormant,0.821574315952724,High,129.105,106.06935206107643
13044,291,11,4848.05,2010-01-08 14:46:00,2011-02-21 15:20:00,United Kingdom,2,5,5,255,12,Can't Lose Them,Lapsing Mid-Value,0.705814961943402,High,140.1175,98.89702793010463
13045,99,3,808.92,2010-08-10 13:02:00,2011-09-01 15:04:00,United Kingdom,3,3,3,333,9,Need Attention,Lapsing Mid-Value,0.7451808768480752,High,76.32000000000001,56.872204521045106
13046,30,3,949.25,2010-09-09 13:09:00,2011-11-09 08:36:00,United Kingdom,4,3,3,433,10,Potential Loyalists,Recent Developing,0.6793194555357438,High,157.3275,106.87563164079972
13047,56,23,8423.58,2009-12-16 11:43:00,2011-10-14 11:15:00,United Kingdom,4,5,5,455,14,Loyal Customers,Active High-Value,0.20666167907309,Low,716.49,148.07102643907825
13048,14,9,4049.13,2010-01-27 12:55:00,2011-11-25 13:23:00,United Kingdom,5,5,5,555,15,Champions,Active High-Value,0.3094455064488955,Medium,454.8525,140.75206222204625
13049,64,4,1408.24,2010-11-03 15:39:00,2011-10-06 15:31:00,United Kingdom,3,3,4,334,10,Need Attention,Lapsing Mid-Value,0.6454513300636063,High,164.17000000000002,105.96374485654226
13050,14,34,11877.29,2009-12-15 15:06:00,2011-11-25 09:18:00,United Kingdom,5,5,5,555,15,Champions,Active High-Value,0.04975528385109837,Low,1376.275,68.47695328217041
13051,578,2,155.8,2010-03-30 11:11:00,2010-05-10 09:14:00,United Kingdom,1,2,1,121,4,Hibernating,Dormant,,Inactive (>1 yr),,
13052,212,7,3118.48,2010-02-23 12:31:00,2011-05-11 14:12:00,United Kingdom,2,4,5,245,11,At Risk,Lapsing Mid-Value,0.7013408066814525,High,87.03750000000001,61.042950461536925
13053,621,1,127.65,2010-03-28 11:28:00,2010-03-28 11:28:00,United Kingdom,1,1,1,111,3,Hibernating,Dormant,,Inactive (>1 yr),,
13055,78,4,2321.11,2010-10-06 08:17:00,2011-09-22 14:26:00,United Kingdom,3,3,4,334,10,Need Attention,Lapsing Mid-Value,0.5088773462676955,Medium,303.6025,154.49643452023804
13056,551,1,209.48,2010-06-06 14:10:00,2010-06-06 14:10:00,United Kingdom,1,1,1,111,3,Hibernating,Dormant,,Inactive (>1 yr),,
13057,530,3,709.59,2010-03-18 12:14:00,2010-06-27 15:44:00,United Kingdom,1,3,3,133,7,At Risk,Dormant,,Inactive (>1 yr),,
13058,24,3,271.40000000000003,2011-07-11 12:01:00,2011-11-15 12:43:00,United Kingdom,4,3,1,431,8,Potential Loyalists,Recent Developing,0.5413368338860901,Medium,67.85000000000001,36.72970417917122
13059,249,10,2291.77,2010-03-31 12:23:00,2011-04-04 10:40:00,United Kingdom,2,5,4,254,11,Can't Lose Them,Lapsing Mid-Value,0.8012828239519778,High,45.85,36.738817478198186
13060,253,1,307.53,2011-03-31 11:37:00,2011-03-31 11:37:00,United Kingdom,2,1,2,212,5,Hibernating,Dormant,0.8273770134610862,High,76.8825,63.61081323742195
13061,72,1,248.61,2011-09-28 16:04:00,2011-09-28 16:04:00,United Kingdom,3,1,1,311,5,About to Sleep,Dormant,0.7515945121482942,High,62.1525,46.71347791629686
13062,191,1,346.98,2011-06-01 15:12:00,2011-06-01 15:12:00,United Kingdom,2,1,2,212,5,Hibernating,Dormant,0.8135237356979735,High,86.745,70.56911645312071
13063,480,1,188.4,2010-08-16 12:27:00,2010-08-16 12:27:00,United Kingdom,1,1,1,111,3,Hibernating,Dormant,,Inactive (>1 yr),,
13064,12,6,1666.8400000000001,2010-04-27 10:08:00,2011-11-27 12:31:00,United Kingdom,5,4,4,544,13,Champions,Recent Developing,0.39700412120546874,Medium,276.3975,109.73094659088854
13065,373,5,1055.05,2010-06-10 11:44:00,2010-12-01 16:52:00,United Kingdom,2,4,3,243,9,At Risk,Lapsing Mid-Value,,Inactive (>1 yr),,
13066,24,2,470.8,2011-11-07 17:06:00,2011-11-15 12:57:00,United Kingdom,4,2,2,422,8,Potential Loyalists,Recent Developing,0.5819497673957323,Medium,117.7,68.4954876224777
13067,82,3,508.51,2010-09-19 13:43:00,2011-09-18 13:38:00,United Kingdom,3,3,2,332,8,Need Attention,Recent Developing,0.7718220204177058,High,28.865000000000002,22.27864261935708
13068,10,2,344.0,2011-01-24 08:20:00,2011-11-29 15:00:00,United Kingdom,5,2,2,522,9,Potential Loyalists,Recent Developing,0.8640817492881228,High,86.0,74.31103043877856
13069,0,38,9284.45,2010-06-14 14:27:00,2011-12-09 08:39:00,United Kingdom,5,5,5,555,15,Champions,Active High-Value,0.05749056568985723,Low,1024.735,58.91259483219584
13070,192,4,751.7,2009-12-07 14:44:00,2011-05-31 13:45:00,United Kingdom,2,3,3,233,8,At Risk,Lapsing Mid-Value,0.7550232974634721,High,57.2,43.1873326149106
13071,612,1,129.22,2010-04-06 13:37:00,2010-04-06 13:37:00,United Kingdom,1,1,1,111,3,Hibernating,Dormant,,Inactive (>1 yr),,
13072,266,1,177.15,2011-03-18 08:12:00,2011-03-18 08:12:00,United Kingdom,2,1,1,211,4,Hibernating,Dormant,0.8525808518989209,High,44.2875,37.75867447847346
13073,411,2,418.08,2010-09-28 09:27:00,2010-10-24 14:06:00,United Kingdom,1,2,2,122,5,Hibernating,Dormant,,Inactive (>1 yr),,
13074,511,4,1378.74,2009-12-16 11:46:00,2010-07-16 16:53:00,United Kingdom,1,3,4,134,8,At Risk,Lapsing Mid-Value,,Inactive (>1 yr),,
13075,129,1,919.61,2011-08-02 10:19:00,2011-08-02 10:19:00,United Kingdom,3,1,3,313,7,About to Sleep,Dormant,0.7479079051816852,High,229.9025,171.94589717103239
13076,457,1,135.4,2010-09-08 10:27:00,2010-09-08 10:27:00,United Kingdom,1,1,1,111,3,Hibernating,Dormant,,Inactive (>1 yr),,
13077,1,11,2740.65,2009-12-11 11:17:00,2011-12-08 19:24:00,United Kingdom,5,5,4,554,14,Champions,Active High-Value,0.5340632756169258,Medium,103.575,55.31560377202309
13078,3,57,29018.06,2009-12-01 09:06:00,2011-12-06 15:36:00,United Kingdom,5,5,5,555,15,Champions,Active High-Value,0.021678946040216526,Low,3028.3875000000003,65.65224920136623
13079,4,6,419.18,2010-10-18 14:15:00,2011-12-05 16:53:00,United Kingdom,5,4,2,542,11,Champions,Recent Developing,0.5108912135112439,Medium,55.025000000000006,28.111789023456197
13080,179,4,280.73,2010-04-09 13:07:00,2011-06-13 14:59:00,United Kingdom,3,3,1,331,7,Need Attention,Dormant,0.8076511536786496,High,14.52,11.727094751413992
13081,11,28,56838.37,2009-12-08 13:58:00,2011-11-28 10:54:00,United Kingdom,5,5,5,555,15,Champions,Active High-Value,0.05978974920187189,Low,6492.65,388.1939151555335
13082,126,21,7335.75,2009-12-22 15:37:00,2011-08-05 16:16:00,United Kingdom,3,5,5,355,13,Loyal Customers,Active High-Value,0.2919333839959175,Low,903.4075,263.7348086022919
13083,4,3,395.43,2010-10-10 13:38:00,2011-12-05 15:01:00,United Kingdom,5,3,2,532,10,Potential Loyalists,Recent Developing,0.7703468256045505,High,75.9375,58.49821206934555
13084,491,1,122.39999999999999,2010-08-05 08:49:00,2010-08-05 08:49:00,United Kingdom,1,1,1,111,3,Hibernating,Dormant,,Inactive (>1 yr),,
13085,157,8,2433.28,2009-12-01 07:45:00,2011-07-05 12:11:00,United Kingdom,3,4,4,344,11,Loyal Customers,Lapsing Mid-Value,0.7357953646565784,High,104.02000000000001,76.53743383157729
13086,382,1,439.33000000000004,2010-11-22 10:28:00,2010-11-22 10:28:00,United Kingdom,2,1,2,212,5,Hibernating,Dormant,,Inactive (>1 yr),,
13087,726,1,313.64,2009-12-13 15:16:00,2009-12-13 15:16:00,United Kingdom,1,1,2,112,4,Hibernating,Dormant,,Inactive (>1 yr),,
13088,417,1,236.11,2010-10-18 15:35:00,2010-10-18 15:35:00,United Kingdom,1,1,1,111,3,Hibernating,Dormant,,Inactive (>1 yr),,
13089,2,203,113416.91,2009-12-02 15:44:00,2011-12-07 09:02:00,United Kingdom,5,5,5,555,15,Champions,Active High-Value,0.0066988088308708015,Low,13882.865,92.99865865978717
13090,8,23,13076.74,2010-08-02 13:58:00,2011-12-01 12:39:00,United Kingdom,5,5,5,555,15,Champions,Active High-Value,0.07116969241585808,Low,1975.605,140.6032001852313
13091,28,2,1108.8,2009-12-10 12:44:00,2011-11-11 15:54:00,United Kingdom,4,2,3,423,9,Potential Loyalists,Recent Developing,0.9231526240862014,High,86.455,79.81116011537253
13092,70,12,2140.28,2010-02-10 08:44:00,2011-09-30 11:18:00,United Kingdom,3,5,4,354,12,Loyal Customers,Lapsing Mid-Value,0.33094390102213556,Medium,119.4575,39.533731056351755
13093,275,55,54144.25,2009-12-04 10:32:00,2011-03-09 12:14:00,United Kingdom,2,5,5,255,12,Can't Lose Them,Active High-Value,0.6239143581736072,High,1758.2675,1097.0083387600127
13094,21,13,2209.44,2010-11-15 14:15:00,2011-11-18 14:07:00,United Kingdom,4,5,4,454,13,Loyal Customers,Active High-Value,0.17505516189368595,Low,425.91,74.55774400213978
13095,70,1,74.39999999999999,2011-09-30 12:03:00,2011-09-30 12:03:00,United Kingdom,3,1,1,311,5,About to Sleep,Dormant,0.7923821779440487,High,18.599999999999998,14.738308509759305
13096,394,1,419.70000000000005,2010-11-10 14:08:00,2010-11-10 14:08:00,United Kingdom,2,1,2,212,5,Hibernating,Dormant,,Inactive (>1 yr),,
13097,32,27,13015.36,2009-12-01 13:31:00,2011-11-07 10:43:00,United Kingdom,4,5,5,455,14,Loyal Customers,Active High-Value,0.09766764117350946,Low,1500.805,146.58008421140886
13098,1,28,28882.44,2011-01-26 13:46:00,2011-12-08 14:14:00,United Kingdom,5,5,5,555,15,Champions,Active High-Value,0.02944311853289661,Low,7220.61,212.59727610981858
13099,99,1,207.35999999999999,2011-09-01 17:40:00,2011-09-01 17:40:00,United Kingdom,3,1,1,311,5,About to Sleep,Dormant,0.819220568469207,High,51.839999999999996,42.468394269443685
13101,234,4,695.4,2010-01-27 15:49:00,2011-04-19 14:37:00,United Kingdom,2,3,3,233,8,At Risk,Lapsing Mid-Value,0.7925404429043768,High,25.2975,20.04929185437347
13102,1,37,11380.1,2010-05-06 13:12:00,2011-12-08 12:52:00,United Kingdom,5,5,5,555,15,Champions,Active High-Value,0.04537892714585207,Low,1526.8174999999999,69.28534009751199
13103,39,3,709.64,2010-05-11 14:41:00,2011-10-31 09:38:00,United Kingdom,4,3,3,433,10,Potential Loyalists,Recent Developing,0.7827995634064638,High,60.985,47.7390313743432
13104,3,9,1709.1,2010-02-24 15:06:00,2011-12-06 13:10:00,United Kingdom,5,5,4,554,14,Champions,Active High-Value,0.3151230075240987,Medium,274.62,86.53908032626799
13105,436,1,72.0,2010-09-29 13:41:00,2010-09-29 13:41:00,United Kingdom,1,1,1,111,3,Hibernating,Dormant,,Inactive (>1 yr),,
13106,133,2,603.46,2010-10-22 13:10:00,2011-07-29 15:12:00,United Kingdom,3,2,3,323,8,About to Sleep,Dormant,0.8820490941847179,High,19.125,16.869188926282728
13107,44,9,5253.07,2010-02-04 10:50:00,2011-10-26 14:52:00,United Kingdom,4,5,5,455,14,Loyal Customers,Active High-Value,0.2753839697928282,Low,382.90500000000003,105.44589895352289
13108,372,2,748.46,2010-09-30 17:09:00,2010-12-02 10:35:00,United Kingdom,2,2,3,223,7,Hibernating,Dormant,,Inactive (>1 yr),,
13109,59,3,1134.03,2010-06-06 12:59:00,2011-10-11 10:16:00,United Kingdom,3,3,3,333,9,Need Attention,Recent Developing,0.6572266178640594,High,196.635,129.2337560036993
13110,31,12,2957.4700000000003,2009-12-01 14:14:00,2011-11-08 14:30:00,United Kingdom,4,5,5,455,14,Loyal Customers,Active High-Value,0.20824151802429347,Low,372.1675,77.50072515930624
13111,718,1,321.88000000000005,2009-12-21 09:00:00,2009-12-21 09:00:00,United Kingdom,1,1,2,112,4,Hibernating,Dormant,,Inactive (>1 yr),,
13112,541,1,20.6,2010-06-16 17:03:00,2010-06-16 17:03:00,United Kingdom,1,1,1,111,3,Hibernating,Dormant,,Inactive (>1 yr),,
13113,0,37,18230.07,2010-03-28 16:13:00,2011-12-09 12:49:00,United Kingdom,5,5,5,555,15,Champions,Active High-Value,0.056494479788752945,Low,2968.2475,167.68959839676646
13114,730,1,234.38,2009-12-09 09:56:00,2009-12-09 09:56:00,United Kingdom,1,1,1,111,3,Hibernating,Dormant,,Inactive (>1 yr),,
13115,11,10,5494.7,2010-04-19 13:29:00,2011-11-28 12:38:00,United Kingdom,5,5,5,555,15,Champions,Active High-Value,0.2454739077183283,Low,573.695,140.82715348846637
13116,138,1,501.14,2011-07-24 14:33:00,2011-07-24 14:33:00,United Kingdom,3,1,2,312,6,About to Sleep,Dormant,0.773863594460167,High,125.285,96.95350043194202
13117,21,18,2255.66,2010-03-26 13:50:00,2011-11-18 12:02:00,United Kingdom,4,5,4,454,13,Loyal Customers,Active High-Value,0.20383953644002284,Low,149.19,30.410820441487008
13118,19,9,2415.41,2010-09-26 15:46:00,2011-11-20 12:46:00,United Kingdom,5,5,4,554,14,Champions,Active High-Value,0.278527208611582,Low,299.4525,83.40566893675975
13119,668,1,134.9,2010-02-09 08:38:00,2010-02-09 08:38:00,United Kingdom,1,1,1,111,3,Hibernating,Dormant,,Inactive (>1 yr),,
13120,238,1,30.599999999999998,2011-04-15 10:19:00,2011-04-15 10:19:00,United Kingdom,2,1,1,211,4,Hibernating,Dormant,0.9001143359598671,High,7.6499999999999995,6.885874670092983
13121,269,1,283.73,2011-03-15 16:47:00,2011-03-15 16:47:00,United Kingdom,2,1,1,211,4,Hibernating,Dormant,0.825959105822707,High,70.9325,58.58734427376917
13122,94,2,922.39,2011-04-13 14:12:00,2011-09-06 15:53:00,United Kingdom,3,2,3,323,8,About to Sleep,Lapsing Mid-Value,0.6637019694070496,High,230.5975,153.04801489034213
13123,472,2,506.75,2010-06-28 12:43:00,2010-08-24 10:18:00,United Kingdom,1,2,2,122,5,Hibernating,Dormant,,Inactive (>1 yr),,
13124,89,4,4641.66,2010-11-19 15:50:00,2011-09-11 12:45:00,United Kingdom,3,3,5,335,11,Need Attention,Lapsing Mid-Value,0.4117807254145535,Medium,939.0825,386.69607307411246
13125,523,1,148.62,2010-07-04 11:58:00,2010-07-04 11:58:00,United Kingdom,1,1,1,111,3,Hibernating,Dormant,,Inactive (>1 yr),,
13126,4,13,3774.81,2010-03-02 12:24:00,2011-12-05 10:00:00,United Kingdom,5,5,5,555,15,Champions,Active High-Value,0.1937818695066748,Low,469.05,90.89338589210583
13127,77,1,259.17,2011-09-23 10:26:00,2011-09-23 10:26:00,United Kingdom,3,1,1,311,5,About to Sleep,Dormant,0.7488472512424299,High,64.7925,48.519685526125144
13128,631,1,263.5,2010-03-18 15:08:00,2010-03-18 15:08:00,United Kingdom,1,1,1,111,3,Hibernating,Dormant,,Inactive (>1 yr),,
13129,452,2,233.25,2010-06-28 11:54:00,2010-09-13 13:47:00,United Kingdom,1,2,1,121,4,Hibernating,Dormant,,Inactive (>1 yr),,
13130,94,1,64.0,2011-09-06 15:30:00,2011-09-06 15:30:00,United Kingdom,3,1,1,311,5,About to Sleep,Dormant,0.8473521083100418,High,16.0,13.557633732960669
13131,23,7,3313.77,2010-02-09 09:47:00,2011-11-16 13:21:00,United Kingdom,4,4,5,445,13,Loyal Customers,Active High-Value,0.4129767897825077,Medium,268.325,110.81199711839137
13132,261,1,77.3,2011-03-23 12:44:00,2011-03-23 12:44:00,United Kingdom,2,1,1,211,4,Hibernating,Dormant,0.8786111926052288,High,19.325,16.979161297096045
13133,273,3,200.45000000000002,2010-09-06 15:30:00,2011-03-11 10:31:00,United Kingdom,2,3,1,231,6,At Risk,Dormant,0.7759463728038458,High,27.45,21.29972793346557
13134,85,6,2475.23,2010-10-19 13:21:00,2011-09-15 10:35:00,United Kingdom,3,4,4,344,11,Loyal Customers,Lapsing Mid-Value,0.4162939822459405,Medium,448.395,186.6641401691685
13135,196,2,3371.45,2010-08-05 17:28:00,2011-05-27 10:52:00,United Kingdom,2,2,5,225,9,Hibernating,Lapsing Mid-Value,0.704073136465365,High,774.0,544.9526076241925
13136,56,13,6274.56,2009-12-08 18:30:00,2011-10-14 13:41:00,United Kingdom,4,5,5,455,14,Loyal Customers,Active High-Value,0.250601247586526,Low,651.9025,163.3675798047753
13137,10,16,7586.94,2010-07-25 15:40:00,2011-11-29 12:09:00,United Kingdom,5,5,5,555,15,Champions,Active High-Value,0.11875987729518966,Low,900.8225,106.981569564746
13138,22,7,1274.01,2010-11-08 11:45:00,2011-11-17 16:51:00,United Kingdom,4,4,4,444,12,Loyal Customers,Recent Developing,0.2738787730220559,Low,192.29,52.66414926441112
13139,16,8,8202.98,2010-09-28 09:12:00,2011-11-23 13:54:00,United Kingdom,5,4,5,545,14,Champions,Active High-Value,0.18970620676240593,Low,1266.235,240.21263871979505
13140,108,5,1054.92,2010-08-05 19:05:00,2011-08-23 15:33:00,United Kingdom,3,4,3,343,10,Loyal Customers,Lapsing Mid-Value,0.6734327739044002,High,66.0525,44.48191829832039
13141,84,17,7656.08,2009-12-09 13:34:00,2011-09-16 09:54:00,United Kingdom,3,5,5,355,13,Loyal Customers,Active High-Value,0.2872696706885986,Low,597.1875,171.5538564643475
13142,19,1,307.09,2011-11-20 16:07:00,2011-11-20 16:07:00,United Kingdom,5,1,2,512,8,New Customers,Recent Developing,0.643938720324886,High,76.7725,49.436785406142306
13143,584,1,405.1,2010-05-04 12:22:00,2010-05-04 12:22:00,United Kingdom,1,1,2,112,4,Hibernating,Dormant,,Inactive (>1 yr),,
13144,332,2,135.35,2010-10-04 14:14:00,2011-01-11 11:15:00,United Kingdom,2,2,1,221,5,Hibernating,Dormant,0.8207993401328437,High,27.7375,22.76692169693475
13145,39,7,1128.52,2010-04-19 11:11:00,2011-10-31 12:45:00,United Kingdom,4,4,3,443,11,Loyal Customers,Lapsing Mid-Value,0.5114601851728114,Medium,80.88000000000001,41.366899776777
13146,26,1,228.91,2011-11-13 15:29:00,2011-11-13 15:29:00,United Kingdom,4,1,1,411,6,Promising,Recent Developing,0.6827588533896755,High,57.2275,39.07258228235765
13147,10,4,712.8000000000001,2011-09-01 12:28:00,2011-11-29 13:59:00,United Kingdom,5,3,3,533,11,Potential Loyalists,Recent Developing,0.4204203232642078,Medium,178.20000000000002,74.91890160568184
13148,29,26,8488.32,2009-12-07 15:26:00,2011-11-10 15:23:00,United Kingdom,4,5,5,455,14,Loyal Customers,Active High-Value,0.11716774005120333,Low,920.815,107.8898125552488
13149,14,4,1676.06,2011-02-23 13:57:00,2011-11-25 13:09:00,United Kingdom,5,3,4,534,12,Potential Loyalists,Recent Developing,0.4454622318003119,Medium,419.015,186.6553570578077
13150,484,3,449.96999999999997,2010-03-19 09:03:00,2010-08-12 12:59:00,United Kingdom,1,3,2,132,6,At Risk,Dormant,,Inactive (>1 yr),,
13151,295,3,2454.71,2010-03-22 10:26:00,2011-02-17 12:29:00,United Kingdom,2,3,4,234,9,At Risk,Lapsing Mid-Value,0.7446754774830567,High,314.46750000000003,234.17623571540315
13152,417,7,2146.38,2010-01-14 10:01:00,2010-10-18 13:44:00,United Kingdom,1,4,4,144,9,At Risk,Lapsing Mid-Value,,Inactive (>1 yr),,
13153,5,1,486.22,2011-12-04 12:14:00,2011-12-04 12:14:00,United Kingdom,5,1,2,512,8,New Customers,Recent Developing,0.5389125238348859,Medium,121.555,65.50751183474955
13154,399,3,1624.84,2009-12-04 08:46:00,2010-11-05 16:00:00,United Kingdom,2,3,4,234,9,At Risk,Lapsing Mid-Value,,Inactive (>1 yr),,
13155,33,6,1370.48,2010-08-05 09:30:00,2011-11-06 15:41:00,United Kingdom,4,4,4,444,12,Loyal Customers,Lapsing Mid-Value,0.3999859351627951,Medium,148.015,59.20391819312111
13156,385,3,1586.54,2010-02-01 13:45:00,2010-11-19 13:09:00,United Kingdom,2,3,4,234,9,At Risk,Lapsing Mid-Value,,Inactive (>1 yr),,
13157,49,9,5687.36,2010-03-08 11:59:00,2011-10-21 13:50:00,United Kingdom,4,5,5,455,14,Loyal Customers,Active High-Value,0.33678585519873366,Medium,435.305,146.60456669728475
13158,94,5,1508.18,2010-11-16 17:12:00,2011-09-06 11:58:00,United Kingdom,3,4,4,344,11,Loyal Customers,Lapsing Mid-Value,0.4520787688859543,Medium,300.265,135.74343153954106
13159,8,4,1429.35,2011-08-16 11:44:00,2011-12-01 11:20:00,United Kingdom,5,3,4,534,12,Potential Loyalists,Recent Developing,0.3702167610709675,Medium,357.3375,132.29233185919685
13160,22,1,91.8,2011-11-17 13:07:00,2011-11-17 13:07:00,United Kingdom,4,1,1,411,6,Promising,Recent Developing,0.7242189461737217,High,22.95,16.620824814686912
13161,313,2,472.13,2010-07-27 12:44:00,2011-01-30 14:03:00,United Kingdom,2,2,2,222,6,Hibernating,Dormant,0.8416576453785816,High,28.1875,23.724224879108768
13162,122,16,9275.49,2009-12-04 13:59:00,2011-08-09 15:59:00,United Kingdom,3,5,5,355,13,Loyal Customers,Active High-Value,0.3765283296342432,Medium,422.0725,158.9222534095491
13163,610,1,17.65,2010-04-08 16:21:00,2010-04-08 16:21:00,United Kingdom,1,1,1,111,3,Hibernating,Dormant,,Inactive (>1 yr),,
13164,569,2,372.2,2010-02-10 11:52:00,2010-05-19 13:52:00,United Kingdom,1,2,2,122,5,Hibernating,Dormant,,Inactive (>1 yr),,
13165,46,3,1451.16,2010-10-22 17:04:00,2011-10-24 15:05:00,United Kingdom,4,3,4,434,11,Potential Loyalists,Recent Developing,0.6261211014654064,High,255.37,159.89254568122084
13166,283,2,875.93,2010-10-21 14:29:00,2011-03-01 15:16:00,United Kingdom,2,2,3,223,7,Hibernating,Dormant,0.7621084668802912,High,104.3,79.48791309561437
13167,18,5,1113.15,2010-11-14 12:58:00,2011-11-21 12:24:00,United Kingdom,5,4,3,543,12,Champions,Recent Developing,0.3984599519793941,Medium,194.8325,77.63294859402531
13168,36,5,1840.73,2010-06-15 15:00:00,2011-11-03 12:56:00,United Kingdom,4,4,4,444,12,Loyal Customers,Lapsing Mid-Value,0.4254947427972972,Medium,324.8975,138.24217819798486
13169,63,3,840.08,2010-05-26 15:58:00,2011-10-07 12:11:00,United Kingdom,3,3,3,333,9,Need Attention,Recent Developing,0.666213437866087,High,178.22,118.73255889649403
13170,26,1,108.81,2011-11-13 12:19:00,2011-11-13 12:19:00,United Kingdom,4,1,1,411,6,Promising,Recent Developing,0.7005652855195829,High,27.2025,19.057127179346452
13171,21,3,468.41,2011-02-13 14:16:00,2011-11-18 10:27:00,United Kingdom,4,3,2,432,9,Potential Loyalists,Recent Developing,0.5819744250014345,Medium,117.1025,68.15066010373049
13172,400,1,69.6,2010-11-04 15:10:00,2010-11-04 15:10:00,United Kingdom,2,1,1,211,4,Hibernating,Dormant,,Inactive (>1 yr),,
13173,4,11,2389.82,2009-12-10 12:52:00,2011-12-05 15:51:00,United Kingdom,5,5,4,554,14,Champions,Active High-Value,0.5992268719568093,Medium,46.9275,28.120219033753173
13174,16,11,7972.46,2009-12-04 15:40:00,2011-11-23 14:35:00,United Kingdom,5,5,5,555,15,Champions,Active High-Value,0.3380291210664849,Medium,342.44,115.7546922180071
13175,582,2,831.45,2009-12-04 12:11:00,2010-05-06 13:13:00,United Kingdom,1,2,3,123,6,Hibernating,Dormant,,Inactive (>1 yr),,
13176,46,1,481.49,2011-10-24 15:43:00,2011-10-24 15:43:00,United Kingdom,4,1,2,412,7,Promising,Recent Developing,0.6708239351031889,High,120.3725,80.74875412820862
13177,64,2,512.2,2010-10-05 10:35:00,2011-10-06 09:56:00,United Kingdom,3,2,2,322,7,About to Sleep,Recent Developing,0.8266607600722362,High,70.6125,58.37258292060078
13178,26,21,14059.19,2009-12-16 14:00:00,2011-11-13 16:14:00,United Kingdom,4,5,5,455,14,Loyal Customers,Active High-Value,0.08006673467578007,Low,1431.3675,114.60492184603464
13179,618,1,572.3100000000001,2010-03-31 11:40:00,2010-03-31 11:40:00,United Kingdom,1,1,2,112,4,Hibernating,Dormant,,Inactive (>1 yr),,
13180,607,1,86.10000000000001,2010-04-11 13:37:00,2010-04-11 13:37:00,United Kingdom,1,1,1,111,3,Hibernating,Dormant,,Inactive (>1 yr),,
13181,381,1,359.69,2010-11-23 15:05:00,2010-11-23 15:05:00,United Kingdom,2,1,2,212,5,Hibernating,Dormant,,Inactive (>1 yr),,
13182,45,1,121.18,2011-10-25 13:46:00,2011-10-25 13:46:00,United Kingdom,4,1,1,411,6,Promising,Dormant,0.7454300289794268,High,30.295,22.582802727931735
13183,7,15,7036.18,2010-03-14 12:32:00,2011-12-02 10:30:00,United Kingdom,5,5,5,555,15,Champions,Active High-Value,0.11653110097597,Low,989.445,115.30111520516864
13184,14,10,1667.95,2011-02-22 17:25:00,2011-11-25 12:02:00,United Kingdom,5,5,4,554,14,Champions,Active High-Value,0.24074173866568138,Low,416.9875,100.38629575185581
13185,267,1,71.4,2011-03-17 11:56:00,2011-03-17 11:56:00,United Kingdom,2,1,1,211,4,Hibernating,Dormant,0.8866543598199994,High,17.85,15.826780322786991
13186,39,3,1575.89,2011-08-03 09:09:00,2011-10-31 11:40:00,United Kingdom,4,3,4,434,11,Potential Loyalists,Recent Developing,0.4372604818415588,Medium,393.9725,172.26860518232354
13187,337,4,328.36,2010-03-25 17:18:00,2011-01-06 18:57:00,United Kingdom,2,3,2,232,7,At Risk,Dormant,0.8346674486235548,High,59.005,49.24955280603285
13188,11,1,114.60000000000001,2011-11-28 15:28:00,2011-11-28 15:28:00,United Kingdom,5,1,1,511,7,New Customers,Recent Developing,0.6806871256037689,High,28.650000000000002,19.50168614854798
13189,18,2,260.68,2011-08-16 13:12:00,2011-11-21 10:39:00,United Kingdom,5,2,1,521,8,Potential Loyalists,Recent Developing,0.7000145952776982,High,65.17,45.61995117424759
13190,544,3,570.66,2009-12-07 12:13:00,2010-06-13 15:47:00,United Kingdom,1,3,2,132,6,At Risk,Dormant,,Inactive (>1 yr),,
13191,658,1,159.21,2010-02-19 17:02:00,2010-02-19 17:02:00,United Kingdom,1,1,1,111,3,Hibernating,Dormant,,Inactive (>1 yr),,
13192,95,6,2558.58,2010-01-22 08:37:00,2011-09-05 14:13:00,United Kingdom,3,4,4,344,11,Loyal Customers,Lapsing Mid-Value,0.5549703049244742,Medium,227.985,126.52490496820626
13193,61,1,112.08,2011-10-09 14:30:00,2011-10-09 14:30:00,United Kingdom,3,1,1,311,5,About to Sleep,Dormant,0.7565614434214322,High,28.02,21.19885164466853
13194,135,2,472.78,2010-10-14 11:54:00,2011-07-27 09:01:00,United Kingdom,3,2,2,322,7,About to Sleep,Dormant,0.888913571901108,High,15.175,13.489263453599314
13195,414,1,136.73,2010-10-21 13:07:00,2010-10-21 13:07:00,United Kingdom,1,1,1,111,3,Hibernating,Dormant,,Inactive (>1 yr),,
13196,11,7,3068.84,2010-04-01 12:54:00,2011-11-28 13:54:00,United Kingdom,5,4,5,545,14,Champions,Active High-Value,0.3320682471482385,Medium,449.445,149.24641333954006
13197,609,1,373.01000000000005,2010-04-09 09:14:00,2010-04-09 09:14:00,United Kingdom,1,1,2,112,4,Hibernating,Dormant,,Inactive (>1 yr),,
13198,10,8,4974.2300000000005,2010-10-01 13:27:00,2011-11-29 15:17:00,United Kingdom,5,4,5,545,14,Champions,Active High-Value,0.23339727622930811,Low,850.3100000000001,198.46003795054298
13199,3,66,15949.210000000001,2009-12-05 10:11:00,2011-12-06 12:30:00,United Kingdom,5,5,5,555,15,Champions,Active High-Value,0.016973248970385147,Low,2333.36,39.60470021753789
13200,19,4,870.09,2011-08-05 14:50:00,2011-11-20 15:35:00,United Kingdom,5,3,3,533,11,Potential Loyalists,Recent Developing,0.3672608057341228,Medium,217.5225,79.88748861530073
13201,502,4,1233.06,2010-03-07 11:01:00,2010-07-25 14:30:00,United Kingdom,1,3,4,134,8,At Risk,Lapsing Mid-Value,,Inactive (>1 yr),,
13202,394,7,1580.3,2009-12-09 10:48:00,2010-11-10 16:24:00,United Kingdom,2,4,4,244,10,At Risk,Lapsing Mid-Value,,Inactive (>1 yr),,
13203,9,10,2648.25,2009-12-17 14:15:00,2011-11-30 10:45:00,United Kingdom,5,5,4,554,14,Champions,Active High-Value,0.29740357320404653,Low,217.365,64.64512768949757
13204,731,1,966.6600000000001,2009-12-08 14:56:00,2009-12-08 14:56:00,United Kingdom,1,1,3,113,5,Hibernating,Dormant,,Inactive (>1 yr),,
13205,443,1,2803.2,2010-09-22 16:26:00,2010-09-22 16:26:00,United Kingdom,1,1,4,114,6,Hibernating,Lapsing Mid-Value,,Inactive (>1 yr),,
13206,400,13,8308.19,2009-12-07 13:48:00,2010-11-04 16:50:00,United Kingdom,2,5,5,255,12,Can't Lose Them,Lapsing Mid-Value,,Inactive (>1 yr),,
13207,15,4,535.86,2010-04-06 16:37:00,2011-11-24 14:52:00,United Kingdom,5,3,2,532,10,Potential Loyalists,Recent Developing,0.7172393471954825,High,62.565000000000005,44.87407975728537
13208,59,8,1951.82,2009-12-03 13:25:00,2011-10-11 16:25:00,United Kingdom,3,4,4,344,11,Loyal Customers,Lapsing Mid-Value,0.31554555787304056,Medium,298.2925,94.12487332184396
13209,30,13,8509.51,2010-01-24 14:30:00,2011-11-09 13:54:00,United Kingdom,4,5,5,455,14,Loyal Customers,Active High-Value,0.13227898684061046,Low,1472.9025,194.83405041500222
13210,93,1,353.48,2011-09-07 08:18:00,2011-09-07 08:18:00,United Kingdom,3,1,2,312,6,About to Sleep,Dormant,0.7664221382742892,High,88.37,67.72872435929894
13211,10,10,2618.77,2009-12-06 15:24:00,2011-11-29 14:43:00,United Kingdom,5,5,4,554,14,Champions,Active High-Value,0.39296029326705734,Medium,273.855,107.61414111264999
13212,19,3,786.83,2011-10-09 14:48:00,2011-11-20 12:40:00,United Kingdom,5,3,3,533,11,Potential Loyalists,Recent Developing,0.4034519023458264,Medium,196.7075,79.36201508069165
13213,56,11,3851.52,2010-05-20 14:50:00,2011-10-14 11:42:00,United Kingdom,4,5,5,455,14,Loyal Customers,Active High-Value,0.32575762993210156,Medium,380.145,123.83513423053874
13214,417,7,3264.23,2010-03-03 14:10:00,2010-10-18 10:00:00,United Kingdom,1,4,5,145,10,At Risk,Lapsing Mid-Value,,Inactive (>1 yr),,
13215,402,1,81.6,2010-11-02 18:26:00,2010-11-02 18:26:00,United Kingdom,2,1,1,211,4,Hibernating,Dormant,,Inactive (>1 yr),,
13216,267,1,333.74,2011-03-17 12:18:00,2011-03-17 12:18:00,United Kingdom,2,1,2,212,5,Hibernating,Dormant,0.8378911268501797,High,83.435,69.90944616874475
13217,122,4,666.48,2010-02-22 12:49:00,2011-08-09 15:32:00,United Kingdom,3,3,3,333,9,Need Attention,Lapsing Mid-Value,0.740300123350702,High,133.495,98.82636496670197
13218,127,1,62.63999999999999,2011-08-04 16:59:00,2011-08-04 16:59:00,United Kingdom,3,1,1,311,5,About to Sleep,Dormant,0.8533767928150585,High,15.659999999999998,13.363880575483815
13219,618,1,76.23,2010-03-31 14:18:00,2010-03-31 14:18:00,United Kingdom,1,1,1,111,3,Hibernating,Dormant,,Inactive (>1 yr),,
13220,78,5,1336.0900000000001,2010-05-13 10:35:00,2011-09-22 13:38:00,United Kingdom,3,4,4,344,11,Loyal Customers,Lapsing Mid-Value,0.45909806967735955,Medium,204.82250000000002,94.03361437649099
13221,240,2,844.86,2010-12-15 13:24:00,2011-04-13 16:58:00,United Kingdom,2,2,3,223,7,Hibernating,Dormant,0.6706383742432229,High,211.215,141.64888421578235
13222,577,1,88.5,2010-05-11 13:54:00,2010-05-11 13:54:00,United Kingdom,1,1,1,111,3,Hibernating,Dormant,,Inactive (>1 yr),,
13223,200,6,969.1200000000001,2010-02-12 13:27:00,2011-05-23 13:03:00,United Kingdom,2,4,3,243,9,At Risk,Lapsing Mid-Value,0.7181665703227476,High,40.800000000000004,29.301196069168103
13224,60,2,2152.95,2011-07-11 14:10:00,2011-10-10 14:55:00,United Kingdom,3,2,4,324,9,About to Sleep,Lapsing Mid-Value,0.5561050292300233,Medium,538.2375,299.31658067019464
13225,3,16,16260.07,2009-12-17 09:09:00,2011-12-06 13:29:00,United Kingdom,5,5,5,555,15,Champions,Active High-Value,0.16325651003091268,Low,1615.96,263.8159899495537
13226,273,2,312.46,2010-11-11 13:46:00,2011-03-11 14:35:00,United Kingdom,2,2,2,222,6,Hibernating,Dormant,0.822738367666466,High,27.052500000000002,22.257129691297074
13227,201,1,257.7,2011-05-22 11:47:00,2011-05-22 11:47:00,United Kingdom,2,1,1,211,4,Hibernating,Dormant,0.8274071401981535,High,64.425,53.30570500726604
13228,81,1,358.0,2011-09-19 14:28:00,2011-09-19 14:28:00,United Kingdom,3,1,2,312,6,About to Sleep,Dormant,0.7653649567387365,High,89.5,68.50016362811692
13229,225,1,160.95,2011-04-28 12:07:00,2011-04-28 12:07:00,United Kingdom,2,1,1,211,4,Hibernating,Dormant,0.8451546728497396,High,40.2375,34.006911148791396
13230,4,30,6109.51,2010-03-18 20:02:00,2011-12-05 16:03:00,United Kingdom,5,5,5,555,15,Champions,Active High-Value,0.0813829919871766,Low,665.545,54.16404340210545
13232,12,7,1327.75,2011-04-10 13:48:00,2011-11-27 10:39:00,United Kingdom,5,4,4,544,13,Champions,Recent Developing,0.25710695054072275,Low,331.9375,85.34343839511115
13233,74,4,1176.46,2010-01-14 14:10:00,2011-09-26 13:25:00,United Kingdom,3,3,3,333,9,Need Attention,Lapsing Mid-Value,0.6020540782730652,High,151.28,91.07874096114931
13234,672,2,346.5,2009-12-07 12:32:00,2010-02-05 11:41:00,United Kingdom,1,2,2,122,5,Hibernating,Dormant,,Inactive (>1 yr),,
13235,212,1,1031.07,2011-05-11 17:13:00,2011-05-11 17:13:00,United Kingdom,2,1,3,213,6,Hibernating,Dormant,0.7606931028145695,High,257.7675,196.08195937975452
13236,24,2,744.85,2011-08-25 08:58:00,2011-11-15 12:50:00,United Kingdom,4,2,3,423,9,Potential Loyalists,Recent Developing,0.6303285198672091,High,186.2125,117.37504950577267
13237,387,1,643.0,2010-11-17 10:07:00,2010-11-17 10:07:00,United Kingdom,2,1,3,213,6,Hibernating,Dormant,,Inactive (>1 yr),,
13238,17,6,1006.63,2010-04-28 15:02:00,2011-11-22 15:37:00,United Kingdom,5,4,3,543,12,Champions,Recent Developing,0.46096061455416676,Medium,175.1825,80.75223285913532
13239,261,5,1594.69,2010-07-25 13:34:00,2011-03-23 10:25:00,United Kingdom,2,4,4,244,10,At Risk,Lapsing Mid-Value,0.7623056207440033,High,82.39,62.806360093098434
13240,96,8,1455.39,2010-02-25 13:17:00,2011-09-04 14:08:00,United Kingdom,3,4,4,344,11,Loyal Customers,Lapsing Mid-Value,0.5136032472492977,Medium,106.1575,54.52283671986732
13241,411,1,112.53,2010-10-24 11:17:00,2010-10-24 11:17:00,United Kingdom,1,1,1,111,3,Hibernating,Dormant,,Inactive (>1 yr),,
13242,112,7,699.4,2010-02-09 13:12:00,2011-08-19 12:53:00,United Kingdom,3,4,3,343,10,Loyal Customers,Lapsing Mid-Value,0.5982174393628056,Medium,67.60000000000001,40.43949890092566
13243,203,5,1220.38,2010-03-18 13:10:00,2011-05-20 13:14:00,United Kingdom,2,4,4,244,10,At Risk,Lapsing Mid-Value,0.7234690796096627,High,146.28,105.82905696530146
13244,92,1,121.74000000000001,2011-09-08 11:46:00,2011-09-08 11:46:00,United Kingdom,3,1,1,311,5,About to Sleep,Dormant,0.8018495569302578,High,30.435000000000002,24.4042912651724
13245,50,2,989.22,2010-10-03 14:03:00,2011-10-20 11:40:00,United Kingdom,4,2,3,423,9,Potential Loyalists,Recent Developing,0.8266444706407263,High,107.625,88.96761115270817
13246,18,11,3351.75,2010-07-02 13:36:00,2011-11-21 16:50:00,United Kingdom,5,5,5,555,15,Champions,Active High-Value,0.22544915302418092,Low,490.38,110.55575565999784
13247,17,4,501.12,2011-09-18 11:31:00,2011-11-22 10:59:00,United Kingdom,5,3,2,532,10,Potential Loyalists,Recent Developing,0.351349095859997,Medium,125.28,44.017014729340424
13248,124,2,465.68,2011-06-03 13:05:00,2011-08-07 12:40:00,United Kingdom,3,2,2,322,7,About to Sleep,Dormant,0.668445713185142,High,116.42,77.82044992901423
13249,92,9,1608.93,2010-01-24 12:11:00,2011-09-08 13:26:00,United Kingdom,3,5,4,354,12,Loyal Customers,Lapsing Mid-Value,0.47354179512261135,Medium,177.8525,84.22059211704423
13250,460,2,253.09,2010-07-25 14:01:00,2010-09-05 11:33:00,United Kingdom,1,2,1,121,4,Hibernating,Dormant,,Inactive (>1 yr),,
13251,402,1,252.68,2010-11-02 13:20:00,2010-11-02 13:20:00,United Kingdom,2,1,1,211,4,Hibernating,Dormant,,Inactive (>1 yr),,
13252,394,2,399.3,2010-03-24 10:30:00,2010-11-10 16:00:00,United Kingdom,2,2,2,222,6,Hibernating,Dormant,,Inactive (>1 yr),,
13253,156,4,2951.11,2010-01-05 12:13:00,2011-07-06 10:09:00,United Kingdom,3,3,5,335,11,Need Attention,Lapsing Mid-Value,0.6188167631309838,High,257.6,159.40719818254144
13254,376,1,51.410000000000004,2010-11-28 15:42:00,2010-11-28 15:42:00,United Kingdom,2,1,1,211,4,Hibernating,Dormant,,Inactive (>1 yr),,
13255,9,3,678.76,2010-07-15 13:20:00,2011-11-30 13:14:00,United Kingdom,5,3,3,533,11,Potential Loyalists,Recent Developing,0.8472699635975435,High,43.4525,36.815998093222255
13257,436,1,149.75,2010-09-29 14:58:00,2010-09-29 14:58:00,United Kingdom,1,1,1,111,3,Hibernating,Dormant,,Inactive (>1 yr),,
13258,11,5,1009.43,2010-11-04 12:45:00,2011-11-28 09:31:00,United Kingdom,5,4,3,543,12,Champions,Recent Developing,0.5818788193558491,Medium,168.2075,97.87638150679899
13259,61,9,1398.79,2010-01-10 10:26:00,2011-10-09 10:48:00,United Kingdom,3,5,4,354,12,Loyal Customers,Lapsing Mid-Value,0.5800117801012554,Medium,70.795,41.06193397226838
13260,61,1,557.62,2011-10-09 13:21:00,2011-10-09 13:21:00,United Kingdom,3,1,2,312,6,About to Sleep,Recent Developing,0.7172871803546039,High,139.405,99.99341937733357
13261,268,2,944.1,2011-02-27 10:41:00,2011-03-16 12:22:00,United Kingdom,2,2,3,223,7,Hibernating,Dormant,0.7081467371470841,High,236.025,167.14033363514054
13262,263,3,573.45,2010-04-18 12:14:00,2011-03-21 15:06:00,United Kingdom,2,3,2,232,7,At Risk,Dormant,0.775344095589323,High,50.0725,38.82341722639638
13263,1,38,8650.98,2010-10-22 17:07:00,2011-12-08 13:59:00,United Kingdom,5,5,5,555,15,Champions,Active High-Value,0.029954887580547433,Low,1852.9275,55.504234957404805
13264,442,1,722.5600000000001,2010-09-23 12:42:00,2010-09-23 12:42:00,United Kingdom,1,1,3,113,5,Hibernating,Dormant,,Inactive (>1 yr),,
13265,53,5,2092.66,2011-03-11 09:54:00,2011-10-17 15:02:00,United Kingdom,4,4,4,444,12,Loyal Customers,Lapsing Mid-Value,0.29727189451453395,Low,523.165,155.52225069369615
13266,11,19,6135.04,2009-12-17 10:52:00,2011-11-28 14:39:00,United Kingdom,5,5,5,555,15,Champions,Active High-Value,0.08274688774416081,Low,958.5649999999999,79.3182704504815
13267,2,36,9429.81,2009-12-07 16:56:00,2011-12-07 11:12:00,United Kingdom,5,5,5,555,15,Champions,Active High-Value,0.06354877861091777,Low,1048.26,66.61564266668067
13268,17,10,3152.71,2011-03-17 13:20:00,2011-11-22 11:34:00,United Kingdom,5,5,5,555,15,Champions,Active High-Value,0.14698445159538778,Low,788.1775,115.84983759732376
13269,1,28,8537.32,2009-12-02 11:47:00,2011-12-08 14:53:00,United Kingdom,5,5,5,555,15,Champions,Active High-Value,0.06381282910569495,Low,1247.9625,79.63601774281585
13270,366,1,590.0,2010-12-08 14:53:00,2010-12-08 14:53:00,United Kingdom,2,1,2,212,5,Hibernating,Dormant,,Inactive (>1 yr),,
13271,37,1,211.49,2011-11-02 14:31:00,2011-11-02 14:31:00,United Kingdom,4,1,1,411,6,Promising,Recent Developing,0.6995427736963169,High,52.8725,36.986575302258515
13272,31,2,276.56,2011-09-11 12:06:00,2011-11-08 14:00:00,United Kingdom,4,2,1,421,7,Potential Loyalists,Recent Developing,0.5989949819107504,Medium,69.14,41.414513049309285
13273,113,1,138.98,2011-08-18 14:02:00,2011-08-18 14:02:00,United Kingdom,3,1,1,311,5,About to Sleep,Dormant,0.8136441713056923,High,34.745,28.27006673201628
13274,409,1,360.85,2010-10-26 13:48:00,2010-10-26 13:48:00,United Kingdom,1,1,2,112,4,Hibernating,Dormant,,Inactive (>1 yr),,
13275,383,2,238.86,2010-03-17 14:05:00,2010-11-21 12:09:00,United Kingdom,2,2,1,221,5,Hibernating,Dormant,,Inactive (>1 yr),,
13276,63,5,1891.91,2010-03-07 14:05:00,2011-10-07 12:44:00,United Kingdom,3,4,4,344,11,Loyal Customers,Lapsing Mid-Value,0.5416284427623738,Medium,147.73250000000002,80.01612392039239
13277,15,7,523.3,2010-06-18 08:45:00,2011-11-24 09:21:00,United Kingdom,5,4,2,542,11,Champions,Recent Developing,0.46616650806932297,Medium,64.6,30.114356421278263
13278,40,4,1425.35,2010-04-08 11:59:00,2011-10-30 11:49:00,United Kingdom,4,3,4,434,11,Potential Loyalists,Recent Developing,0.6591068390505349,High,135.6825,89.42926368947421
13279,78,1,137.75,2011-09-22 17:24:00,2011-09-22 17:24:00,United Kingdom,3,1,1,311,5,About to Sleep,Dormant,0.7817879717921001,High,34.4375,26.92282327859045
13280,122,7,2293.33,2010-03-05 09:07:00,2011-08-09 13:14:00,United Kingdom,3,4,4,344,11,Loyal Customers,Lapsing Mid-Value,0.5573534674188795,Medium,199.615,111.25611239881964
13281,439,1,350.85,2010-09-26 16:03:00,2010-09-26 16:03:00,United Kingdom,1,1,2,112,4,Hibernating,Dormant,,Inactive (>1 yr),,
13282,18,4,1313.19,2010-10-29 14:11:00,2011-11-21 15:33:00,United Kingdom,5,3,4,534,12,Potential Loyalists,Recent Developing,0.5371343293192601,Medium,283.035,152.02781489887678
13283,59,4,373.36,2010-03-09 14:36:00,2011-10-11 09:50:00,United Kingdom,3,3,2,332,8,Need Attention,Recent Developing,0.7219525067698603,High,23.415,16.90451794601628
13284,330,1,201.19,2011-01-13 09:23:00,2011-01-13 09:23:00,United Kingdom,2,1,1,211,4,Hibernating,Dormant,0.8538056319289528,High,50.2975,42.9442887719465
13285,23,6,3364.59,2010-03-25 14:26:00,2011-11-16 13:19:00,United Kingdom,4,4,5,445,13,Loyal Customers,Active High-Value,0.3576891381884536,Medium,677.28,242.25569951227584
13286,600,1,734.91,2010-04-18 15:35:00,2010-04-18 15:35:00,United Kingdom,1,1,3,113,5,Hibernating,Dormant,,Inactive (>1 yr),,
13287,603,3,781.59,2010-01-04 10:43:00,2010-04-15 15:26:00,United Kingdom,1,3,3,133,7,At Risk,Dormant,,Inactive (>1 yr),,
13288,443,5,927.61,2010-02-11 14:59:00,2010-09-22 16:32:00,United Kingdom,1,4,3,143,8,At Risk,Lapsing Mid-Value,,Inactive (>1 yr),,
13289,723,1,307.95,2009-12-16 11:53:00,2009-12-16 11:53:00,United Kingdom,1,1,2,112,4,Hibernating,Dormant,,Inactive (>1 yr),,
13291,155,11,3270.79,2010-02-11 18:36:00,2011-07-07 10:36:00,United Kingdom,3,5,5,355,13,Loyal Customers,Lapsing Mid-Value,0.6289566798417969,High,90.2775,56.78063666441783
13292,38,5,994.51,2010-07-01 14:36:00,2011-11-01 10:04:00,United Kingdom,4,4,3,443,11,Loyal Customers,Recent Developing,0.5272172190841264,Medium,144.73499999999999,76.30678420414104
13293,392,6,1192.94,2010-02-09 12:05:00,2010-11-12 13:28:00,United Kingdom,2,4,3,243,9,At Risk,Lapsing Mid-Value,,Inactive (>1 yr),,
13294,189,3,1689.53,2010-03-03 12:54:00,2011-06-03 08:54:00,United Kingdom,2,3,4,234,9,At Risk,Lapsing Mid-Value,0.6636008300534889,High,218.435,144.95364731273386
13295,359,4,1101.97,2010-05-12 09:13:00,2010-12-15 11:21:00,United Kingdom,2,3,3,233,8,At Risk,Lapsing Mid-Value,0.791710407307723,High,50.300000000000004,39.82303348757847
13296,137,6,792.51,2010-05-11 14:29:00,2011-07-25 13:46:00,United Kingdom,3,4,3,343,10,Loyal Customers,Lapsing Mid-Value,0.7313189780323078,High,21.85,15.979319670005927
13297,7,7,4368.62,2010-06-15 12:35:00,2011-12-02 09:32:00,United Kingdom,5,4,5,545,14,Champions,Active High-Value,0.31985454200301544,Medium,522.4625,167.11200365125046
13298,1,1,360.0,2011-12-08 13:11:00,2011-12-08 13:11:00,United Kingdom,5,1,2,512,8,New Customers,Recent Developing,0.4955028090797843,Medium,90.0,44.59525281718059
13299,268,3,1218.7,2010-06-29 11:30:00,2011-03-16 12:55:00,United Kingdom,2,3,4,234,9,At Risk,Lapsing Mid-Value,0.814711351350294,High,35.625,29.024091891854226
13300,169,3,1285.51,2010-05-14 15:56:00,2011-06-23 13:09:00,United Kingdom,3,3,4,334,10,Need Attention,Lapsing Mid-Value,0.7522329782104765,High,92.9725,69.93698056667353
13301,103,4,600.19,2011-02-20 13:13:00,2011-08-28 11:25:00,United Kingdom,3,3,2,332,8,Need Attention,Lapsing Mid-Value,0.5152288392136952,Medium,150.0475,77.30879925191694
13302,155,2,159.2,2010-07-01 12:32:00,2011-07-07 17:56:00,United Kingdom,3,2,1,321,6,About to Sleep,Dormant,0.886590828165989,High,15.9375,14.13004132389545
13303,400,1,61.72,2010-11-04 14:55:00,2010-11-04 14:55:00,United Kingdom,2,1,1,211,4,Hibernating,Dormant,,Inactive (>1 yr),,
13304,351,4,1217.99,2010-02-08 12:42:00,2010-12-23 14:35:00,United Kingdom,2,3,4,234,9,At Risk,Lapsing Mid-Value,0.7641828704883823,High,75.105,57.393954488029955
13305,4,16,3616.41,2010-03-10 14:49:00,2011-12-05 15:15:00,United Kingdom,5,5,5,555,15,Champions,Active High-Value,0.14917974109286175,Low,466.165,69.5423740065539
13306,430,1,53.65,2010-10-05 14:55:00,2010-10-05 14:55:00,United Kingdom,1,1,1,111,3,Hibernating,Dormant,,Inactive (>1 yr),,
13307,120,3,273.34,2010-04-26 13:28:00,2011-08-11 17:14:00,United Kingdom,3,3,1,331,7,Need Attention,Dormant,0.8956380643930517,High,3.75,3.358642741473944
13308,22,4,1670.3700000000001,2010-04-22 09:22:00,2011-11-17 09:31:00,United Kingdom,4,3,4,434,11,Potential Loyalists,Recent Developing,0.5070596248642634,Medium,346.3775,175.63404521142138
13309,7,6,1706.3700000000001,2010-11-12 12:10:00,2011-12-02 16:34:00,United Kingdom,5,4,4,544,13,Champions,Recent Developing,0.2992196790433924,Low,364.1975,108.9750590584059
13310,28,5,1541.2,2010-11-02 17:03:00,2011-11-11 17:23:00,United Kingdom,4,4,4,444,12,Loyal Customers,Recent Developing,0.4854684530994154,Medium,283.0075,137.3912132405328
13311,4,2,598.57,2011-07-12 14:26:00,2011-12-05 12:55:00,United Kingdom,5,2,2,522,9,Potential Loyalists,Recent Developing,0.7814696765859198,High,149.6425,116.94107607850852
13312,451,1,124.75,2010-09-14 14:36:00,2010-09-14 14:36:00,United Kingdom,1,1,1,111,3,Hibernating,Dormant,,Inactive (>1 yr),,
13313,22,12,3445.32,2009-12-02 16:18:00,2011-11-17 16:48:00,United Kingdom,4,5,5,455,14,Loyal Customers,Active High-Value,0.2322729420495414,Low,388.83,90.31468805712318
13314,1,3,775.94,2011-09-27 10:20:00,2011-12-08 12:29:00,United Kingdom,5,3,3,533,11,Potential Loyalists,Recent Developing,0.48832369426742456,Medium,193.985,94.72747183246636
13315,689,1,310.26,2010-01-19 15:34:00,2010-01-19 15:34:00,United Kingdom,1,1,2,112,4,Hibernating,Dormant,,Inactive (>1 yr),,
13316,37,10,12940.82,2010-03-10 10:01:00,2011-11-02 13:40:00,United Kingdom,4,5,5,455,14,Loyal Customers,Active High-Value,0.21767326619660157,Low,1433.2325,311.97639949412076
13317,66,19,6486.09,2009-12-13 11:11:00,2011-10-04 13:35:00,United Kingdom,3,5,5,355,13,Loyal Customers,Active High-Value,0.25536148532408914,Low,568.42,145.15257548791874
13318,1,3,640.76,2011-11-02 13:26:00,2011-12-08 18:51:00,United Kingdom,5,3,3,533,11,Potential Loyalists,Recent Developing,0.47931166380026924,Medium,160.19,76.78093542416512
13319,5,58,21323.22,2009-12-06 14:46:00,2011-12-04 13:34:00,United Kingdom,5,5,5,555,15,Champions,Active High-Value,0.026645085825443095,Low,2521.5675,67.18738245214799
13320,78,6,2211.6,2010-08-18 10:29:00,2011-09-22 18:07:00,United Kingdom,3,4,4,344,11,Loyal Customers,Lapsing Mid-Value,0.4227365806346796,Medium,383.05,161.92924721211403
13321,72,2,567.36,2011-09-14 15:18:00,2011-09-28 15:24:00,United Kingdom,3,2,2,322,7,About to Sleep,Recent Developing,0.6631238101040305,High,141.84,94.0574812251557
13322,17,1,199.48000000000002,2011-11-22 14:21:00,2011-11-22 14:21:00,United Kingdom,5,1,1,511,7,New Customers,Recent Developing,0.6516600923418817,High,49.870000000000005,32.49828880508964
13323,3,5,787.85,2011-09-16 13:23:00,2011-12-06 17:12:00,United Kingdom,5,4,3,543,12,Champions,Recent Developing,0.3272372492784714,Medium,196.9625,64.45346671101093
13324,36,18,10513.47,2010-05-25 10:23:00,2011-11-03 16:28:00,United Kingdom,4,5,5,455,14,Loyal Customers,Active High-Value,0.13926387296798376,Low,1780.4875,247.957585021083
13325,81,1,675.3,2011-09-19 10:36:00,2011-09-19 10:36:00,United Kingdom,3,1,3,313,7,About to Sleep,Dormant,0.7231253065347027,High,168.825,122.08162987572118
13326,432,1,281.76,2010-10-03 16:00:00,2010-10-03 16:00:00,United Kingdom,1,1,1,111,3,Hibernating,Dormant,,Inactive (>1 yr),,
13327,38,19,9052.87,2009-12-18 15:35:00,2011-11-01 10:21:00,United Kingdom,4,5,5,455,14,Loyal Customers,Active High-Value,0.1606189691256892,Low,720.6925,115.75688640661576
13328,316,1,1308.48,2011-01-27 15:22:00,2011-01-27 15:22:00,United Kingdom,2,1,4,214,7,Hibernating,Dormant,0.7889207859097426,High,327.12,258.071767486795
13329,31,8,4808.77,2009-12-04 15:41:00,2011-11-08 10:29:00,United Kingdom,4,4,5,445,13,Loyal Customers,Active High-Value,0.6099133562647546,High,121.19999999999999,73.92149877928826
13330,92,6,2796.1,2010-02-23 10:12:00,2011-09-08 12:27:00,United Kingdom,3,4,4,344,11,Loyal Customers,Lapsing Mid-Value,0.4775173873438863,Medium,285.2325,136.20347818556507
13331,401,1,262.4,2010-11-03 08:04:00,2010-11-03 08:04:00,United Kingdom,2,1,1,211,4,Hibernating,Dormant,,Inactive (>1 yr),,
13332,14,1,350.9,2011-11-25 13:30:00,2011-11-25 13:30:00,United Kingdom,5,1,2,512,8,New Customers,Recent Developing,0.6185484347824426,High,87.725,54.26216144128977
13333,411,3,1015.74,2010-02-19 09:26:00,2010-10-24 13:24:00,United Kingdom,1,3,3,133,7,At Risk,Lapsing Mid-Value,,Inactive (>1 yr),,
13334,82,5,6201.8,2010-02-25 12:21:00,2011-09-18 15:21:00,United Kingdom,3,4,5,345,12,Loyal Customers,Lapsing Mid-Value,0.3997761778410133,Medium,875.58,350.03602579403446
13336,77,1,795.12,2011-09-23 14:05:00,2011-09-23 14:05:00,United Kingdom,3,1,3,313,7,About to Sleep,Recent Developing,0.6918475923323474,High,198.78,137.525464403824
13337,546,1,1575.26,2010-06-11 13:27:00,2010-06-11 13:27:00,United Kingdom,1,1,4,114,6,Hibernating,Dormant,,Inactive (>1 yr),,
13338,157,4,2345.62,2010-01-05 12:25:00,2011-07-05 09:06:00,United Kingdom,3,3,4,334,10,Need Attention,Lapsing Mid-Value,0.710575463465276,High,109.255,77.63392226089873
13339,200,1,860.12,2011-05-23 08:31:00,2011-05-23 08:31:00,United Kingdom,2,1,3,213,6,Hibernating,Dormant,0.7641056537514339,High,215.03,164.30563872617083
13340,45,12,22100.56,2010-02-22 14:54:00,2011-10-25 13:15:00,United Kingdom,4,5,5,455,14,Loyal Customers,Active High-Value,0.18673641688940235,Low,2684.12,501.2229513011826
13341,260,1,775.85,2011-03-24 09:50:00,2011-03-24 09:50:00,United Kingdom,2,1,3,213,6,Hibernating,Dormant,0.7859780408908174,High,193.9625,152.45026575628518
13343,177,1,303.43,2011-06-15 12:24:00,2011-06-15 12:24:00,United Kingdom,3,1,2,312,6,About to Sleep,Dormant,0.8187676464141386,High,75.8575,62.109666737860515
13344,67,3,2511.69,2011-03-07 10:28:00,2011-10-03 09:45:00,United Kingdom,3,3,4,334,10,Need Attention,Lapsing Mid-Value,0.5001903708061711,Medium,627.9225,314.080788112538
13345,287,1,339.5,2011-02-25 09:01:00,2011-02-25 09:01:00,United Kingdom,2,1,2,212,5,Hibernating,Dormant,0.8298187277725886,High,84.875,70.43086451969846
13346,462,6,299.4,2010-04-22 12:34:00,2010-09-03 11:41:00,United Kingdom,1,4,2,142,7,At Risk,Dormant,,Inactive (>1 yr),,
13347,70,1,291.36,2011-09-30 13:28:00,2011-09-30 13:28:00,United Kingdom,3,1,2,312,6,About to Sleep,Dormant,0.7494150411423759,High,72.84,54.58739159681066
13348,64,1,233.76,2011-10-06 17:28:00,2011-10-06 17:28:00,United Kingdom,3,1,1,311,5,About to Sleep,Dormant,0.7419793962635178,High,58.44,43.36127591763998
13349,10,1,197.32,2011-11-29 08:07:00,2011-11-29 08:07:00,United Kingdom,5,1,1,511,7,New Customers,Recent Developing,0.6240153609794538,High,49.33,30.782677757116453
13350,16,2,879.12,2011-09-21 13:33:00,2011-11-23 16:33:00,United Kingdom,5,2,3,523,10,Potential Loyalists,Recent Developing,0.5702592189264646,Medium,219.78,125.3315711356584
13351,66,1,323.94,2011-10-04 12:55:00,2011-10-04 12:55:00,United Kingdom,3,1,2,312,6,About to Sleep,Dormant,0.7320536068005228,High,80.985,59.28536134674034
13352,60,1,347.97999999999996,2011-10-10 13:55:00,2011-10-10 13:55:00,United Kingdom,3,1,2,312,6,About to Sleep,Dormant,0.7194981914728823,High,86.99499999999999,62.59274516718339
13354,71,1,743.53,2011-09-29 13:17:00,2011-09-29 13:17:00,United Kingdom,3,1,3,313,7,About to Sleep,Recent Developing,0.68878948644473,High,185.8825,128.03391171406253
13355,122,1,674.7,2011-08-09 14:48:00,2011-08-09 14:48:00,United Kingdom,3,1,3,313,7,About to Sleep,Dormant,0.7518174521865508,High,168.675,126.81280874756646
13356,80,1,768.24,2011-09-20 14:33:00,2011-09-20 14:33:00,United Kingdom,3,1,3,313,7,About to Sleep,Recent Developing,0.6987905996737565,High,192.06,134.20972257334168
13357,257,5,3795.0099999999998,2010-03-22 14:30:00,2011-03-27 13:56:00,United Kingdom,2,4,5,245,11,At Risk,Lapsing Mid-Value,0.71732211227882,High,152.35,109.28402380567823
13358,268,1,389.03,2011-03-16 11:52:00,2011-03-16 11:52:00,United Kingdom,2,1,2,212,5,Hibernating,Dormant,0.8159770430135032,High,97.2575,79.35988726088578
13359,63,2,943.3100000000001,2010-11-01 15:05:00,2011-10-07 09:30:00,United Kingdom,3,2,3,323,8,About to Sleep,Recent Developing,0.8142362066500686,High,97.39,79.29846416565017
13360,431,4,1503.65,2010-01-08 11:16:00,2010-10-04 12:37:00,United Kingdom,1,3,4,134,8,At Risk,Lapsing Mid-Value,,Inactive (>1 yr),,
13361,472,2,1450.5,2010-04-01 07:49:00,2010-08-24 14:56:00,United Kingdom,1,2,4,124,7,Hibernating,Lapsing Mid-Value,,Inactive (>1 yr),,
13362,9,7,5394.07,2010-10-10 15:27:00,2011-11-30 14:41:00,United Kingdom,5,4,5,545,14,Champions,Active High-Value,0.3030799751174812,Medium,772.6850000000001,234.18535057365096
13363,17,3,1623.86,2010-10-26 11:07:00,2011-11-22 12:40:00,United Kingdom,5,3,4,534,12,Potential Loyalists,Recent Developing,0.6388109006976288,High,223.125,142.53468221815842
13364,71,1,134.95999999999998,2011-09-29 18:13:00,2011-09-29 18:13:00,United Kingdom,3,1,1,311,5,About to Sleep,Dormant,0.8191332010687313,High,33.739999999999995,27.63755420405899
13365,33,2,2225.37,2011-05-06 12:00:00,2011-11-06 12:36:00,United Kingdom,4,2,4,424,10,Potential Loyalists,Recent Developing,0.6512705267713611,High,556.3425,362.32947304029597
13366,50,1,56.160000000000004,2011-10-20 13:37:00,2011-10-20 13:37:00,United Kingdom,4,1,1,411,6,Promising,Dormant,0.7984924679913293,High,14.040000000000001,11.210834250598264
13367,431,1,460.20000000000005,2010-10-04 10:00:00,2010-10-04 10:00:00,United Kingdom,1,1,2,112,4,Hibernating,Dormant,,Inactive (>1 yr),,
13368,256,4,1021.5,2010-10-12 10:43:00,2011-03-28 09:59:00,United Kingdom,2,3,3,233,8,At Risk,Lapsing Mid-Value,0.7224886263634048,High,143.35,103.56874458919408
13369,365,1,258.28000000000003,2010-12-09 11:30:00,2010-12-09 11:30:00,United Kingdom,2,1,1,211,4,Hibernating,Dormant,,Inactive (>1 yr),,
13370,371,1,754.87,2010-12-03 10:26:00,2010-12-03 10:26:00,United Kingdom,2,1,3,213,6,Hibernating,Dormant,,Inactive (>1 yr),,
13371,505,2,2297.66,2010-03-17 15:29:00,2010-07-22 17:33:00,United Kingdom,1,2,4,124,7,Hibernating,Lapsing Mid-Value,,Inactive (>1 yr),,
13372,89,1,328.64,2011-09-11 12:46:00,2011-09-11 12:46:00,United Kingdom,3,1,2,312,6,About to Sleep,Dormant,0.7445774972537368,High,82.16,61.17448717436701
13373,60,6,7587.1900000000005,2009-12-06 12:34:00,2011-10-10 10:51:00,United Kingdom,3,4,5,345,12,Loyal Customers,Lapsing Mid-Value,0.3801003818877616,Medium,828.0625,314.7468724769346
13374,414,2,372.8,2010-09-16 10:29:00,2010-10-21 10:04:00,United Kingdom,1,2,2,122,5,Hibernating,Dormant,,Inactive (>1 yr),,
13375,88,2,1792.23,2010-09-21 08:12:00,2011-09-12 10:19:00,United Kingdom,3,2,4,324,9,About to Sleep,Lapsing Mid-Value,0.7825830441263568,High,194.6625,152.33957182724694
13376,99,3,869.76,2011-04-19 13:03:00,2011-09-01 16:16:00,United Kingdom,3,3,3,333,9,Need Attention,Lapsing Mid-Value,0.5593700124675123,Medium,217.44,121.62941551093587
13377,396,2,1452.88,2010-03-04 10:06:00,2010-11-08 12:20:00,United Kingdom,2,2,4,224,8,Hibernating,Lapsing Mid-Value,,Inactive (>1 yr),,
13379,26,3,572.56,2011-07-26 12:26:00,2011-11-13 13:45:00,United Kingdom,4,3,2,432,9,Potential Loyalists,Recent Developing,0.4447856100086704,Medium,143.14,63.66661221664108
13380,432,1,62.4,2010-10-03 10:18:00,2010-10-03 10:18:00,United Kingdom,1,1,1,111,3,Hibernating,Dormant,,Inactive (>1 yr),,
13381,31,12,8224.37,2009-12-01 15:19:00,2011-11-08 11:58:00,United Kingdom,4,5,5,455,14,Loyal Customers,Active High-Value,0.16633795006661356,Low,909.8275,151.33884126423186
13382,280,5,1387.58,2009-12-08 09:56:00,2011-03-04 10:03:00,United Kingdom,2,4,4,244,10,At Risk,Lapsing Mid-Value,0.7803809086053553,High,55.7475,43.504284702477044
13383,543,1,305.28000000000003,2010-06-14 11:45:00,2010-06-14 11:45:00,United Kingdom,1,1,2,112,4,Hibernating,Dormant,,Inactive (>1 yr),,
13384,30,11,6680.83,2010-07-27 12:22:00,2011-11-09 11:04:00,United Kingdom,4,5,5,455,14,Loyal Customers,Active High-Value,0.14545390966724833,Low,1037.9825,150.97861279118462
13385,329,1,534.57,2011-01-14 09:52:00,2011-01-14 09:52:00,United Kingdom,2,1,2,212,5,Hibernating,Dormant,0.8131156359494409,High,133.6425,108.66680637737316
13386,414,2,835.46,2010-09-28 13:09:00,2010-10-21 12:52:00,United Kingdom,1,2,3,123,6,Hibernating,Dormant,,Inactive (>1 yr),,
13387,417,1,181.84,2010-10-18 14:07:00,2010-10-18 14:07:00,United Kingdom,1,1,1,111,3,Hibernating,Dormant,,Inactive (>1 yr),,
13388,131,3,1185.65,2010-04-15 10:18:00,2011-07-31 12:52:00,United Kingdom,3,3,3,333,9,Need Attention,Lapsing Mid-Value,0.7457952879552052,High,169.275,126.24449736861737
13389,11,3,797.96,2011-04-21 12:12:00,2011-11-28 14:01:00,United Kingdom,5,3,3,533,11,Potential Loyalists,Recent Developing,0.547382298054356,Medium,199.49,109.19729463886348
13390,74,1,544.08,2011-09-26 08:38:00,2011-09-26 08:38:00,United Kingdom,3,1,2,312,6,About to Sleep,Dormant,0.7236527124739126,High,136.02,98.4312419507016
13391,203,1,59.8,2011-05-20 10:50:00,2011-05-20 10:50:00,United Kingdom,2,1,1,211,4,Hibernating,Dormant,0.881475399010984,High,14.95,13.17805721521421
13392,677,1,91.14,2010-01-31 13:34:00,2010-01-31 13:34:00,United Kingdom,1,1,1,111,3,Hibernating,Dormant,,Inactive (>1 yr),,
13393,583,4,1131.45,2009-12-07 18:12:00,2010-05-05 09:34:00,United Kingdom,1,3,3,133,7,At Risk,Lapsing Mid-Value,,Inactive (>1 yr),,
13394,1,19,6621.7,2009-12-01 11:58:00,2011-12-08 11:36:00,United Kingdom,5,5,5,555,15,Champions,Active High-Value,0.1312471385806147,Low,630.005,82.68635354148017
13395,185,3,1180.23,2010-10-14 13:00:00,2011-06-07 15:04:00,United Kingdom,3,3,3,333,9,Need Attention,Lapsing Mid-Value,0.7404406985517278,High,76.93,56.962102939584426
13396,29,2,1360.99,2011-01-24 13:37:00,2011-11-10 16:59:00,United Kingdom,4,2,4,424,10,Potential Loyalists,Recent Developing,0.7458463377377672,High,340.2475,253.77235179943094
13397,72,10,3191.87,2010-01-20 09:50:00,2011-09-28 10:56:00,United Kingdom,3,5,5,355,13,Loyal Customers,Lapsing Mid-Value,0.29359467394507593,Low,386.0325,113.33708596970253
13398,192,2,670.34,2010-09-17 09:34:00,2011-05-31 13:17:00,United Kingdom,2,2,3,223,7,Hibernating,Dormant,0.7732925523818615,High,114.335,88.41440397658012
13399,464,3,275.4,2010-07-08 17:47:00,2010-09-01 13:59:00,United Kingdom,1,3,1,131,5,At Risk,Dormant,,Inactive (>1 yr),,
13400,582,1,310.83,2010-05-06 09:00:00,2010-05-06 09:00:00,United Kingdom,1,1,2,112,4,Hibernating,Dormant,,Inactive (>1 yr),,
13402,127,4,1226.8500000000001,2010-05-24 10:56:00,2011-08-04 15:51:00,United Kingdom,3,3,4,334,10,Need Attention,Lapsing Mid-Value,0.7051555272985359,High,78.2375,55.169605567019204
13403,17,3,229.5,2009-12-16 13:23:00,2011-11-22 08:28:00,United Kingdom,5,3,1,531,9,Potential Loyalists,Recent Developing,0.87222458747497,High,18.75,16.354211015155688
13404,1,2,252.49,2011-05-11 11:57:00,2011-12-08 15:37:00,United Kingdom,5,2,1,521,8,Potential Loyalists,Recent Developing,0.8812161806903289,High,63.1225,55.62456836562529
13405,204,5,1198.81,2009-12-15 14:13:00,2011-05-19 16:31:00,United Kingdom,2,4,3,243,9,At Risk,Lapsing Mid-Value,0.6279977110979029,High,139.3625,87.51933101288151
13406,427,2,568.92,2010-03-18 07:29:00,2010-10-08 14:44:00,United Kingdom,1,2,2,122,5,Hibernating,Dormant,,Inactive (>1 yr),,
13407,578,3,2244.7,2010-02-16 11:13:00,2010-05-10 12:41:00,United Kingdom,1,3,4,134,8,At Risk,Lapsing Mid-Value,,Inactive (>1 yr),,
13408,1,106,50174.78,2009-12-04 09:31:00,2011-12-08 09:05:00,United Kingdom,5,5,5,555,15,Champions,Active High-Value,0.009209701864306313,Low,6639.59,61.148644401229554
13410,24,9,2201.96,2009-12-08 13:43:00,2011-11-15 15:33:00,United Kingdom,4,5,4,454,13,Loyal Customers,Active High-Value,0.296938268045843,Low,250.765,74.46172478651582
13411,107,1,213.55,2011-08-24 13:57:00,2011-08-24 13:57:00,United Kingdom,3,1,1,311,5,About to Sleep,Dormant,0.7957698981932274,High,53.3875,42.48416543979093
13412,620,1,487.34999999999997,2010-03-29 16:28:00,2010-03-29 16:28:00,United Kingdom,1,1,2,112,4,Hibernating,Dormant,,Inactive (>1 yr),,
13413,639,6,429.44,2010-01-21 17:43:00,2010-03-10 12:17:00,United Kingdom,1,4,2,142,7,At Risk,Lapsing Mid-Value,,Inactive (>1 yr),,
13414,133,6,2494.14,2010-04-15 17:00:00,2011-07-29 11:45:00,United Kingdom,3,4,4,344,11,Loyal Customers,Lapsing Mid-Value,0.5249739583756112,Medium,347.625,182.49407228032186
13415,472,4,784.17,2009-12-11 14:20:00,2010-08-24 11:38:00,United Kingdom,1,3,3,133,7,At Risk,Lapsing Mid-Value,,Inactive (>1 yr),,
13416,43,3,940.8000000000001,2009-12-03 13:02:00,2011-10-27 08:56:00,United Kingdom,4,3,3,433,10,Potential Loyalists,Recent Developing,0.6856146018862375,High,178.125,122.12510096098605
13417,4,6,1669.49,2010-02-08 12:39:00,2011-12-05 08:49:00,United Kingdom,5,4,4,544,13,Champions,Recent Developing,0.6644435232315419,High,160.2075,106.44883574811725
13418,11,31,11559.66,2009-12-11 12:51:00,2011-11-28 10:23:00,United Kingdom,5,5,5,555,15,Champions,Active High-Value,0.06847025471068315,Low,1376.0475,94.21832281899876
13419,63,1,221.06,2011-10-07 12:49:00,2011-10-07 12:49:00,United Kingdom,3,1,1,311,5,About to Sleep,Dormant,0.7410052871176093,High,55.265,40.95165719255468
13420,149,2,159.85,2011-06-22 11:35:00,2011-07-13 08:48:00,United Kingdom,3,2,1,321,6,About to Sleep,Dormant,0.7462790491649892,High,39.9625,29.82317650225588
13421,40,8,4048.25,2010-02-14 14:45:00,2011-10-30 14:21:00,United Kingdom,4,4,5,445,13,Loyal Customers,Active High-Value,0.4244463513010437,Medium,455.8025,193.46370803889397
13422,64,1,2626.3,2011-10-06 13:42:00,2011-10-06 13:42:00,United Kingdom,3,1,4,314,8,About to Sleep,Recent Developing,0.6174435420280739,High,656.575,405.3979936070827
13423,428,1,217.03,2010-10-07 09:02:00,2010-10-07 09:02:00,United Kingdom,1,1,1,111,3,Hibernating,Dormant,,Inactive (>1 yr),,
13424,449,1,572.77,2010-09-16 10:49:00,2010-09-16 10:49:00,United Kingdom,1,1,2,112,4,Hibernating,Dormant,,Inactive (>1 yr),,
13425,108,5,3390.4300000000003,2010-05-09 14:35:00,2011-08-23 17:13:00,United Kingdom,3,4,5,345,12,Loyal Customers,Lapsing Mid-Value,0.483991968575311,Medium,406.0525,196.52614881992648
13426,0,22,8167.38,2009-12-09 15:16:00,2011-12-09 08:59:00,United Kingdom,5,5,5,555,15,Champions,Active High-Value,0.11056530644529533,Low,910.33,100.6509154163457
13427,19,6,1006.53,2009-12-17 13:44:00,2011-11-20 13:02:00,United Kingdom,5,4,3,543,12,Champions,Recent Developing,0.5052184838362827,Medium,145.65,73.58507217075457
13428,10,3,478.54,2010-07-13 13:20:00,2011-11-29 14:20:00,United Kingdom,5,3,2,532,10,Potential Loyalists,Recent Developing,0.8561378359415015,High,50.445,43.187873134069044
13429,10,4,1006.8,2011-09-25 15:59:00,2011-11-29 09:10:00,United Kingdom,5,3,3,533,11,Potential Loyalists,Recent Developing,0.2975474975824538,Low,251.7,74.89270514150361
13430,18,2,679.45,2011-09-14 14:26:00,2011-11-21 08:19:00,United Kingdom,5,2,3,523,10,Potential Loyalists,Recent Developing,0.5729083039911508,Medium,169.8625,97.31563678669686
13431,67,8,3316.24,2010-02-18 11:53:00,2011-10-03 13:49:00,United Kingdom,3,4,5,345,12,Loyal Customers,Lapsing Mid-Value,0.3823164043004334,Medium,317.275,121.29943717441999
13432,571,2,436.55,2010-04-06 14:42:00,2010-05-17 13:18:00,United Kingdom,1,2,2,122,5,Hibernating,Dormant,,Inactive (>1 yr),,
13433,501,4,658.3199999999999,2010-01-12 08:59:00,2010-07-26 16:55:00,United Kingdom,1,3,3,133,7,At Risk,Lapsing Mid-Value,,Inactive (>1 yr),,
13434,74,5,1666.8600000000001,2010-02-22 09:54:00,2011-09-26 14:30:00,United Kingdom,3,4,4,344,11,Loyal Customers,Lapsing Mid-Value,0.6414338292384762,High,133.56,85.6699022330909
13435,5,9,4447.33,2010-07-27 16:56:00,2011-12-04 14:45:00,United Kingdom,5,5,5,555,15,Champions,Active High-Value,0.18673550667936728,Low,952.4725000000001,177.86043488566366
13436,1,1,196.89,2011-12-08 10:33:00,2011-12-08 10:33:00,United Kingdom,5,1,1,511,7,New Customers,Recent Developing,0.4931132300440364,Medium,49.2225,24.27226596584258
13437,14,7,3408.06,2011-06-02 14:30:00,2011-11-25 14:00:00,United Kingdom,5,4,5,545,14,Champions,Active High-Value,0.22622770984882976,Low,852.015,192.74940220685068
13438,547,1,46.5,2010-06-10 18:46:00,2010-06-10 18:46:00,United Kingdom,1,1,1,111,3,Hibernating,Dormant,,Inactive (>1 yr),,
13439,255,3,986.61,2010-07-01 14:36:00,2011-03-29 14:20:00,United Kingdom,2,3,3,233,8,At Risk,Lapsing Mid-Value,0.7490131113071788,High,70.9275,53.125627452239925
13440,423,7,1295.25,2010-09-14 10:34:00,2010-10-12 13:11:00,United Kingdom,1,4,4,144,9,At Risk,Lapsing Mid-Value,,Inactive (>1 yr),,
13441,91,2,720.9,2010-10-04 10:38:00,2011-09-09 09:38:00,United Kingdom,3,2,3,323,8,About to Sleep,Recent Developing,0.8311870050855603,High,74.16,61.64082829714515
13442,667,3,419.87,2009-12-01 14:59:00,2010-02-10 14:03:00,United Kingdom,1,3,2,132,6,At Risk,Dormant,,Inactive (>1 yr),,
13443,448,6,1269.3700000000001,2010-01-31 13:30:00,2010-09-17 12:31:00,United Kingdom,1,4,4,144,9,At Risk,Lapsing Mid-Value,,Inactive (>1 yr),,
13444,374,2,619.08,2010-07-21 14:34:00,2010-11-30 13:02:00,United Kingdom,2,2,3,223,7,Hibernating,Dormant,,Inactive (>1 yr),,
13445,626,1,241.89999999999998,2010-03-23 15:34:00,2010-03-23 15:34:00,United Kingdom,1,1,1,111,3,Hibernating,Dormant,,Inactive (>1 yr),,
13446,430,11,3881.89,2010-02-14 11:52:00,2010-10-05 18:51:00,United Kingdom,1,5,5,155,11,Can't Lose Them,Lapsing Mid-Value,,Inactive (>1 yr),,
13447,23,3,1129.14,2011-11-04 10:10:00,2011-11-16 13:38:00,United Kingdom,4,3,3,433,10,Potential Loyalists,Recent Developing,0.5363259877229027,Medium,282.285,151.39678144435962
13448,16,12,8386.22,2009-12-06 12:14:00,2011-11-23 12:33:00,United Kingdom,5,5,5,555,15,Champions,Active High-Value,0.23873055277353827,Low,772.6825,184.4629203434395
13449,23,1,291.88,2011-11-16 08:28:00,2011-11-16 08:28:00,United Kingdom,4,1,2,412,7,Promising,Recent Developing,0.6624384167161913,High,72.97,48.338131267780476
13450,26,13,4120.04,2010-04-15 19:15:00,2011-11-13 11:54:00,United Kingdom,4,5,5,455,14,Loyal Customers,Active High-Value,0.19287048047446817,Low,510.92999999999995,98.54331458882001
13451,26,11,7088.92,2010-03-21 16:13:00,2011-11-13 15:58:00,United Kingdom,4,5,5,455,14,Loyal Customers,Active High-Value,0.20149899410361982,Low,724.5649999999999,145.99911866268928
13452,259,3,729.8,2010-08-24 09:53:00,2011-03-25 14:19:00,United Kingdom,2,3,3,233,8,At Risk,Lapsing Mid-Value,0.7773794116462093,High,147.5,114.66346321781587
13453,165,3,781.6899999999999,2010-11-02 13:23:00,2011-06-27 09:34:00,United Kingdom,3,3,3,333,9,Need Attention,Lapsing Mid-Value,0.7000795536585069,High,89.24499999999999,62.478599766253446
13454,641,1,219.87,2010-03-08 14:40:00,2010-03-08 14:40:00,United Kingdom,1,1,1,111,3,Hibernating,Dormant,,Inactive (>1 yr),,
13455,24,6,2212.9900000000002,2009-12-09 08:58:00,2011-11-15 11:21:00,United Kingdom,4,4,4,444,12,Loyal Customers,Lapsing Mid-Value,0.667812374325658,High,91.35,61.00466039464885
13456,17,6,1766.72,2011-05-16 15:34:00,2011-11-22 09:18:00,United Kingdom,5,4,4,544,13,Champions,Recent Developing,0.24453710269977294,Low,441.68,108.00714752043571
13457,688,2,148.22,2009-12-02 12:46:00,2010-01-20 08:48:00,United Kingdom,1,2,1,121,4,Hibernating,Dormant,,Inactive (>1 yr),,
13458,7,16,11959.27,2010-11-16 14:01:00,2011-12-02 15:29:00,United Kingdom,5,5,5,555,15,Champions,Active High-Value,0.06407974963999273,Low,2411.6425,154.53744762116617
13459,624,2,1160.4099999999999,2010-01-26 13:35:00,2010-03-25 10:24:00,United Kingdom,1,2,3,123,6,Hibernating,Dormant,,Inactive (>1 yr),,
13460,29,2,183.44,2011-10-21 09:50:00,2011-11-10 17:17:00,United Kingdom,4,2,1,421,7,Potential Loyalists,Recent Developing,0.5442722230405759,Medium,45.86,24.960324148640808
13461,38,6,4160.0,2010-04-21 16:01:00,2011-11-01 09:01:00,United Kingdom,4,4,5,445,13,Loyal Customers,Lapsing Mid-Value,0.45274122575202724,Medium,361.25,163.55276780291985
13462,252,5,1153.85,2009-12-14 09:48:00,2011-04-01 11:20:00,United Kingdom,2,4,3,243,9,At Risk,Lapsing Mid-Value,0.7596409457324161,High,37.875,28.771400819615263
13464,58,6,3097.64,2010-03-31 15:22:00,2011-10-12 15:01:00,United Kingdom,4,4,5,445,13,Loyal Customers,Lapsing Mid-Value,0.5851913156987109,Medium,168.67,98.70421921890156
13465,446,2,931.12,2010-05-02 15:30:00,2010-09-19 15:13:00,United Kingdom,1,2,3,123,6,Hibernating,Dormant,,Inactive (>1 yr),,
13466,184,5,1013.35,2010-03-21 13:50:00,2011-06-08 16:39:00,United Kingdom,3,4,3,343,10,Loyal Customers,Lapsing Mid-Value,0.7326536755449339,High,76.975,56.39601667507128
13467,10,2,1071.91,2011-11-03 16:56:00,2011-11-29 10:01:00,United Kingdom,5,2,3,523,10,Potential Loyalists,Recent Developing,0.558039673058244,Medium,267.9775,149.54207648696558
13468,1,72,12793.28,2009-12-03 13:32:00,2011-12-08 10:39:00,United Kingdom,5,5,5,555,15,Champions,Active High-Value,0.024900889255022294,Low,1280.685,31.890195355568224
13469,653,1,82.4,2010-02-24 15:03:00,2010-02-24 15:03:00,United Kingdom,1,1,1,111,3,Hibernating,Dormant,,Inactive (>1 yr),,
13470,99,2,165.0,2011-08-16 17:06:00,2011-09-01 14:57:00,United Kingdom,3,2,1,321,6,About to Sleep,Dormant,0.7133405864295216,High,41.25,29.425299190217764
13471,1,4,2501.84,2011-10-23 13:10:00,2011-12-08 15:44:00,United Kingdom,5,3,4,534,12,Potential Loyalists,Recent Developing,0.252398222854834,Low,625.46,157.86499246678449
13472,463,2,592.24,2010-06-02 09:48:00,2010-09-02 09:41:00,United Kingdom,1,2,2,122,5,Hibernating,Dormant,,Inactive (>1 yr),,
13473,60,8,2657.7599999999998,2009-12-15 19:02:00,2011-10-10 11:20:00,United Kingdom,3,4,4,344,11,Loyal Customers,Lapsing Mid-Value,0.5655685275733016,Medium,105.66,59.75797062339504
13474,236,3,646.59,2010-08-01 14:40:00,2011-04-17 13:53:00,United Kingdom,2,3,3,233,8,At Risk,Lapsing Mid-Value,0.749384841983652,High,56.71,42.497614388892906
13475,191,4,1431.78,2011-02-14 12:36:00,2011-06-01 13:52:00,United Kingdom,2,3,4,234,9,At Risk,Lapsing Mid-Value,0.5343755854985752,Medium,357.945,191.2770689512875
13476,178,5,2061.4700000000003,2010-03-05 09:39:00,2011-06-14 12:00:00,United Kingdom,3,4,4,344,11,Loyal Customers,Lapsing Mid-Value,0.5541809551017607,Medium,309.6175,171.5841218662194
13477,37,11,2819.17,2010-01-25 11:52:00,2011-11-02 12:04:00,United Kingdom,4,5,4,454,13,Loyal Customers,Active High-Value,0.21982321435946892,Low,363.645,79.93761278574907
13478,469,5,2215.78,2010-01-31 15:51:00,2010-08-27 13:23:00,United Kingdom,1,4,4,144,9,At Risk,Lapsing Mid-Value,,Inactive (>1 yr),,
13479,200,4,851.37,2010-08-19 16:18:00,2011-05-23 10:45:00,United Kingdom,2,3,3,233,8,At Risk,Lapsing Mid-Value,0.6909316359293658,High,75.2375,51.98396895823566
13480,416,2,627.82,2010-01-29 12:35:00,2010-10-19 11:53:00,United Kingdom,1,2,3,123,6,Hibernating,Dormant,,Inactive (>1 yr),,
13481,45,11,3830.84,2009-12-04 12:37:00,2011-10-25 09:07:00,United Kingdom,4,5,5,455,14,Loyal Customers,Active High-Value,0.2836378938475709,Low,451.14,127.96039943039312
13482,232,2,336.09,2010-03-22 10:31:00,2011-04-21 17:03:00,United Kingdom,2,2,2,222,6,Hibernating,Dormant,0.8385383576572902,High,46.16,38.70693058946051
13483,65,1,140.34,2011-10-05 11:53:00,2011-10-05 11:53:00,United Kingdom,3,1,1,311,5,About to Sleep,Dormant,0.7636129472536948,High,35.085,26.791360254395883
13484,241,3,790.72,2010-03-10 11:46:00,2011-04-12 16:30:00,United Kingdom,2,3,3,233,8,At Risk,Lapsing Mid-Value,0.7607750077471352,High,78.45,59.68279935776276
13485,233,11,3015.2200000000003,2009-12-03 13:46:00,2011-04-20 13:58:00,United Kingdom,2,5,5,255,12,Can't Lose Them,Lapsing Mid-Value,0.714570066733029,High,113.56,81.14657677820279
13486,78,3,1122.41,2011-07-07 17:19:00,2011-09-22 13:13:00,United Kingdom,3,3,3,333,9,Need Attention,Lapsing Mid-Value,0.48177958028885975,Medium,280.6025,135.18855467800478
13487,57,5,846.87,2009-12-05 10:25:00,2011-10-13 12:07:00,United Kingdom,4,4,3,443,11,Loyal Customers,Lapsing Mid-Value,0.5269171893725318,Medium,143.85,75.7970376912387
13488,17,23,14205.96,2010-01-25 10:13:00,2011-11-22 14:41:00,United Kingdom,5,5,5,555,15,Champions,Active High-Value,0.0658803722119119,Low,1896.5975,124.94854923618158
13489,105,4,449.52,2011-02-18 10:42:00,2011-08-26 13:16:00,United Kingdom,3,3,2,332,8,Need Attention,Lapsing Mid-Value,0.6277905356410401,High,112.38,70.55110039534009
13490,654,1,154.25,2010-02-23 14:48:00,2010-02-23 14:48:00,United Kingdom,1,1,1,111,3,Hibernating,Dormant,,Inactive (>1 yr),,
13491,51,27,4467.66,2009-12-07 08:24:00,2011-10-19 08:32:00,United Kingdom,4,5,5,455,14,Loyal Customers,Active High-Value,0.19491771512417858,Low,279.23,54.42687359412439
13492,136,3,1269.84,2011-05-09 10:06:00,2011-07-26 14:25:00,Switzerland,3,3,4,334,10,Need Attention,Lapsing Mid-Value,0.6097974400704128,High,317.46,193.58629532475325
13493,275,2,498.63,2011-02-25 16:42:00,2011-03-09 15:35:00,Switzerland,2,2,2,222,6,Hibernating,Dormant,0.7326507737353115,High,124.6575,91.33041382690959
13494,311,1,316.26000000000005,2011-02-01 11:58:00,2011-02-01 11:58:00,United Kingdom,2,1,2,212,5,Hibernating,Dormant,0.8340083010265531,High,79.06500000000001,65.94086632066443
13495,7,10,4863.31,2009-12-07 12:12:00,2011-12-02 11:21:00,United Kingdom,5,5,5,555,15,Champions,Active High-Value,0.35702231375534554,Medium,383.48,136.9109168788999
13496,10,2,653.33,2010-12-15 10:17:00,2011-11-29 10:58:00,United Kingdom,5,2,3,523,10,Potential Loyalists,Recent Developing,0.8319510781691993,High,163.3325,135.88464947507074
13497,282,6,1166.83,2010-02-08 10:27:00,2011-03-02 09:04:00,United Kingdom,2,4,3,243,9,At Risk,Lapsing Mid-Value,0.774804848510931,High,48.6375,37.68457081945041
13498,730,1,327.38,2009-12-09 15:26:00,2009-12-09 15:26:00,United Kingdom,1,1,2,112,4,Hibernating,Dormant,,Inactive (>1 yr),,
13499,17,5,1159.11,2011-03-15 08:52:00,2011-11-22 11:21:00,United Kingdom,5,4,3,543,12,Champions,Recent Developing,0.3464082999326049,Medium,289.7775,100.38133113372041
13500,23,4,1466.3,2010-11-03 13:16:00,2011-11-16 15:35:00,United Kingdom,4,3,4,434,11,Potential Loyalists,Recent Developing,0.5274550109960751,Medium,291.6925,153.85467079497263
13501,288,3,2885.11,2010-05-18 13:24:00,2011-02-24 18:59:00,Switzerland,2,3,5,235,10,At Risk,Lapsing Mid-Value,0.6534553310293357,High,335.08,218.9598123213098
13502,16,5,780.5,2010-06-09 10:52:00,2011-11-23 10:39:00,United Kingdom,5,4,3,543,12,Champions,Recent Developing,0.5975745789392248,Medium,73.0,43.622944262563415
13503,71,5,1778.04,2010-02-16 13:49:00,2011-09-29 13:23:00,United Kingdom,3,4,4,344,11,Loyal Customers,Lapsing Mid-Value,0.706876834167107,High,54.2125,38.32156037228429
13504,64,1,295.93,2011-10-06 13:20:00,2011-10-06 13:20:00,United Kingdom,3,1,2,312,6,About to Sleep,Dormant,0.7276649746839765,High,73.9825,53.834473989557296
13505,72,4,3633.63,2011-04-21 12:07:00,2011-09-28 11:56:00,Switzerland,3,3,5,335,11,Need Attention,Lapsing Mid-Value,0.34220300712132895,Medium,908.4075,310.85977819156864
13506,316,5,1338.08,2010-09-05 12:33:00,2011-01-27 13:53:00,United Kingdom,2,4,4,244,10,At Risk,Lapsing Mid-Value,0.8035856735513415,High,39.35,31.621096254245288
13507,3,4,2479.16,2011-07-17 11:50:00,2011-12-06 13:13:00,United Kingdom,5,3,4,534,12,Potential Loyalists,Recent Developing,0.39475631462131555,Medium,619.79,244.66601623914516
13508,243,2,287.05,2010-03-07 11:58:00,2011-04-10 11:58:00,United Kingdom,2,2,2,222,6,Hibernating,Dormant,0.8572175843615686,High,27.7425,23.781358834150815
13509,8,7,1099.72,2010-07-20 12:10:00,2011-12-01 10:10:00,United Kingdom,5,4,3,543,12,Champions,Recent Developing,0.3609472296330577,Medium,241.18,87.05325284290086
13510,1,11,4558.29,2009-12-21 11:53:00,2011-12-08 13:46:00,United Kingdom,5,5,5,555,15,Champions,Active High-Value,0.3441644167181648,Medium,447.89,154.14780060389882
13511,676,1,282.76,2010-02-01 12:10:00,2010-02-01 12:10:00,United Kingdom,1,1,1,111,3,Hibernating,Dormant,,Inactive (>1 yr),,
13512,260,4,713.39,2010-05-05 13:22:00,2011-03-24 10:03:00,United Kingdom,2,3,3,233,8,At Risk,Lapsing Mid-Value,0.7429933277148798,High,62.8025,46.66183846381374
13513,126,3,824.59,2010-02-22 16:36:00,2011-08-05 11:50:00,United Kingdom,3,3,3,333,9,Need Attention,Lapsing Mid-Value,0.7957047017130577,High,51.275,40.799758580337034
13514,73,4,815.9000000000001,2010-01-26 15:11:00,2011-09-27 09:39:00,United Kingdom,3,3,3,333,9,Need Attention,Lapsing Mid-Value,0.7477726883816199,High,38.050000000000004,28.452750792920643
13515,72,6,1265.82,2010-03-05 11:58:00,2011-09-28 11:26:00,United Kingdom,3,4,4,344,11,Loyal Customers,Lapsing Mid-Value,0.4190487979037877,Medium,222.78,93.35569119700583
13516,21,4,1685.26,2010-10-18 08:52:00,2011-11-18 13:15:00,United Kingdom,4,3,4,434,11,Potential Loyalists,Recent Developing,0.4713929622607105,Medium,347.3525,163.73952392366346
13517,59,3,2128.42,2011-06-13 08:44:00,2011-10-11 11:43:00,United Kingdom,3,3,4,334,10,Need Attention,Lapsing Mid-Value,0.4418052805320508,Medium,532.105,235.0867987975069
13518,85,1,627.16,2011-09-15 10:29:00,2011-09-15 10:29:00,United Kingdom,3,1,3,313,7,About to Sleep,Dormant,0.712468778811473,High,156.79,111.70797982985084
13519,78,2,343.21,2010-09-23 11:45:00,2011-09-22 18:24:00,United Kingdom,3,2,2,322,7,About to Sleep,Dormant,0.8535935563418626,High,30.6875,26.194652260240908
13520,58,11,5446.0,2009-12-17 11:11:00,2011-10-12 10:20:00,Switzerland,4,5,5,455,14,Loyal Customers,Active High-Value,0.2239268902393953,Low,690.2375,154.5627369016146
13521,1,3,1070.47,2011-11-29 15:09:00,2011-12-08 13:50:00,United Kingdom,5,3,3,533,11,Potential Loyalists,Recent Developing,0.24698223501826658,Low,267.6175,66.09676828000096
13522,30,1,125.80000000000001,2011-11-09 15:11:00,2011-11-09 15:11:00,United Kingdom,4,1,1,411,6,Promising,Recent Developing,0.729881618662025,High,31.450000000000003,22.954776906920685
13523,33,6,4534.57,2010-11-02 14:55:00,2011-11-06 15:11:00,United Kingdom,4,4,5,445,13,Loyal Customers,Active High-Value,0.3062224385376532,Medium,849.4825,260.13060264506197
13524,40,5,680.1800000000001,2011-05-04 12:26:00,2011-10-30 12:34:00,United Kingdom,4,4,3,443,11,Loyal Customers,Recent Developing,0.3463949395073304,Medium,170.04500000000002,58.90272748852401
13525,14,2,628.78,2011-04-05 15:36:00,2011-11-25 12:01:00,United Kingdom,5,2,3,523,10,Potential Loyalists,Recent Developing,0.8014741380267064,High,157.195,125.98772712710812
13526,738,2,1182.0,2009-12-01 12:56:00,2009-12-01 13:13:00,United Kingdom,1,2,3,123,6,Hibernating,Dormant,,Inactive (>1 yr),,
13527,33,12,4541.29,2010-01-21 12:37:00,2011-11-06 12:04:00,United Kingdom,4,5,5,455,14,Loyal Customers,Active High-Value,0.18371340592882243,Low,560.59,102.98789822963857
13529,78,2,307.76,2011-05-19 11:50:00,2011-09-22 09:15:00,United Kingdom,3,2,2,322,7,About to Sleep,Dormant,0.6894164339419828,High,76.94,53.043700427496155
13530,634,1,402.97999999999996,2010-03-15 14:10:00,2010-03-15 14:10:00,United Kingdom,1,1,2,112,4,Hibernating,Dormant,,Inactive (>1 yr),,
13531,205,6,1433.07,2009-12-03 15:20:00,2011-05-18 16:56:00,United Kingdom,2,4,4,244,10,At Risk,Lapsing Mid-Value,0.7592026221165797,High,44.5875,33.850946913623
13532,33,1,210.31,2011-11-06 12:25:00,2011-11-06 12:25:00,United Kingdom,4,1,1,411,6,Promising,Recent Developing,0.6790975978051667,High,52.5775,35.70525394860115
13533,182,3,269.09,2011-03-17 12:47:00,2011-06-10 11:54:00,United Kingdom,3,3,1,331,7,Need Attention,Dormant,0.7216980303379857,High,67.2725,48.55043074591214
13534,2,35,7720.9,2010-07-07 15:00:00,2011-12-07 14:52:00,United Kingdom,5,5,5,555,15,Champions,Active High-Value,0.04845174402150266,Low,1467.52,71.10390338643558
13535,402,1,89.5,2010-11-02 11:49:00,2010-11-02 11:49:00,United Kingdom,2,1,1,211,4,Hibernating,Dormant,,Inactive (>1 yr),,
13536,1,7,3444.39,2011-09-25 13:30:00,2011-12-08 16:38:00,United Kingdom,5,4,5,545,14,Champions,Active High-Value,0.15083476645790453,Low,861.0975,129.88344030998545
13537,425,2,717.85,2010-09-14 10:41:00,2010-10-10 12:45:00,United Kingdom,1,2,3,123,6,Hibernating,Dormant,,Inactive (>1 yr),,
13538,43,12,3103.13,2010-02-02 12:47:00,2011-10-27 16:34:00,United Kingdom,4,5,5,455,14,Loyal Customers,Active High-Value,0.24454988174742562,Low,320.2125,78.30792900904753
13539,85,7,1569.3600000000001,2010-04-28 12:04:00,2011-09-15 10:18:00,United Kingdom,3,4,4,344,11,Loyal Customers,Lapsing Mid-Value,0.4450554580773822,Medium,157.835,70.24532822564363
13540,467,3,632.39,2010-02-22 09:22:00,2010-08-29 14:20:00,United Kingdom,1,3,3,133,7,At Risk,Dormant,,Inactive (>1 yr),,
13541,427,2,785.25,2010-05-18 16:15:00,2010-10-08 16:37:00,United Kingdom,1,2,3,123,6,Hibernating,Dormant,,Inactive (>1 yr),,
13542,376,17,3959.4900000000002,2009-12-10 19:53:00,2010-11-28 11:24:00,United Kingdom,2,5,5,255,12,Can't Lose Them,Lapsing Mid-Value,,Inactive (>1 yr),,
13543,634,2,1439.6100000000001,2010-01-21 14:30:00,2010-03-15 13:34:00,United Kingdom,1,2,4,124,7,Hibernating,Lapsing Mid-Value,,Inactive (>1 yr),,
13544,39,6,790.2,2010-03-05 11:31:00,2011-10-31 11:57:00,United Kingdom,4,4,3,443,11,Loyal Customers,Recent Developing,0.5630216103239187,Medium,69.015,38.85693643650525
13545,390,2,364.93,2010-06-13 11:49:00,2010-11-14 11:27:00,United Kingdom,2,2,2,222,6,Hibernating,Dormant,,Inactive (>1 yr),,
13546,12,5,1086.24,2010-10-11 17:23:00,2011-11-27 14:50:00,United Kingdom,5,4,3,543,12,Champions,Recent Developing,0.4588871381419435,Medium,155.2725,71.25255315714492
13547,408,1,164.53,2010-10-27 14:14:00,2010-10-27 14:14:00,United Kingdom,2,1,1,211,4,Hibernating,Dormant,,Inactive (>1 yr),,
13548,96,3,901.44,2010-08-25 13:44:00,2011-09-04 14:50:00,United Kingdom,3,3,3,333,9,Need Attention,Lapsing Mid-Value,0.6325285057852348,High,169.54,107.2388828708287
13549,25,8,1005.8,2010-11-17 12:17:00,2011-11-14 09:20:00,United Kingdom,4,4,3,443,11,Loyal Customers,Recent Developing,0.2792423835752255,Low,229.55,64.10008914969302
13550,383,1,342.55,2010-11-21 15:24:00,2010-11-21 15:24:00,United Kingdom,2,1,2,212,5,Hibernating,Dormant,,Inactive (>1 yr),,
13551,319,2,244.2,2010-02-11 15:01:00,2011-01-24 14:46:00,United Kingdom,2,2,1,221,5,Hibernating,Dormant,0.8707067955023197,High,22.950000000000003,19.982720956778238
13552,66,22,6948.92,2010-02-19 13:28:00,2011-10-04 15:19:00,United Kingdom,3,5,5,355,13,Loyal Customers,Active High-Value,0.15412989205016267,Low,935.0175,144.11414634001298
13553,674,1,499.6,2010-02-03 12:21:00,2010-02-03 12:21:00,United Kingdom,1,1,2,112,4,Hibernating,Dormant,,Inactive (>1 yr),,
13554,380,7,1629.35,2010-09-19 12:39:00,2010-11-24 15:05:00,United Kingdom,2,4,4,244,10,At Risk,Lapsing Mid-Value,,Inactive (>1 yr),,
13555,73,13,8891.84,2010-01-19 13:20:00,2011-09-27 12:36:00,United Kingdom,3,5,5,355,13,Loyal Customers,Active High-Value,0.255173200790602,Low,1024.72,261.4810823141457
13556,429,2,200.82,2010-09-30 09:01:00,2010-10-06 16:44:00,United Kingdom,1,2,1,121,4,Hibernating,Dormant,,Inactive (>1 yr),,
13557,28,13,3032.26,2009-12-08 17:41:00,2011-11-11 15:24:00,United Kingdom,4,5,5,455,14,Loyal Customers,Active High-Value,0.44378223003300055,Medium,146.015,64.79886231826858
13558,5,4,594.52,2011-10-02 13:01:00,2011-12-04 11:24:00,United Kingdom,5,3,2,532,10,Potential Loyalists,Recent Developing,0.3043537705397637,Medium,148.63,45.236100915325075
13559,512,2,990.0,2010-06-14 11:52:00,2010-07-15 09:52:00,United Kingdom,1,2,3,123,6,Hibernating,Dormant,,Inactive (>1 yr),,
13560,7,1,171.42000000000002,2011-12-02 13:11:00,2011-12-02 13:11:00,United Kingdom,5,1,1,511,7,New Customers,Recent Developing,0.5919490091410261,Medium,42.855000000000004,25.367974786738674
13561,215,11,1803.4,2010-02-28 13:42:00,2011-05-08 12:39:00,United Kingdom,2,5,4,254,11,Can't Lose Them,Lapsing Mid-Value,0.7312836973738107,High,35.464999999999996,25.934976327362193
13562,81,8,4838.18,2010-01-14 16:33:00,2011-09-19 10:51:00,United Kingdom,3,4,5,345,12,Loyal Customers,Lapsing Mid-Value,0.40091047718663203,Medium,449.8325,180.34256222905566
13563,84,2,777.53,2011-07-22 17:21:00,2011-09-16 14:45:00,United Kingdom,3,2,3,323,8,About to Sleep,Recent Developing,0.5870194117510967,Medium,194.3825,114.10630080470756
13564,354,36,15880.22,2009-12-02 11:55:00,2010-12-20 16:50:00,United Kingdom,2,5,5,255,12,Can't Lose Them,Active High-Value,0.8393908632633369,High,159.495,133.87864573618592
13565,19,3,414.8,2010-10-24 15:51:00,2011-11-20 14:33:00,United Kingdom,5,3,2,532,10,Potential Loyalists,Recent Developing,0.7283271595631435,High,60.055,43.73968756756459
13566,40,5,1684.75,2010-03-10 12:22:00,2011-10-30 11:59:00,United Kingdom,4,4,4,444,12,Loyal Customers,Lapsing Mid-Value,0.4575116407649487,Medium,214.21,98.00356856825967
13567,428,4,1079.29,2010-06-16 12:48:00,2010-10-07 12:51:00,United Kingdom,1,3,3,133,7,At Risk,Lapsing Mid-Value,,Inactive (>1 yr),,
13568,173,1,187.05,2011-06-19 14:42:00,2011-06-19 14:42:00,United Kingdom,3,1,1,311,5,About to Sleep,Dormant,0.814131735489462,High,46.7625,38.070835280825975
13569,17,4,725.04,2010-10-07 13:05:00,2011-11-22 13:07:00,United Kingdom,5,3,3,533,11,Potential Loyalists,Recent Developing,0.6855374695023219,High,56.825,38.955666704469444
13570,243,1,239.49,2011-04-10 13:36:00,2011-04-10 13:36:00,United Kingdom,2,1,1,211,4,Hibernating,Dormant,0.8270157973461795,High,59.8725,49.515503326609135
13571,12,26,4537.26,2009-12-08 13:02:00,2011-11-27 10:47:00,United Kingdom,5,5,5,555,15,Champions,Active High-Value,0.06564234489536859,Low,522.235,34.28072998643282
13572,205,1,1384.25,2011-05-18 11:59:00,2011-05-18 11:59:00,United Kingdom,2,1,4,214,7,Hibernating,Dormant,0.754051761830559,High,346.0625,260.9490378284878
13573,50,6,903.07,2010-03-12 16:06:00,2011-10-20 14:33:00,United Kingdom,4,4,3,443,11,Loyal Customers,Lapsing Mid-Value,0.5842443173028621,Medium,72.5625,42.39422827428893
13574,411,1,404.45,2010-10-24 13:28:00,2010-10-24 13:28:00,United Kingdom,1,1,2,112,4,Hibernating,Dormant,,Inactive (>1 yr),,
13575,23,5,732.0699999999999,2011-06-16 14:24:00,2011-11-16 13:14:00,United Kingdom,4,4,3,443,11,Loyal Customers,Recent Developing,0.2796657710549281,Low,183.01749999999998,51.1837302540453
13576,10,28,11202.59,2009-12-08 15:12:00,2011-11-29 15:34:00,United Kingdom,5,5,5,555,15,Champions,Active High-Value,0.04434600062101644,Low,1592.0475000000001,70.60093942368768
13577,25,11,3484.28,2009-12-14 16:10:00,2011-11-14 15:19:00,United Kingdom,4,5,5,455,14,Loyal Customers,Active High-Value,0.3020404256636064,Medium,421.90000000000003,127.43085558747555
13578,409,1,147.66,2010-10-26 13:44:00,2010-10-26 13:44:00,United Kingdom,1,1,1,111,3,Hibernating,Dormant,,Inactive (>1 yr),,
13579,14,5,1374.34,2010-02-18 13:53:00,2011-11-25 08:41:00,United Kingdom,5,4,4,544,13,Champions,Recent Developing,0.6901157572249473,High,75.585,52.16239950984764
13580,406,1,107.75,2010-10-29 15:01:00,2010-10-29 15:01:00,United Kingdom,2,1,1,211,4,Hibernating,Dormant,,Inactive (>1 yr),,
13581,309,2,280.53000000000003,2010-10-21 16:30:00,2011-02-03 14:41:00,United Kingdom,2,2,1,221,5,Hibernating,Dormant,0.8156184042605165,High,29.5,24.060742925685236
13582,389,2,241.68,2010-04-01 11:38:00,2010-11-15 11:34:00,United Kingdom,2,2,1,221,5,Hibernating,Dormant,,Inactive (>1 yr),,
13583,155,2,1445.03,2010-01-29 13:53:00,2011-07-07 10:40:00,United Kingdom,3,2,4,324,9,About to Sleep,Lapsing Mid-Value,0.8004939414861975,High,195.2575,156.3024457797412
13584,306,3,385.7,2010-02-02 08:40:00,2011-02-06 12:49:00,United Kingdom,2,3,2,232,7,At Risk,Dormant,0.7956163852872374,High,35.6,28.323943316225655
13585,530,3,684.54,2009-12-01 14:56:00,2010-06-27 12:33:00,United Kingdom,1,3,3,133,7,At Risk,Dormant,,Inactive (>1 yr),,
13586,541,1,127.28,2010-06-16 13:47:00,2010-06-16 13:47:00,United Kingdom,1,1,1,111,3,Hibernating,Dormant,,Inactive (>1 yr),,
13587,63,4,1673.5,2010-02-14 13:17:00,2011-10-07 12:31:00,United Kingdom,3,3,4,334,10,Need Attention,Lapsing Mid-Value,0.7286236949685111,High,178.1,129.76788007389183
13588,15,9,2478.95,2011-03-29 15:53:00,2011-11-24 10:42:00,United Kingdom,5,5,4,554,14,Champions,Active High-Value,0.14827333248443827,Low,619.7375,91.89054439057456
13589,14,6,1120.74,2009-12-06 10:26:00,2011-11-25 12:10:00,United Kingdom,5,4,3,543,12,Champions,Recent Developing,0.5914457338265444,Medium,94.9125,56.135593211811894
13590,11,18,6336.04,2009-12-01 13:37:00,2011-11-28 12:54:00,United Kingdom,5,5,5,555,15,Champions,Active High-Value,0.15972193118153766,Low,495.48,79.13902246182828
13591,64,7,2093.94,2009-12-14 15:44:00,2011-10-06 12:26:00,United Kingdom,3,4,4,344,11,Loyal Customers,Lapsing Mid-Value,0.39776619584066397,Medium,279.2825,111.08913758987025
13592,35,4,247.95999999999998,2011-03-20 14:01:00,2011-11-04 09:49:00,United Kingdom,4,3,1,431,8,Potential Loyalists,Recent Developing,0.5716332736267379,Medium,61.989999999999995,35.43554663212148
13593,108,14,5493.29,2010-03-02 16:36:00,2011-08-23 13:35:00,United Kingdom,3,5,5,355,13,Loyal Customers,Active High-Value,0.3397806892437827,Medium,502.97,170.89949326894538
13594,52,2,533.32,2010-08-11 10:23:00,2011-10-18 10:19:00,United Kingdom,4,2,2,422,8,Potential Loyalists,Recent Developing,0.8311664810069137,High,99.2425,82.48703949132864
13595,516,3,784.48,2010-03-03 14:42:00,2010-07-11 12:36:00,United Kingdom,1,3,3,133,7,At Risk,Lapsing Mid-Value,,Inactive (>1 yr),,
13596,5,2,664.11,2011-11-27 11:57:00,2011-12-04 12:01:00,United Kingdom,5,2,3,523,10,Potential Loyalists,Recent Developing,0.36419050939746217,Medium,166.0275,60.465639798987155
13597,400,2,396.71,2010-11-02 09:30:00,2010-11-04 14:54:00,United Kingdom,2,2,2,222,6,Hibernating,Dormant,,Inactive (>1 yr),,
13598,47,5,761.96,2010-02-26 11:22:00,2011-10-23 14:28:00,United Kingdom,4,4,3,443,11,Loyal Customers,Recent Developing,0.7113766093948224,High,40.01,28.46217814188684
13599,1,33,9811.04,2009-12-01 12:30:00,2011-12-08 16:10:00,United Kingdom,5,5,5,555,15,Champions,Active High-Value,0.04746203476725352,Low,1199.27,56.91979443532413
13600,312,2,518.42,2010-03-15 17:16:00,2011-01-31 15:27:00,United Kingdom,2,2,2,222,6,Hibernating,Dormant,0.8239706663980194,High,54.88,45.21951017192331
13601,45,4,1159.99,2010-06-11 15:03:00,2011-10-25 17:31:00,United Kingdom,4,3,3,433,10,Potential Loyalists,Recent Developing,0.564134964849022,Medium,173.33,97.781513457281
13602,64,4,1025.17,2010-05-28 11:49:00,2011-10-06 11:47:00,United Kingdom,3,3,3,333,9,Need Attention,Lapsing Mid-Value,0.6502684519159605,High,107.2225,69.72340908555907
13603,26,1,164.34,2011-11-13 15:57:00,2011-11-13 15:57:00,United Kingdom,4,1,1,411,6,Promising,Recent Developing,0.6867109007006467,High,41.085,28.21351735528607
13604,658,1,717.62,2010-02-19 12:02:00,2010-02-19 12:02:00,United Kingdom,1,1,3,113,5,Hibernating,Dormant,,Inactive (>1 yr),,
13605,387,2,522.67,2010-05-17 15:46:00,2010-11-17 17:16:00,United Kingdom,2,2,2,222,6,Hibernating,Dormant,,Inactive (>1 yr),,
13606,29,3,276.75,2011-02-01 11:42:00,2011-11-10 17:46:00,United Kingdom,4,3,1,431,8,Potential Loyalists,Recent Developing,0.6149637588896876,High,69.1875,42.54780506818026
13607,40,2,1075.81,2010-11-02 11:48:00,2011-10-30 16:17:00,United Kingdom,4,2,3,423,9,Potential Loyalists,Recent Developing,0.8000151186542676,High,168.8775,135.10455320053606
13608,540,1,232.05,2010-06-17 12:28:00,2010-06-17 12:28:00,United Kingdom,1,1,1,111,3,Hibernating,Dormant,,Inactive (>1 yr),,
13609,593,1,167.35,2010-04-25 13:26:00,2010-04-25 13:26:00,United Kingdom,1,1,1,111,3,Hibernating,Dormant,,Inactive (>1 yr),,
13610,12,14,2102.46,2010-01-05 14:12:00,2011-11-27 15:38:00,United Kingdom,5,5,4,554,14,Champions,Active High-Value,0.165548104351666,Low,270.5825,44.79441994573466
13611,89,10,3297.9300000000003,2009-12-03 07:57:00,2011-09-11 14:51:00,United Kingdom,3,5,5,355,13,Loyal Customers,Lapsing Mid-Value,0.3725386846339329,Medium,288.6,107.51466438535304
13612,632,1,818.29,2010-03-17 12:14:00,2010-03-17 12:14:00,United Kingdom,1,1,3,113,5,Hibernating,Dormant,,Inactive (>1 yr),,
13613,452,5,1039.8500000000001,2010-02-17 12:40:00,2010-09-13 12:01:00,United Kingdom,1,4,3,143,8,At Risk,Lapsing Mid-Value,,Inactive (>1 yr),,
13614,24,6,2332.74,2010-06-06 13:42:00,2011-11-15 14:47:00,United Kingdom,4,4,4,444,12,Loyal Customers,Lapsing Mid-Value,0.3241652582812014,Medium,396.365,128.4877625986284
13615,318,8,6272.53,2010-01-28 15:43:00,2011-01-25 08:21:00,United Kingdom,2,4,5,245,11,At Risk,Lapsing Mid-Value,0.7371833214190763,High,104.4225,76.9785253808835
13616,568,2,283.85,2010-01-17 14:56:00,2010-05-20 12:59:00,United Kingdom,1,2,1,121,4,Hibernating,Dormant,,Inactive (>1 yr),,
13617,40,8,1278.75,2010-08-01 15:23:00,2011-10-30 13:50:00,United Kingdom,4,4,4,444,12,Loyal Customers,Lapsing Mid-Value,0.45528217626660544,Medium,136.045,61.93886367019033
13618,173,1,177.34,2011-06-19 11:09:00,2011-06-19 11:09:00,United Kingdom,3,1,1,311,5,About to Sleep,Dormant,0.8282507007257471,High,44.335,36.720494816676
13619,544,2,223.44,2010-02-03 14:16:00,2010-06-13 11:39:00,United Kingdom,1,2,1,121,4,Hibernating,Dormant,,Inactive (>1 yr),,
13620,528,1,112.34,2010-06-29 15:02:00,2010-06-29 15:02:00,United Kingdom,1,1,1,111,3,Hibernating,Dormant,,Inactive (>1 yr),,
13621,116,1,213.85,2011-08-15 08:26:00,2011-08-15 08:26:00,United Kingdom,3,1,1,311,5,About to Sleep,Dormant,0.7985862871521356,High,53.4625,42.69441937687105
13622,696,1,658.95,2010-01-12 13:22:00,2010-01-12 13:22:00,United Kingdom,1,1,3,113,5,Hibernating,Dormant,,Inactive (>1 yr),,
13623,30,10,2533.06,2009-12-02 13:57:00,2011-11-09 12:00:00,United Kingdom,4,5,4,454,13,Loyal Customers,Active High-Value,0.30441916575021993,Medium,181.935,55.384500920766264
13624,388,1,462.08,2010-11-16 13:43:00,2010-11-16 13:43:00,United Kingdom,2,1,2,212,5,Hibernating,Dormant,,Inactive (>1 yr),,
13625,596,1,301.26,2010-04-22 10:50:00,2010-04-22 10:50:00,United Kingdom,1,1,2,112,4,Hibernating,Dormant,,Inactive (>1 yr),,
13626,252,2,707.04,2010-11-25 16:12:00,2011-04-01 10:05:00,United Kingdom,2,2,3,223,7,Hibernating,Dormant,0.7875792913463068,High,64.3075,50.64725527825263
13627,59,7,2245.9,2010-03-09 14:03:00,2011-10-11 14:20:00,United Kingdom,3,4,4,344,11,Loyal Customers,Lapsing Mid-Value,0.2847253880798813,Low,409.6175,116.62850165181078
13628,676,1,310.14,2010-02-01 14:44:00,2010-02-01 14:44:00,United Kingdom,1,1,2,112,4,Hibernating,Dormant,,Inactive (>1 yr),,
13629,23,19,13370.86,2010-02-11 17:34:00,2011-11-16 13:21:00,United Kingdom,4,5,5,455,14,Loyal Customers,Active High-Value,0.0892062929788672,Low,1948.09,173.7818872892014
13630,5,7,2031.78,2011-02-27 12:49:00,2011-12-04 15:16:00,United Kingdom,5,4,4,544,13,Champions,Active High-Value,0.26537675827633306,Low,507.945,134.796797482672
13631,99,11,3070.42,2011-03-17 17:13:00,2011-09-01 09:57:00,United Kingdom,3,5,5,355,13,Loyal Customers,Lapsing Mid-Value,0.49974411950686987,Medium,767.605,383.60608485407084
13632,24,8,3645.81,2010-04-07 10:59:00,2011-11-15 10:51:00,United Kingdom,4,4,5,445,13,Loyal Customers,Active High-Value,0.27644320413591866,Low,529.7325,146.44094963493052
13634,33,15,4988.08,2010-01-10 14:26:00,2011-11-06 13:40:00,United Kingdom,4,5,5,455,14,Loyal Customers,Active High-Value,0.2244736906642121,Low,386.84000000000003,86.83540249654382
13635,67,4,2999.16,2009-12-01 09:46:00,2011-10-03 10:55:00,United Kingdom,3,3,5,335,11,Need Attention,Lapsing Mid-Value,0.6873050488354177,High,267.7575,184.03108161354933
13636,36,5,949.12,2011-02-27 14:29:00,2011-11-03 10:30:00,United Kingdom,4,4,3,443,11,Loyal Customers,Recent Developing,0.3716476048809288,Medium,237.28,88.18454368614678
13637,52,3,803.05,2011-04-27 13:06:00,2011-10-18 13:32:00,United Kingdom,4,3,3,433,10,Potential Loyalists,Recent Developing,0.5058298705852947,Medium,200.7625,101.55166939338022
13638,15,1,122.64,2011-11-24 10:38:00,2011-11-24 10:38:00,United Kingdom,5,1,1,511,7,New Customers,Recent Developing,0.679934715949112,High,30.66,20.846798390999776
13639,74,2,1346.27,2010-09-29 10:05:00,2011-09-26 13:36:00,United Kingdom,3,2,4,324,9,About to Sleep,Lapsing Mid-Value,0.7678500699679525,High,258.335,198.362547825171
13640,611,1,405.0,2010-04-07 15:33:00,2010-04-07 15:33:00,United Kingdom,1,1,2,112,4,Hibernating,Dormant,,Inactive (>1 yr),,
13641,640,4,942.37,2009-12-05 13:17:00,2010-03-09 07:37:00,United Kingdom,1,3,3,133,7,At Risk,Lapsing Mid-Value,,Inactive (>1 yr),,
13642,215,4,472.2,2010-10-03 12:23:00,2011-05-08 12:34:00,United Kingdom,2,3,2,232,7,At Risk,Lapsing Mid-Value,0.7966196449345772,High,78.07,62.192095680042435
13643,31,10,2156.77,2009-12-08 12:48:00,2011-11-08 15:37:00,United Kingdom,4,5,4,454,13,Loyal Customers,Active High-Value,0.401663152095664,Medium,129.86,52.159976931142936
13644,16,4,2624.26,2011-08-26 11:53:00,2011-11-23 14:07:00,United Kingdom,5,3,4,534,12,Potential Loyalists,Recent Developing,0.24452142187800754,Low,656.065,160.42194664439504
13645,120,1,252.1,2011-08-11 16:11:00,2011-08-11 16:11:00,United Kingdom,3,1,1,311,5,About to Sleep,Dormant,0.8093793487276789,High,63.025,51.01113345356196
13646,399,2,326.25,2010-11-05 12:00:00,2010-11-05 12:13:00,United Kingdom,2,2,2,222,6,Hibernating,Dormant,,Inactive (>1 yr),,
13647,9,8,3041.68,2010-04-15 12:55:00,2011-11-30 12:00:00,United Kingdom,5,4,5,545,14,Champions,Active High-Value,0.3357410805462812,Medium,412.03000000000003,138.33539741748424
13648,400,8,1759.07,2009-12-01 18:13:00,2010-11-04 14:46:00,United Kingdom,2,4,4,244,10,At Risk,Lapsing Mid-Value,,Inactive (>1 yr),,
13649,256,6,1453.68,2010-06-30 16:35:00,2011-03-28 11:51:00,United Kingdom,2,4,4,244,10,At Risk,Lapsing Mid-Value,0.7594443214845894,High,37.2,28.251328759226727
13650,16,10,3288.0,2010-01-26 08:44:00,2011-11-23 12:22:00,United Kingdom,5,5,5,555,15,Champions,Active High-Value,0.19396909470808796,Low,459.085,89.04830184406255
13651,39,2,211.85,2010-11-23 09:44:00,2011-10-31 12:11:00,United Kingdom,4,2,1,421,7,Potential Loyalists,Recent Developing,0.8804088985103029,High,19.8,17.432096190503998
13652,45,5,2262.05,2010-02-25 17:37:00,2011-10-25 08:51:00,United Kingdom,4,4,4,444,12,Loyal Customers,Lapsing Mid-Value,0.5394239466077309,Medium,196.57,106.03456518468165
13653,487,1,152.2,2010-08-09 08:19:00,2010-08-09 08:19:00,United Kingdom,1,1,1,111,3,Hibernating,Dormant,,Inactive (>1 yr),,
13654,43,11,6308.0,2009-12-02 11:43:00,2011-10-27 16:24:00,United Kingdom,4,5,5,455,14,Loyal Customers,Active High-Value,0.20112264175748995,Low,676.8325,136.1263404273263
13655,114,6,2280.51,2010-04-27 09:59:00,2011-08-17 14:25:00,United Kingdom,3,4,4,344,11,Loyal Customers,Lapsing Mid-Value,0.5571573707841503,Medium,233.2425,129.95277805512217
13656,164,4,1078.85,2010-04-23 12:50:00,2011-06-28 10:31:00,United Kingdom,3,3,3,333,9,Need Attention,Lapsing Mid-Value,0.6617676008566786,High,94.9125,62.810017416309506
13657,10,2,382.14,2011-05-22 12:35:00,2011-11-29 12:32:00,United Kingdom,5,2,2,522,9,Potential Loyalists,Recent Developing,0.7970561812203303,High,95.535,76.14676227288425
13658,9,9,6025.5,2010-02-05 13:17:00,2011-11-30 10:13:00,United Kingdom,5,5,5,555,15,Champions,Active High-Value,0.25834605505958186,Low,659.7925,170.45478953289916
13659,205,12,4884.68,2010-02-17 09:05:00,2011-05-18 12:37:00,United Kingdom,2,5,5,255,12,Can't Lose Them,Lapsing Mid-Value,0.5050219884068723,Medium,390.75,197.33734196998535
13660,400,1,306.64,2010-11-04 16:10:00,2010-11-04 16:10:00,United Kingdom,2,1,2,212,5,Hibernating,Dormant,,Inactive (>1 yr),,
13661,603,1,325.24,2010-04-15 14:58:00,2010-04-15 14:58:00,United Kingdom,1,1,2,112,4,Hibernating,Dormant,,Inactive (>1 yr),,
13662,85,11,2233.61,2010-02-19 13:21:00,2011-09-15 12:04:00,United Kingdom,3,5,4,354,12,Loyal Customers,Lapsing Mid-Value,0.4504545136180218,Medium,220.315,99.24188616775447
13663,179,5,2047.51,2010-03-03 10:11:00,2011-06-13 15:44:00,United Kingdom,3,4,4,344,11,Loyal Customers,Lapsing Mid-Value,0.7754229515044598,High,47.3675,36.729846655387504
13665,386,3,1711.6599999999999,2010-07-23 13:29:00,2010-11-18 13:06:00,United Kingdom,2,3,4,234,9,At Risk,Lapsing Mid-Value,,Inactive (>1 yr),,
13666,60,5,127.05,2009-12-04 10:48:00,2011-10-10 15:39:00,United Kingdom,3,4,1,341,8,Loyal Customers,Recent Developing,0.6580660684145597,High,21.1625,13.926323172823121
13667,149,1,299.05,2011-07-13 15:42:00,2011-07-13 15:42:00,United Kingdom,3,1,2,312,6,About to Sleep,Dormant,0.7817678719609683,High,74.7625,58.44692052748189
13668,2,35,12948.48,2009-12-11 14:28:00,2011-12-07 12:11:00,United Kingdom,5,5,5,555,15,Champions,Active High-Value,0.042520723410510684,Low,1577.4575,67.07463404933566
13669,50,3,413.55,2010-10-28 15:05:00,2011-10-20 09:32:00,United Kingdom,4,3,2,432,9,Potential Loyalists,Recent Developing,0.7119735938111849,High,54.6375,38.90045723185862
13670,75,1,349.7,2011-09-25 15:25:00,2011-09-25 15:25:00,United Kingdom,3,1,2,312,6,About to Sleep,Dormant,0.7301054932495599,High,87.425,63.82947274734277
13671,394,1,172.6,2010-11-10 10:50:00,2010-11-10 10:50:00,United Kingdom,2,1,1,211,4,Hibernating,Dormant,,Inactive (>1 yr),,
13672,301,3,419.92,2009-12-09 11:40:00,2011-02-11 13:53:00,United Kingdom,2,3,2,232,7,At Risk,Dormant,0.8019105611005459,High,46.597500000000004,37.36702737088269
13673,18,2,387.44,2011-11-07 15:40:00,2011-11-21 12:11:00,United Kingdom,5,2,2,522,9,Potential Loyalists,Recent Developing,0.5713840329371714,Medium,96.86,55.34425743029443
13674,432,1,240.68,2010-10-03 10:41:00,2010-10-03 10:41:00,United Kingdom,1,1,1,111,3,Hibernating,Dormant,,Inactive (>1 yr),,
13675,151,2,486.82000000000005,2011-02-28 12:14:00,2011-07-11 12:57:00,United Kingdom,3,2,2,322,7,About to Sleep,Dormant,0.7021011227032735,High,121.70500000000001,85.44921713860191
13676,539,2,243.9,2010-03-30 16:53:00,2010-06-18 17:30:00,United Kingdom,1,2,1,121,4,Hibernating,Dormant,,Inactive (>1 yr),,
13677,404,2,551.24,2010-07-07 17:25:00,2010-10-31 11:32:00,United Kingdom,2,2,2,222,6,Hibernating,Dormant,,Inactive (>1 yr),,
13678,151,1,232.6,2011-07-11 10:14:00,2011-07-11 10:14:00,United Kingdom,3,1,1,311,5,About to Sleep,Dormant,0.8110020490806003,High,58.15,47.1597691540369
13679,493,3,281.26,2009-12-04 16:52:00,2010-08-03 12:13:00,United Kingdom,1,3,1,131,5,At Risk,Dormant,,Inactive (>1 yr),,
13680,1,12,11419.67,2009-12-04 14:14:00,2011-12-08 13:47:00,United Kingdom,5,5,5,555,15,Champions,Active High-Value,0.33711802695912235,Medium,929.78,313.4455991060528
13681,17,4,827.83,2011-07-07 15:21:00,2011-11-22 11:13:00,United Kingdom,5,3,3,533,11,Potential Loyalists,Recent Developing,0.3903073827528777,Medium,206.9575,80.77704016607869
13682,187,1,59.5,2011-06-05 14:06:00,2011-06-05 14:06:00,United Kingdom,2,1,1,211,4,Hibernating,Dormant,0.8729912947918613,High,14.875,12.985745510028938
13683,457,1,258.6,2010-09-08 10:00:00,2010-09-08 10:00:00,United Kingdom,1,1,1,111,3,Hibernating,Dormant,,Inactive (>1 yr),,
13684,285,4,594.88,2010-03-28 14:48:00,2011-02-27 10:13:00,United Kingdom,2,3,2,232,7,At Risk,Lapsing Mid-Value,0.8223128334158994,High,16.2825,13.389308710094381
13685,2,7,3119.44,2011-10-10 12:59:00,2011-12-07 11:41:00,United Kingdom,5,4,5,545,14,Champions,Active High-Value,0.23036904170745456,Low,779.86,179.65560086597552
13686,182,3,409.04,2010-11-03 13:44:00,2011-06-10 09:10:00,United Kingdom,3,3,2,332,8,Need Attention,Dormant,0.8595384076144774,High,18.0,15.471691337060594
13687,438,1,11880.84,2010-09-27 16:30:00,2010-09-27 16:30:00,United Kingdom,1,1,5,115,7,Hibernating,Lapsing Mid-Value,,Inactive (>1 yr),,
13688,635,1,375.5,2010-03-14 14:11:00,2010-03-14 14:11:00,United Kingdom,1,1,2,112,4,Hibernating,Dormant,,Inactive (>1 yr),,
13689,63,2,1259.5,2010-09-21 10:27:00,2011-10-07 13:21:00,United Kingdom,3,2,4,324,9,About to Sleep,Recent Developing,0.8085540621357094,High,227.5,183.94604913587386
13690,59,1,172.25,2011-10-11 15:03:00,2011-10-11 15:03:00,United Kingdom,3,1,1,311,5,About to Sleep,Dormant,0.7528893899416447,High,43.0625,32.42129935436208
13691,396,1,210.78,2010-11-08 17:34:00,2010-11-08 17:34:00,United Kingdom,2,1,1,211,4,Hibernating,Dormant,,Inactive (>1 yr),,
13692,24,5,3114.4,2010-10-15 13:28:00,2011-11-15 11:17:00,United Kingdom,4,4,5,445,13,Loyal Customers,Lapsing Mid-Value,0.5035582723977661,Medium,372.08,187.3639619937608
13693,374,9,2011.82,2009-12-07 11:29:00,2010-11-30 18:21:00,United Kingdom,2,5,4,254,11,Can't Lose Them,Lapsing Mid-Value,,Inactive (>1 yr),,
13694,3,142,194656.69,2009-12-04 15:26:00,2011-12-06 09:32:00,United Kingdom,5,5,5,555,15,Champions,Active High-Value,0.012820919293662043,Low,16049.375,205.76774158871726
13695,31,16,2770.73,2010-05-11 11:07:00,2011-11-08 14:26:00,United Kingdom,4,5,4,454,13,Loyal Customers,Active High-Value,0.13893159396740962,Low,626.0325,86.97569310040237
13696,421,3,2020.4,2010-02-11 14:17:00,2010-10-14 09:44:00,United Kingdom,1,3,4,134,8,At Risk,Lapsing Mid-Value,,Inactive (>1 yr),,
13697,38,1,151.29999999999998,2011-11-01 09:14:00,2011-11-01 09:14:00,United Kingdom,4,1,1,411,6,Promising,Recent Developing,0.7264962938111958,High,37.824999999999996,27.47972231340848
13698,596,2,451.73,2010-01-27 09:02:00,2010-04-22 11:52:00,United Kingdom,1,2,2,122,5,Hibernating,Dormant,,Inactive (>1 yr),,
13699,155,2,764.15,2010-06-07 13:03:00,2011-07-07 16:51:00,United Kingdom,3,2,3,323,8,About to Sleep,Dormant,0.8340498577482824,High,77.14500000000001,64.34277627599126
13700,26,13,2596.9700000000003,2010-02-07 10:53:00,2011-11-13 13:00:00,United Kingdom,4,5,4,454,13,Loyal Customers,Active High-Value,0.17787788517510572,Low,562.1575,99.9953872353245
13701,446,1,161.0,2010-09-19 12:39:00,2010-09-19 12:39:00,United Kingdom,1,1,1,111,3,Hibernating,Dormant,,Inactive (>1 yr),,
13702,445,1,135.18,2010-09-20 11:40:00,2010-09-20 11:40:00,United Kingdom,1,1,1,111,3,Hibernating,Dormant,,Inactive (>1 yr),,
13703,318,2,425.56,2010-10-20 13:11:00,2011-01-25 13:10:00,United Kingdom,2,2,2,222,6,Hibernating,Dormant,0.8655155664633908,High,24.875,21.529699715776847
13704,5,9,2308.06,2011-09-12 14:40:00,2011-12-04 15:13:00,United Kingdom,5,5,4,554,14,Champions,Active High-Value,0.13034739516617244,Low,577.015,75.21240222180899
13705,7,7,1717.19,2010-03-25 17:19:00,2011-12-02 12:32:00,United Kingdom,5,4,4,544,13,Champions,Active High-Value,0.5617689689428752,Medium,98.43,55.29491961304721
13706,302,2,631.17,2010-03-23 09:18:00,2011-02-10 09:21:00,United Kingdom,2,2,3,223,7,Hibernating,Dormant,0.8048518108957021,High,82.6975,66.55923263154733
13707,267,5,3365.86,2010-06-21 11:57:00,2011-03-17 18:03:00,United Kingdom,2,4,5,245,11,At Risk,Lapsing Mid-Value,0.6850339088740491,High,201.6025,138.10454861378048
13708,271,1,283.33,2011-03-13 13:46:00,2011-03-13 13:46:00,United Kingdom,2,1,1,211,4,Hibernating,Dormant,0.8206080806562666,High,70.8325,58.125721873085
13709,3,18,7571.35,2010-01-11 10:40:00,2011-12-06 10:28:00,United Kingdom,5,5,5,555,15,Champions,Active High-Value,0.08867418867275481,Low,1576.9125000000001,139.83143654542548
13710,31,3,509.52,2010-04-06 12:54:00,2011-11-08 08:16:00,United Kingdom,4,3,2,432,9,Potential Loyalists,Recent Developing,0.8133528734580653,High,45.12,36.6984816504279
13711,218,9,1792.26,2009-12-15 19:04:00,2011-05-05 10:31:00,United Kingdom,2,5,4,254,11,Can't Lose Them,Lapsing Mid-Value,0.7271215655666377,High,63.015,45.81956545418167
13712,246,2,766.42,2010-04-08 11:16:00,2011-04-07 12:33:00,United Kingdom,2,2,3,223,7,Hibernating,Dormant,0.83705027698176,High,57.21,47.887646346126495
13713,408,3,740.76,2010-05-05 16:48:00,2010-10-27 16:18:00,United Kingdom,2,3,3,233,8,At Risk,Lapsing Mid-Value,,Inactive (>1 yr),,
13714,465,1,161.35,2010-08-31 13:57:00,2010-08-31 13:57:00,United Kingdom,1,1,1,111,3,Hibernating,Dormant,,Inactive (>1 yr),,
13715,281,17,8153.04,2010-03-11 15:33:00,2011-03-03 19:21:00,United Kingdom,2,5,5,255,12,Can't Lose Them,Lapsing Mid-Value,0.6443232447903402,High,201.185,129.62817200314458
13716,269,1,138.28,2011-03-15 13:49:00,2011-03-15 13:49:00,United Kingdom,2,1,1,211,4,Hibernating,Dormant,0.8498614601290799,High,34.57,29.37971067666229
13717,32,8,1763.3,2010-08-11 09:40:00,2011-11-07 14:13:00,United Kingdom,4,4,4,444,12,Loyal Customers,Lapsing Mid-Value,0.2293890806297844,Low,361.2525,82.86737885021118
13718,246,2,306.55,2011-02-17 11:58:00,2011-04-07 13:24:00,United Kingdom,2,2,2,222,6,Hibernating,Dormant,0.7345764844602544,High,76.6375,56.296105327822744
13719,15,11,2782.1,2010-05-17 14:36:00,2011-11-24 15:26:00,United Kingdom,5,5,4,554,14,Champions,Active High-Value,0.22561770708287157,Low,260.42,58.755363278521415
13720,116,4,799.9,2011-03-30 09:17:00,2011-08-15 12:46:00,United Kingdom,3,3,3,333,9,Need Attention,Lapsing Mid-Value,0.5206564631875392,Medium,199.975,104.11827622592816
13721,36,2,741.54,2010-11-09 17:59:00,2011-11-03 14:05:00,United Kingdom,4,2,3,423,9,Potential Loyalists,Recent Developing,0.8171113541955043,High,131.035,107.07018629700791
13722,131,10,5635.41,2010-03-03 14:13:00,2011-07-31 12:44:00,United Kingdom,3,5,5,355,13,Loyal Customers,Lapsing Mid-Value,0.4921996568610501,Medium,593.8525,292.2939967260767
13723,217,6,1194.08,2010-04-07 14:32:00,2011-05-06 17:04:00,United Kingdom,2,4,3,243,9,At Risk,Lapsing Mid-Value,0.7515747046672734,High,49.962500000000006,37.55055118193865
13724,637,1,213.01,2010-03-12 15:28:00,2010-03-12 15:28:00,United Kingdom,1,1,1,111,3,Hibernating,Dormant,,Inactive (>1 yr),,
13725,49,8,1980.56,2011-02-04 12:18:00,2011-10-21 10:03:00,United Kingdom,4,4,4,444,12,Loyal Customers,Lapsing Mid-Value,0.32535389384005087,Medium,495.14,161.0957269959628
13726,38,2,1079.6599999999999,2011-08-31 11:06:00,2011-11-01 10:49:00,United Kingdom,4,2,3,423,9,Potential Loyalists,Recent Developing,0.5757886718573662,Medium,269.91499999999996,155.41399936438097
13727,28,8,1074.15,2009-12-09 13:25:00,2011-11-11 09:46:00,United Kingdom,4,4,3,443,11,Loyal Customers,Recent Developing,0.5361247711404402,Medium,83.37,44.6967221699785
13728,36,16,2855.17,2009-12-09 17:13:00,2011-11-03 10:49:00,United Kingdom,4,5,4,454,13,Loyal Customers,Active High-Value,0.2019417850682467,Low,254.035,51.30028136981205
13729,435,3,724.73,2010-01-24 14:57:00,2010-09-30 10:44:00,United Kingdom,1,3,3,133,7,At Risk,Lapsing Mid-Value,,Inactive (>1 yr),,
13730,135,2,752.6,2011-07-01 12:47:00,2011-07-27 08:35:00,United Kingdom,3,2,3,323,8,About to Sleep,Dormant,0.7313722988453599,High,188.15,137.60769802775448
13731,219,2,610.59,2011-04-07 10:10:00,2011-05-04 14:33:00,United Kingdom,2,2,3,223,7,Hibernating,Dormant,0.6796160431727352,High,152.6475,103.7416899502101
13732,28,1,491.86,2011-11-11 15:49:00,2011-11-11 15:49:00,United Kingdom,4,1,2,412,7,Promising,Recent Developing,0.6467203550549289,High,122.965,79.52396845932932
13733,410,2,487.03000000000003,2009-12-04 15:28:00,2010-10-25 12:18:00,United Kingdom,1,2,2,122,5,Hibernating,Dormant,,Inactive (>1 yr),,
13734,508,4,6695.6900000000005,2010-04-16 08:42:00,2010-07-19 12:04:00,United Kingdom,1,3,5,135,9,At Risk,Lapsing Mid-Value,,Inactive (>1 yr),,
13735,24,13,9762.77,2009-12-13 13:31:00,2011-11-15 11:14:00,United Kingdom,4,5,5,455,14,Loyal Customers,Active High-Value,0.2045949029047695,Low,720.885,147.48939658050477
13736,5,7,2752.47,2009-12-06 12:07:00,2011-12-04 15:19:00,United Kingdom,5,4,4,544,13,Champions,Active High-Value,0.5792809814170397,Medium,182.45,105.68981505953887
13737,200,1,339.59999999999997,2011-05-23 16:32:00,2011-05-23 16:32:00,United Kingdom,2,1,2,212,5,Hibernating,Dormant,0.8056153778526566,High,84.89999999999999,68.39674557969053
13738,396,1,434.78000000000003,2010-11-08 15:23:00,2010-11-08 15:23:00,United Kingdom,2,1,2,212,5,Hibernating,Dormant,,Inactive (>1 yr),,
13739,18,2,292.2,2010-06-30 10:25:00,2011-11-21 13:35:00,United Kingdom,5,2,2,522,9,Potential Loyalists,Recent Developing,0.8987096688513531,High,54.225,48.732531793464624
13740,240,5,1582.77,2009-12-02 12:22:00,2011-04-13 10:32:00,United Kingdom,2,4,4,244,10,At Risk,Lapsing Mid-Value,0.6994923532641666,High,87.6875,61.33673572685161
13741,71,3,668.4300000000001,2011-05-06 13:43:00,2011-09-29 09:19:00,United Kingdom,3,3,3,333,9,Need Attention,Recent Developing,0.5359185737345994,Medium,167.10750000000002,89.55601306035457
13742,16,12,3107.87,2011-01-23 14:59:00,2011-11-23 11:07:00,United Kingdom,5,5,5,555,15,Champions,Active High-Value,0.15928809709318903,Low,776.9675,123.76167457825234
13743,2,7,1341.6,2011-03-25 14:46:00,2011-12-07 10:09:00,United Kingdom,5,4,4,544,13,Champions,Recent Developing,0.3286614670420315,Medium,335.4,110.23305604589734
13744,95,2,1080.52,2011-02-20 14:08:00,2011-09-05 15:19:00,United Kingdom,3,2,3,323,8,About to Sleep,Lapsing Mid-Value,0.6809778767021479,High,270.13,183.9525538335512
13745,162,2,777.36,2010-06-11 17:19:00,2011-06-30 16:43:00,United Kingdom,3,2,3,323,8,About to Sleep,Dormant,0.8268939503336152,High,75.01,62.02531521452448
13746,413,1,176.69,2010-10-22 11:55:00,2010-10-22 11:55:00,United Kingdom,1,1,1,111,3,Hibernating,Dormant,,Inactive (>1 yr),,
13747,373,2,169.79999999999998,2010-10-11 09:15:00,2010-12-01 10:37:00,United Kingdom,2,2,1,221,5,Hibernating,Dormant,,Inactive (>1 yr),,
13748,95,9,2064.35,2009-12-01 16:44:00,2011-09-05 09:45:00,United Kingdom,3,5,4,354,12,Loyal Customers,Lapsing Mid-Value,0.5237815183238616,Medium,186.0625,97.45609875313349
13750,53,11,3602.1800000000003,2010-04-01 14:49:00,2011-10-17 12:16:00,United Kingdom,4,5,5,455,14,Loyal Customers,Active High-Value,0.2833598760615666,Low,411.815,116.69184736029405
13751,288,1,296.25,2011-02-24 15:56:00,2011-02-24 15:56:00,United Kingdom,2,1,2,212,5,Hibernating,Dormant,0.8393139401304209,High,74.0625,62.1616886909093
13752,124,7,1579.8300000000002,2010-06-30 10:23:00,2011-08-07 14:16:00,United Kingdom,3,4,4,344,11,Loyal Customers,Lapsing Mid-Value,0.4342051005746624,Medium,293.845,127.58899777836169
13753,287,4,2094.57,2009-12-03 10:20:00,2011-02-25 12:48:00,United Kingdom,2,3,4,234,9,At Risk,Lapsing Mid-Value,0.6916736858133015,High,185.315,128.17750908649197
13754,151,3,447.05,2010-09-28 15:29:00,2011-07-11 11:51:00,United Kingdom,3,3,2,332,8,Need Attention,Dormant,0.7102408188970731,High,70.64999999999999,50.17851385507821
13755,3,9,2108.06,2011-10-07 15:45:00,2011-12-06 12:26:00,United Kingdom,5,5,4,554,14,Champions,Active High-Value,0.14101495525451568,Low,527.015,74.31699664345858
13756,2,23,8655.95,2009-12-15 15:18:00,2011-12-07 16:44:00,United Kingdom,5,5,5,555,15,Champions,Active High-Value,0.07112991556350713,Low,1164.18,82.80802510072374
13757,674,1,195.55,2010-02-03 12:37:00,2010-02-03 12:37:00,United Kingdom,1,1,1,111,3,Hibernating,Dormant,,Inactive (>1 yr),,
13758,11,14,8595.29,2009-12-01 10:06:00,2011-11-28 11:11:00,United Kingdom,5,5,5,555,15,Champions,Active High-Value,0.2251711400539807,Low,617.925,139.13887671785602
13759,33,2,659.4100000000001,2011-09-29 15:40:00,2011-11-06 14:47:00,United Kingdom,4,2,3,423,9,Potential Loyalists,Recent Developing,0.5166651500320698,Medium,164.85250000000002,85.1735416456618
13760,54,5,1363.6399999999999,2010-04-25 13:10:00,2011-10-16 16:13:00,United Kingdom,4,4,4,444,12,Loyal Customers,Lapsing Mid-Value,0.5927325058209609,Medium,71.6975,42.49743883609835
13761,50,6,1952.17,2010-02-21 11:08:00,2011-10-20 14:01:00,United Kingdom,4,4,4,444,12,Loyal Customers,Lapsing Mid-Value,0.49575315800213127,Medium,267.6625,132.69452965374546
13762,218,5,2472.48,2010-01-10 12:13:00,2011-05-05 09:15:00,United Kingdom,2,4,4,244,10,At Risk,Lapsing Mid-Value,0.7845734164626001,High,76.68,60.16108957435218
13763,63,3,5217.4400000000005,2010-09-30 17:39:00,2011-10-07 15:13:00,United Kingdom,3,3,5,335,11,Need Attention,Lapsing Mid-Value,0.6613141090882345,High,428.74,283.53181113048964
13764,70,6,2908.67,2010-03-07 12:56:00,2011-09-30 12:03:00,United Kingdom,3,4,5,345,12,Loyal Customers,Lapsing Mid-Value,0.4389298132240754,Medium,379.105,166.40048684231311
13765,653,1,352.82,2010-02-24 13:46:00,2010-02-24 13:46:00,United Kingdom,1,1,2,112,4,Hibernating,Dormant,,Inactive (>1 yr),,
13766,495,1,190.35,2010-08-01 14:25:00,2010-08-01 14:25:00,United Kingdom,1,1,1,111,3,Hibernating,Dormant,,Inactive (>1 yr),,
13767,2,73,33903.57,2009-12-01 10:52:00,2011-12-07 15:00:00,United Kingdom,5,5,5,555,15,Champions,Active High-Value,0.02257595794334111,Low,3895.8500000000004,87.95254575356547
13768,726,2,875.97,2009-12-09 10:25:00,2009-12-13 10:41:00,United Kingdom,1,2,3,123,6,Hibernating,Dormant,,Inactive (>1 yr),,
13769,2,20,5478.12,2009-12-16 11:59:00,2011-12-07 15:08:00,United Kingdom,5,5,5,555,15,Champions,Active High-Value,0.14403261763082106,Low,618.5525,89.09173571708845
13770,422,4,785.37,2009-12-09 14:44:00,2010-10-13 15:10:00,United Kingdom,1,3,3,133,7,At Risk,Lapsing Mid-Value,,Inactive (>1 yr),,
13771,64,9,5728.82,2010-02-25 12:37:00,2011-10-06 14:18:00,United Kingdom,3,5,5,355,13,Loyal Customers,Active High-Value,0.3289271660263652,Medium,658.6125,216.63554313453943
13772,33,8,3100.02,2010-02-23 13:55:00,2011-11-06 11:43:00,United Kingdom,4,4,5,445,13,Loyal Customers,Active High-Value,0.37573557451189754,Medium,280.6575,105.45300700357289
13773,396,2,301.54,2010-02-18 10:27:00,2010-11-08 11:49:00,United Kingdom,2,2,2,222,6,Hibernating,Dormant,,Inactive (>1 yr),,
13774,81,1,345.0,2011-09-19 12:06:00,2011-09-19 12:06:00,United Kingdom,3,1,2,312,6,About to Sleep,Dormant,0.7372037803517303,High,86.25,63.583826055336736
13775,590,1,1049.66,2010-04-28 12:15:00,2010-04-28 12:15:00,United Kingdom,1,1,3,113,5,Hibernating,Dormant,,Inactive (>1 yr),,
13777,0,61,49638.26,2009-12-02 09:47:00,2011-12-09 12:25:00,United Kingdom,5,5,5,555,15,Champions,Active High-Value,0.03145001667098015,Low,4784.25,150.4647422581368
13778,103,4,1124.49,2010-05-23 13:34:00,2011-08-28 15:25:00,United Kingdom,3,3,3,333,9,Need Attention,Lapsing Mid-Value,0.7500450134796938,High,44.675,33.50826097720532
13779,515,1,161.13,2010-07-12 11:24:00,2010-07-12 11:24:00,United Kingdom,1,1,1,111,3,Hibernating,Dormant,,Inactive (>1 yr),,
13780,7,3,732.07,2010-10-28 19:51:00,2011-12-02 13:49:00,United Kingdom,5,3,3,533,11,Potential Loyalists,Recent Developing,0.7616244658429547,High,90.0025,68.54810598703054
13781,250,3,778.83,2009-12-18 15:46:00,2011-04-03 12:08:00,United Kingdom,2,3,3,233,8,At Risk,Lapsing Mid-Value,0.8157715156146483,High,31.96,26.07205763904416
13782,12,13,1786.08,2009-12-06 12:52:00,2011-11-27 11:54:00,United Kingdom,5,5,4,554,14,Champions,Active High-Value,0.17834341827072991,Low,227.215,40.5222997823839
13783,487,4,1542.09,2010-02-04 13:47:00,2010-08-09 09:23:00,United Kingdom,1,3,4,134,8,At Risk,Lapsing Mid-Value,,Inactive (>1 yr),,
13784,9,14,2910.23,2010-09-15 12:27:00,2011-11-30 09:33:00,United Kingdom,5,5,5,555,15,Champions,Active High-Value,0.14800113983693988,Low,615.6975,91.1239317947543
13785,428,4,542.49,2010-09-05 16:01:00,2010-10-07 09:25:00,United Kingdom,1,3,2,132,6,At Risk,Lapsing Mid-Value,,Inactive (>1 yr),,
13786,367,6,3127.99,2009-12-03 15:32:00,2010-12-07 13:53:00,United Kingdom,2,4,5,245,11,At Risk,Lapsing Mid-Value,,Inactive (>1 yr),,
13787,75,6,1222.5,2010-01-14 10:13:00,2011-09-25 12:06:00,United Kingdom,3,4,4,344,11,Loyal Customers,Lapsing Mid-Value,0.5587180760554659,Medium,77.26,43.166558556045295
13788,505,1,3.75,2010-07-22 15:50:00,2010-07-22 15:50:00,United Kingdom,1,1,1,111,3,Hibernating,Dormant,,Inactive (>1 yr),,
13789,388,1,239.45999999999998,2010-11-16 15:31:00,2010-11-16 15:31:00,United Kingdom,2,1,1,211,4,Hibernating,Dormant,,Inactive (>1 yr),,
13790,4,1,348.8,2011-12-05 15:48:00,2011-12-05 15:48:00,United Kingdom,5,1,2,512,8,New Customers,Recent Developing,0.5181638019609037,Medium,87.2,45.183883530990805
13791,127,2,1516.0,2011-06-24 16:38:00,2011-08-04 11:44:00,United Kingdom,3,2,4,324,9,About to Sleep,Lapsing Mid-Value,0.6500095066945148,High,379.0,246.35360303722112
13792,66,3,383.95,2010-10-13 11:05:00,2011-10-04 14:31:00,United Kingdom,3,3,2,332,8,Need Attention,Recent Developing,0.7015406048631961,High,48.8875,34.296566320249504
13793,646,1,96.0,2010-03-03 08:25:00,2010-03-03 08:25:00,United Kingdom,1,1,1,111,3,Hibernating,Dormant,,Inactive (>1 yr),,
13794,546,1,126.03,2010-06-11 12:30:00,2010-06-11 12:30:00,United Kingdom,1,1,1,111,3,Hibernating,Dormant,,Inactive (>1 yr),,
13795,388,4,836.3,2010-03-12 12:44:00,2010-11-16 17:25:00,United Kingdom,2,3,3,233,8,At Risk,Lapsing Mid-Value,,Inactive (>1 yr),,
13796,499,1,289.7,2010-07-28 14:45:00,2010-07-28 14:45:00,United Kingdom,1,1,2,112,4,Hibernating,Dormant,,Inactive (>1 yr),,
13797,436,3,1179.45,2010-03-02 12:17:00,2010-09-29 10:34:00,United Kingdom,1,3,3,133,7,At Risk,Lapsing Mid-Value,,Inactive (>1 yr),,
13798,1,110,75428.87,2009-12-08 16:21:00,2011-12-08 15:51:00,United Kingdom,5,5,5,555,15,Champions,Active High-Value,0.010987041515743685,Low,9186.4625,100.93204487032251
13799,116,9,2803.57,2010-03-05 16:39:00,2011-08-15 12:07:00,United Kingdom,3,5,4,354,12,Loyal Customers,Lapsing Mid-Value,0.5479247256836323,Medium,172.215,94.36085663360673
13800,309,3,1679.56,2009-12-03 10:03:00,2011-02-03 12:27:00,United Kingdom,2,3,4,234,9,At Risk,Lapsing Mid-Value,0.7420980592042946,High,139.58,103.58204710373545
13801,66,1,324.8,2011-10-04 10:15:00,2011-10-04 10:15:00,United Kingdom,3,1,2,312,6,About to Sleep,Dormant,0.7257808142938356,High,81.2,58.93340212065945
13802,138,19,26259.11,2010-02-16 10:11:00,2011-07-24 10:54:00,United Kingdom,3,5,5,355,13,Loyal Customers,Active High-Value,0.39514254971764984,Medium,1149.855,454.35663650558826
13803,255,3,1338.91,2010-03-31 10:00:00,2011-03-29 12:57:00,United Kingdom,2,3,4,234,9,At Risk,Lapsing Mid-Value,0.774387855961479,High,69.2675,53.63991081281174
13804,30,9,3161.12,2010-09-29 10:26:00,2011-11-09 12:32:00,United Kingdom,4,5,5,455,14,Loyal Customers,Active High-Value,0.25031449164328456,Low,647.0975,161.97788175614033
13805,52,2,924.6,2011-08-02 15:29:00,2011-10-18 14:50:00,United Kingdom,4,2,3,423,9,Potential Loyalists,Recent Developing,0.6179359506427665,High,231.15,142.8358949910755
13806,63,1,256.38,2011-10-07 11:43:00,2011-10-07 11:43:00,United Kingdom,3,1,1,311,5,About to Sleep,Dormant,0.742567693893104,High,64.095,47.5948763400785
13807,367,3,422.2,2009-12-04 12:41:00,2010-12-07 15:48:00,United Kingdom,2,3,2,232,7,At Risk,Dormant,,Inactive (>1 yr),,
13808,5,5,1747.66,2011-09-04 12:07:00,2011-12-04 12:18:00,United Kingdom,5,4,4,544,13,Champions,Recent Developing,0.3019347045211823,Medium,436.915,131.91980142587238
13809,305,3,679.7,2010-09-05 11:42:00,2011-02-07 13:15:00,Cyprus,2,3,3,233,8,At Risk,Lapsing Mid-Value,0.7890956733874752,High,38.7625,30.58732103968201
13810,28,2,827.51,2011-10-14 12:57:00,2011-11-11 08:33:00,Germany,4,2,3,423,9,Potential Loyalists,Recent Developing,0.45079036633339903,Medium,206.8775,93.25838401113775
13811,183,2,519.75,2011-04-14 18:40:00,2011-06-09 09:54:00,Germany,3,2,2,322,7,About to Sleep,Dormant,0.6777253904053311,High,129.9375,88.06194291579271
13812,42,3,485.0,2011-08-26 12:54:00,2011-10-28 14:27:00,Germany,4,3,2,432,9,Potential Loyalists,Recent Developing,0.49709598384513,Medium,121.25,60.27288804122201
13813,39,8,2387.4700000000003,2009-12-06 10:16:00,2011-10-31 10:38:00,Germany,4,4,4,444,12,Loyal Customers,Lapsing Mid-Value,0.2831054325380461,Low,292.21500000000003,82.72765396910515
13814,92,3,2257.32,2010-06-30 14:12:00,2011-09-08 13:48:00,Germany,3,3,4,334,10,Need Attention,Lapsing Mid-Value,0.5972459781512854,Medium,394.78,235.78076725456444
13815,22,8,6737.74,2010-02-12 10:26:00,2011-11-17 14:19:00,Germany,4,4,5,445,13,Loyal Customers,Active High-Value,0.249318256801564,Low,916.84,228.58495056594595
13816,23,2,499.67,2011-10-06 14:37:00,2011-11-16 08:38:00,Germany,4,2,2,422,8,Potential Loyalists,Recent Developing,0.5082219814176605,Medium,124.9175,63.48581936374061
13817,29,2,328.98,2010-12-23 11:46:00,2011-11-10 17:49:00,Germany,4,2,2,422,8,Potential Loyalists,Recent Developing,0.7868684386699087,High,82.245,64.71599473840665
13818,429,1,61.28,2010-10-06 12:35:00,2010-10-06 12:35:00,United Kingdom,1,1,1,111,3,Hibernating,Dormant,,Inactive (>1 yr),,
13819,301,6,2642.35,2009-12-01 16:18:00,2011-02-11 10:38:00,United Kingdom,2,4,4,244,10,At Risk,Lapsing Mid-Value,0.668797698972096,High,285.0875,190.6658640057074
13820,418,3,652.75,2010-01-28 12:26:00,2010-10-17 13:46:00,United Kingdom,1,3,3,133,7,At Risk,Dormant,,Inactive (>1 yr),,
13821,144,6,1379.08,2010-01-04 13:36:00,2011-07-18 09:49:00,United Kingdom,3,4,4,344,11,Loyal Customers,Lapsing Mid-Value,0.674161082365213,High,96.41,64.99586995083018
13822,5,2,632.0,2011-10-30 15:55:00,2011-12-04 12:13:00,United Kingdom,5,2,3,523,10,Potential Loyalists,Recent Developing,0.5264748049524244,Medium,158.0,83.18301918248305
13823,18,7,3403.4500000000003,2009-12-15 14:34:00,2011-11-21 10:22:00,United Kingdom,5,4,5,545,14,Champions,Active High-Value,0.47225772933308025,Medium,239.415,113.06558426827941
13824,32,12,3314.76,2010-03-12 15:17:00,2011-11-07 12:41:00,United Kingdom,4,5,5,455,14,Loyal Customers,Active High-Value,0.22639439487485316,Low,424.735,96.15762330717077
13825,621,2,255.59,2009-12-09 14:30:00,2010-03-28 11:02:00,United Kingdom,1,2,1,121,4,Hibernating,Dormant,,Inactive (>1 yr),,
13826,176,1,189.5,2011-06-16 13:48:00,2011-06-16 13:48:00,United Kingdom,3,1,1,311,5,About to Sleep,Dormant,0.832798347527134,High,47.375,39.45382171409797
13827,57,3,409.8,2011-07-19 15:38:00,2011-10-13 12:38:00,United Kingdom,4,3,2,432,9,Potential Loyalists,Recent Developing,0.585231937837872,Medium,102.45,59.95701203148999
13828,22,1,209.49,2011-11-17 16:02:00,2011-11-17 16:02:00,United Kingdom,4,1,1,411,6,Promising,Recent Developing,0.6758098685506665,High,52.3725,35.39385234066978
13829,421,1,102.0,2010-10-14 18:19:00,2010-10-14 18:19:00,United Kingdom,1,1,1,111,3,Hibernating,Dormant,,Inactive (>1 yr),,
13830,581,1,156.85000000000002,2010-05-07 12:24:00,2010-05-07 12:24:00,United Kingdom,1,1,1,111,3,Hibernating,Dormant,,Inactive (>1 yr),,
13831,16,18,6585.54,2009-12-10 14:50:00,2011-11-23 15:41:00,United Kingdom,5,5,5,555,15,Champions,Active High-Value,0.2027218241100116,Low,447.61249999999995,90.74082249444255
13832,19,2,609.89,2010-10-13 14:41:00,2011-11-20 15:36:00,United Kingdom,5,2,3,523,10,Potential Loyalists,Recent Developing,0.921798551694071,High,13.049999999999999,12.029471099607626
13833,159,2,700.41,2010-10-31 14:11:00,2011-07-03 13:27:00,United Kingdom,3,2,3,323,8,About to Sleep,Dormant,0.7815795468288744,High,95.9625,75.00232726256587
13834,576,2,324.19,2010-02-08 12:52:00,2010-05-12 10:27:00,United Kingdom,1,2,2,122,5,Hibernating,Dormant,,Inactive (>1 yr),,
13835,25,7,1095.27,2010-03-04 08:26:00,2011-11-14 15:37:00,United Kingdom,4,4,3,443,11,Loyal Customers,Recent Developing,0.3734701247191218,Medium,208.6425,77.92174049670938
13836,399,2,620.37,2010-10-21 13:27:00,2010-11-05 13:31:00,United Kingdom,2,2,3,223,7,Hibernating,Dormant,,Inactive (>1 yr),,
13837,211,2,266.59000000000003,2011-01-26 12:15:00,2011-05-12 12:10:00,United Kingdom,2,2,1,221,5,Hibernating,Dormant,0.7331163545120859,High,66.64750000000001,48.86037223734425
13838,5,10,1690.07,2010-05-09 11:40:00,2011-12-04 11:00:00,United Kingdom,5,5,4,554,14,Champions,Active High-Value,0.5454474460423765,Medium,111.04,60.56648440854549
13839,486,1,139.95000000000002,2010-08-10 13:52:00,2010-08-10 13:52:00,United Kingdom,1,1,1,111,3,Hibernating,Dormant,,Inactive (>1 yr),,
13840,416,1,651.4,2010-10-19 13:34:00,2010-10-19 13:34:00,United Kingdom,1,1,3,113,5,Hibernating,Dormant,,Inactive (>1 yr),,
13841,252,1,85.0,2011-04-01 12:10:00,2011-04-01 12:10:00,United Kingdom,2,1,1,211,4,Hibernating,Dormant,0.8809392264184464,High,21.25,18.719958561391984
13842,58,18,5319.34,2010-02-16 15:54:00,2011-10-12 10:51:00,United Kingdom,4,5,5,455,14,Loyal Customers,Active High-Value,0.14893086974494202,Low,768.7625,114.492467752296
13843,381,1,319.75,2010-11-23 17:48:00,2010-11-23 17:48:00,United Kingdom,2,1,2,212,5,Hibernating,Dormant,,Inactive (>1 yr),,
13844,11,1,361.62,2011-11-28 13:21:00,2011-11-28 13:21:00,United Kingdom,5,1,2,512,8,New Customers,Recent Developing,0.6010261756734541,High,90.405,54.335771411758614
13845,64,1,312.98,2011-10-06 08:25:00,2011-10-06 08:25:00,United Kingdom,3,1,2,312,6,About to Sleep,Dormant,0.7383603659531178,High,78.245,57.773006834001706
13846,24,4,1307.79,2010-11-05 09:47:00,2011-11-15 12:07:00,United Kingdom,4,3,4,434,11,Potential Loyalists,Recent Developing,0.522293887942864,Medium,216.26500000000001,112.9538876759635
13847,719,1,310.72,2009-12-20 10:41:00,2009-12-20 10:41:00,United Kingdom,1,1,2,112,4,Hibernating,Dormant,,Inactive (>1 yr),,
13848,92,8,3015.0,2009-12-09 16:17:00,2011-09-08 12:58:00,United Kingdom,3,4,5,345,12,Loyal Customers,Lapsing Mid-Value,0.5230303945845771,Medium,233.75,122.2583547341449
13849,51,5,3469.3,2010-03-25 12:03:00,2011-10-19 10:59:00,United Kingdom,4,4,5,445,13,Loyal Customers,Lapsing Mid-Value,0.48561210843549907,Medium,384.4875,186.71178554209396
13850,129,1,1595.48,2011-08-02 14:04:00,2011-08-02 14:04:00,United Kingdom,3,1,4,314,8,About to Sleep,Lapsing Mid-Value,0.7032245712142141,High,398.87,280.49518472021356
13851,95,8,4606.46,2010-01-29 11:54:00,2011-09-05 12:36:00,United Kingdom,3,4,5,345,12,Loyal Customers,Lapsing Mid-Value,0.4293465056351015,Medium,662.865,284.59877145781155
13852,610,1,187.35000000000002,2010-04-08 09:06:00,2010-04-08 09:06:00,United Kingdom,1,1,1,111,3,Hibernating,Dormant,,Inactive (>1 yr),,
13853,57,1,1090.14,2011-10-13 14:18:00,2011-10-13 14:18:00,United Kingdom,4,1,3,413,8,Promising,Recent Developing,0.675145545070666,High,272.535,184.00079112583398
13854,8,39,11944.56,2010-01-08 11:28:00,2011-12-01 09:06:00,United Kingdom,5,5,5,555,15,Champions,Active High-Value,0.0392730892448158,Low,1950.03,76.58370222006815
13855,500,4,1310.3400000000001,2009-12-08 16:56:00,2010-07-27 09:53:00,United Kingdom,1,3,4,134,8,At Risk,Lapsing Mid-Value,,Inactive (>1 yr),,
13856,168,11,1142.03,2010-03-30 15:40:00,2011-06-24 10:03:00,United Kingdom,3,5,3,353,11,Loyal Customers,Lapsing Mid-Value,0.6078954498278138,High,97.125,59.04184556452642
13857,393,6,1000.91,2010-05-17 14:21:00,2010-11-11 12:54:00,United Kingdom,2,4,3,243,9,At Risk,Lapsing Mid-Value,,Inactive (>1 yr),,
13858,57,1,216.17,2011-10-13 16:17:00,2011-10-13 16:17:00,United Kingdom,4,1,1,411,6,Promising,Dormant,0.7407988497095093,High,54.0425,40.03462183542615
13859,326,2,515.86,2010-06-28 15:36:00,2011-01-17 16:14:00,United Kingdom,2,2,2,222,6,Hibernating,Dormant,0.8142785599628101,High,50.29,40.95006878052972
13860,1,5,1245.9,2011-09-14 09:27:00,2011-12-08 12:57:00,United Kingdom,5,4,4,544,13,Champions,Recent Developing,0.2579964677267229,Low,311.475,80.35944978518103
13861,429,2,273.26,2010-06-27 11:37:00,2010-10-06 14:20:00,United Kingdom,1,2,1,121,4,Hibernating,Dormant,,Inactive (>1 yr),,
13862,18,9,2556.09,2010-11-15 13:43:00,2011-11-21 16:24:00,United Kingdom,5,5,4,554,14,Champions,Active High-Value,0.16781279202351876,Low,552.34,92.68971754627036
13863,247,4,1239.55,2010-04-25 13:09:00,2011-04-06 10:20:00,United Kingdom,2,3,4,234,9,At Risk,Lapsing Mid-Value,0.7351571138539997,High,76.445,56.199085568569004
13864,386,1,662.4000000000001,2010-11-18 12:50:00,2010-11-18 12:50:00,United Kingdom,2,1,3,213,6,Hibernating,Dormant,,Inactive (>1 yr),,
13865,58,4,501.56,2011-02-23 12:04:00,2011-10-12 13:31:00,United Kingdom,4,3,2,432,9,Potential Loyalists,Recent Developing,0.48179047634471095,Medium,125.39,60.41170782886331
13866,74,1,145.67000000000002,2011-09-26 14:54:00,2011-09-26 14:54:00,United Kingdom,3,1,1,311,5,About to Sleep,Dormant,0.774181185462042,High,36.417500000000004,28.193743321563915
13867,31,3,1005.09,2011-05-05 17:28:00,2011-11-08 15:48:00,United Kingdom,4,3,3,433,10,Potential Loyalists,Recent Developing,0.4773721855278629,Medium,251.2725,119.95050248804993
13868,7,2,3192.54,2011-11-01 12:45:00,2011-12-02 16:32:00,United Kingdom,5,2,5,525,12,Potential Loyalists,Recent Developing,0.4540441696353348,Medium,798.135,362.38854333189795
13869,123,10,7996.87,2010-01-17 14:53:00,2011-08-08 13:53:00,United Kingdom,3,5,5,355,13,Loyal Customers,Lapsing Mid-Value,0.3116273176142751,Medium,770.9125,240.23739449031484
13870,2,15,5712.08,2010-02-08 12:08:00,2011-12-07 13:23:00,United Kingdom,5,5,5,555,15,Champions,Active High-Value,0.16783699562323237,Low,692.735,116.26656116305988
13871,22,17,7885.85,2009-12-20 13:09:00,2011-11-17 10:49:00,United Kingdom,4,5,5,455,14,Loyal Customers,Active High-Value,0.07557134372067614,Low,1600.8125,120.97555166985488
13872,527,3,919.57,2009-12-14 09:56:00,2010-06-30 15:35:00,United Kingdom,1,3,3,133,7,At Risk,Lapsing Mid-Value,,Inactive (>1 yr),,
13873,119,8,1038.92,2010-03-03 12:31:00,2011-08-12 10:08:00,United Kingdom,3,4,3,343,10,Loyal Customers,Lapsing Mid-Value,0.5395540038329348,Medium,97.4,52.55255997332786
13874,358,7,2049.15,2010-02-04 18:39:00,2010-12-16 18:20:00,United Kingdom,2,4,4,244,10,At Risk,Lapsing Mid-Value,0.7371946485624117,High,135.1125,99.60421195388885
13875,53,14,4814.37,2009-12-17 10:30:00,2011-10-17 09:36:00,United Kingdom,4,5,5,455,14,Loyal Customers,Active High-Value,0.2301764449516787,Low,446.6975,102.81924251880248
13876,63,1,122.7,2011-10-07 10:22:00,2011-10-07 10:22:00,United Kingdom,3,1,1,311,5,About to Sleep,Dormant,0.7703347314776621,High,30.675,23.630017888077283
13877,86,3,449.68,2010-01-19 10:53:00,2011-09-14 15:49:00,United Kingdom,3,3,2,332,8,Need Attention,Recent Developing,0.8017892026987149,High,29.31,23.500441531099334
13878,54,4,2416.9,2010-04-14 13:50:00,2011-10-16 12:19:00,United Kingdom,4,3,4,434,11,Potential Loyalists,Lapsing Mid-Value,0.5983166167347139,Medium,317.8925,190.20036508534002
13879,645,1,395.5,2010-03-04 10:49:00,2010-03-04 10:49:00,United Kingdom,1,1,2,112,4,Hibernating,Dormant,,Inactive (>1 yr),,
13880,21,17,4293.86,2010-05-26 14:29:00,2011-11-18 13:44:00,United Kingdom,4,5,5,455,14,Loyal Customers,Active High-Value,0.07898256668421953,Low,780.4925,61.64530092778321
13881,3,43,45179.1,2010-03-04 14:41:00,2011-12-06 12:50:00,United Kingdom,5,5,5,555,15,Champions,Active High-Value,0.0296566800569066,Low,4289.88,127.22359864252249
13882,2,5,1191.13,2011-10-06 15:28:00,2011-12-07 11:16:00,United Kingdom,5,4,3,543,12,Champions,Recent Developing,0.26368985742951906,Low,297.7825,78.52222497000577
13883,10,14,6535.37,2010-02-28 12:53:00,2011-11-29 10:45:00,United Kingdom,5,5,5,555,15,Champions,Active High-Value,0.2456325179769526,Low,668.62,164.23481416975005
13884,7,10,1825.03,2010-08-26 19:57:00,2011-12-02 16:30:00,United Kingdom,5,5,4,554,14,Champions,Active High-Value,0.40192586635642524,Medium,196.9,79.13920308558014
13885,189,2,506.8,2011-05-23 08:52:00,2011-06-03 15:07:00,United Kingdom,2,2,2,222,6,Hibernating,Dormant,0.7015010434358872,High,126.7,88.88018220332691
13886,71,1,243.56,2011-09-29 13:17:00,2011-09-29 13:17:00,United Kingdom,3,1,1,311,5,About to Sleep,Dormant,0.7450924369662686,High,60.89,45.36867848687609
13887,204,1,349.55,2011-05-19 17:22:00,2011-05-19 17:22:00,United Kingdom,2,1,2,212,5,Hibernating,Dormant,0.8104941241370327,High,87.3875,70.82705527302495
13888,119,7,2001.59,2010-05-13 11:57:00,2011-08-12 10:13:00,United Kingdom,3,4,4,344,11,Loyal Customers,Lapsing Mid-Value,0.6024626131467387,High,148.9175,89.71722619327944
13889,92,6,1991.23,2010-01-22 14:32:00,2011-09-08 09:13:00,United Kingdom,3,4,4,344,11,Loyal Customers,Lapsing Mid-Value,0.6262282794038156,High,104.22500000000001,65.26864242086269
13890,1,14,2927.38,2009-12-06 15:15:00,2011-12-08 15:36:00,United Kingdom,5,5,5,555,15,Champions,Active High-Value,0.18412252551605976,Low,470.95250000000004,86.71296369810214
13891,378,3,859.21,2010-05-06 16:02:00,2010-11-26 15:57:00,United Kingdom,2,3,3,233,8,At Risk,Lapsing Mid-Value,,Inactive (>1 yr),,
13892,26,6,1267.6499999999999,2010-05-13 10:32:00,2011-11-13 11:50:00,United Kingdom,4,4,4,444,12,Loyal Customers,Recent Developing,0.4194378140753575,Medium,158.2425,66.37288829381977
13893,297,1,821.1,2011-02-15 11:30:00,2011-02-15 11:30:00,United Kingdom,2,1,3,213,6,Hibernating,Dormant,0.7995040147101123,High,205.275,164.1181866196183
13894,23,3,564.62,2011-02-02 12:54:00,2011-11-16 09:44:00,United Kingdom,4,3,2,432,9,Potential Loyalists,Recent Developing,0.6545832186728072,High,141.155,92.3976942317601
13895,28,6,4008.52,2009-12-03 13:09:00,2011-11-11 16:57:00,United Kingdom,4,4,5,445,13,Loyal Customers,Active High-Value,0.34337848249692104,Medium,648.2675,222.60111040207278
13896,625,1,388.55,2010-03-24 08:55:00,2010-03-24 08:55:00,United Kingdom,1,1,2,112,4,Hibernating,Dormant,,Inactive (>1 yr),,
13897,50,3,1160.72,2010-01-31 13:48:00,2011-10-20 14:30:00,United Kingdom,4,3,3,433,10,Potential Loyalists,Recent Developing,0.7786542663371435,High,77.79,60.5715153783664
13898,325,2,686.4,2010-10-24 15:42:00,2011-01-18 10:28:00,United Kingdom,2,2,3,223,7,Hibernating,Dormant,0.8189996033429413,High,38.9825,31.92665203731621
13899,16,2,388.52,2011-03-10 09:30:00,2011-11-23 13:40:00,United Kingdom,5,2,2,522,9,Potential Loyalists,Recent Developing,0.7983554911718456,High,97.13,77.54426885752136
13900,183,6,1610.59,2010-03-25 13:46:00,2011-06-09 19:26:00,United Kingdom,3,4,4,344,11,Loyal Customers,Lapsing Mid-Value,0.5397495584554902,Medium,185.2375,99.98185883439888
13901,72,15,5676.34,2010-01-05 09:29:00,2011-09-28 14:48:00,United Kingdom,3,5,5,355,13,Loyal Customers,Active High-Value,0.22972837005110328,Low,716.8,164.6692956526308
13902,632,5,30392.46,2009-12-15 10:02:00,2010-03-17 13:09:00,Denmark,1,4,5,145,10,At Risk,Lapsing Mid-Value,,Inactive (>1 yr),,
13903,400,1,165.45000000000002,2010-11-04 17:44:00,2010-11-04 17:44:00,United Kingdom,2,1,1,211,4,Hibernating,Dormant,,Inactive (>1 yr),,
13904,37,2,332.64,2011-02-18 11:18:00,2011-11-02 13:41:00,United Kingdom,4,2,2,422,8,Potential Loyalists,Recent Developing,0.7676254282469469,High,83.16,63.8357306130161
13905,732,1,312.65,2009-12-07 11:41:00,2009-12-07 11:41:00,United Kingdom,1,1,2,112,4,Hibernating,Dormant,,Inactive (>1 yr),,
13906,409,1,42.0,2010-10-26 15:00:00,2010-10-26 15:00:00,United Kingdom,1,1,1,111,3,Hibernating,Dormant,,Inactive (>1 yr),,
13907,691,1,136.8,2010-01-17 12:22:00,2010-01-17 12:22:00,United Kingdom,1,1,1,111,3,Hibernating,Dormant,,Inactive (>1 yr),,
13908,79,4,2319.55,2011-03-08 12:04:00,2011-09-21 11:49:00,United Kingdom,3,3,4,334,10,Need Attention,Lapsing Mid-Value,0.4045191095916439,Medium,579.8875,234.5755751633244
13909,423,2,282.85,2010-07-06 16:52:00,2010-10-12 17:22:00,United Kingdom,1,2,1,121,4,Hibernating,Dormant,,Inactive (>1 yr),,
13911,57,20,4234.99,2010-03-01 16:31:00,2011-10-13 15:43:00,United Kingdom,4,5,5,455,14,Loyal Customers,Active High-Value,0.20874606003689486,Low,645.2275,134.68869845245558
13912,423,1,124.95,2010-10-12 08:43:00,2010-10-12 08:43:00,United Kingdom,1,1,1,111,3,Hibernating,Dormant,,Inactive (>1 yr),,
13913,506,1,42.22,2010-07-21 10:11:00,2010-07-21 10:11:00,United Kingdom,1,1,1,111,3,Hibernating,Dormant,,Inactive (>1 yr),,
13914,11,2,626.45,2011-11-03 16:28:00,2011-11-28 10:35:00,United Kingdom,5,2,3,523,10,Potential Loyalists,Recent Developing,0.5983098112087063,Medium,156.6125,93.70279530792352
13915,394,1,70.80000000000001,2010-11-10 15:17:00,2010-11-10 15:17:00,United Kingdom,2,1,1,211,4,Hibernating,Dormant,,Inactive (>1 yr),,
13916,463,4,1275.81,2010-02-02 10:06:00,2010-09-02 10:04:00,United Kingdom,1,3,4,134,8,At Risk,Lapsing Mid-Value,,Inactive (>1 yr),,
13917,49,2,272.04,2011-06-01 12:46:00,2011-10-21 09:56:00,United Kingdom,4,2,1,421,7,Potential Loyalists,Recent Developing,0.7164832190321052,High,68.01,48.72802372637348
13918,49,2,1212.8400000000001,2011-03-31 18:05:00,2011-10-21 12:25:00,United Kingdom,4,2,4,424,10,Potential Loyalists,Recent Developing,0.6910629652728638,High,303.21000000000004,209.53720170038505
13919,59,4,1252.68,2010-06-17 09:30:00,2011-10-11 14:24:00,Denmark,3,3,4,334,10,Need Attention,Lapsing Mid-Value,0.6050407694047696,High,87.2025,52.76106769401942
13920,431,4,1774.68,2010-05-26 15:48:00,2010-10-04 12:37:00,United Kingdom,1,3,4,134,8,At Risk,Lapsing Mid-Value,,Inactive (>1 yr),,
13921,402,4,730.7,2009-12-18 12:19:00,2010-11-02 16:32:00,United Kingdom,2,3,3,233,8,At Risk,Lapsing Mid-Value,,Inactive (>1 yr),,
13922,351,3,865.2,2010-08-29 14:36:00,2010-12-23 10:38:00,United Kingdom,2,3,3,233,8,At Risk,Lapsing Mid-Value,0.8180110113001711,High,43.0625,35.22559917411362
13923,53,1,351.13,2011-10-17 12:33:00,2011-10-17 12:33:00,United Kingdom,4,1,2,412,7,Promising,Recent Developing,0.7110657480025225,High,87.7825,62.419129024031434
13924,1,6,1838.8500000000001,2011-09-28 15:07:00,2011-12-08 09:39:00,United Kingdom,5,4,4,544,13,Champions,Active High-Value,0.19035102452344102,Low,459.71250000000003,87.50674536123239
13925,92,4,678.25,2011-07-28 12:09:00,2011-09-08 12:47:00,United Kingdom,3,3,3,333,9,Need Attention,Lapsing Mid-Value,0.6165319622486639,High,169.5625,104.54070084878907
13926,23,1,223.85000000000002,2011-11-16 13:16:00,2011-11-16 13:16:00,United Kingdom,4,1,1,411,6,Promising,Recent Developing,0.6811702144745677,High,55.962500000000006,38.119988127533
13927,74,2,708.26,2010-09-28 16:12:00,2011-09-26 12:00:00,United Kingdom,3,2,3,323,8,About to Sleep,Recent Developing,0.8155008596907879,High,87.2475,71.15041125587202
13928,10,4,464.57,2011-07-29 15:59:00,2011-11-29 10:33:00,United Kingdom,5,3,2,532,10,Potential Loyalists,Recent Developing,0.45290681865800697,Medium,116.1425,52.60173018598758
13929,169,11,3494.1,2010-01-14 07:25:00,2011-06-23 15:26:00,United Kingdom,3,5,5,355,13,Loyal Customers,Lapsing Mid-Value,0.5638291978487908,Medium,210.6625,118.7776683918209
13930,57,2,337.34,2011-07-26 11:00:00,2011-10-13 09:45:00,United Kingdom,4,2,2,422,8,Potential Loyalists,Recent Developing,0.6509900374689133,High,84.335,54.9012448099408
13931,95,11,5257.38,2009-12-03 10:26:00,2011-09-05 10:12:00,United Kingdom,3,5,5,355,13,Loyal Customers,Lapsing Mid-Value,0.5014547549934258,Medium,309.3825,155.14132573675357
13932,294,1,307.4,2011-02-18 12:02:00,2011-02-18 12:02:00,United Kingdom,2,1,2,212,5,Hibernating,Dormant,0.8335351193705125,High,76.85,64.05717392362388
13933,109,2,608.7900000000001,2011-07-14 13:35:00,2011-08-22 14:03:00,United Kingdom,3,2,3,323,8,About to Sleep,Dormant,0.6401973848932224,High,152.19750000000002,97.43644148728623
13934,263,1,922.1,2011-03-21 08:39:00,2011-03-21 08:39:00,United Kingdom,2,1,3,213,6,Hibernating,Dormant,0.7841829350893877,High,230.525,180.77377111148112
13935,596,3,6116.92,2010-02-25 16:01:00,2010-04-22 11:21:00,United Kingdom,1,3,5,135,9,At Risk,Lapsing Mid-Value,,Inactive (>1 yr),,
13936,179,3,939.66,2010-10-21 14:21:00,2011-06-13 08:47:00,United Kingdom,3,3,3,333,9,Need Attention,Lapsing Mid-Value,0.7223800507324145,High,94.145,68.00846987620316
13937,169,2,880.13,2010-11-02 12:37:00,2011-06-23 16:35:00,United Kingdom,3,2,3,323,8,About to Sleep,Lapsing Mid-Value,0.8346869877607269,High,39.7125,33.14750700144786
13938,35,1,71.66,2011-11-04 14:37:00,2011-11-04 14:37:00,United Kingdom,4,1,1,411,6,Promising,Dormant,0.7532597353772252,High,17.915,13.49464815928299
13939,23,7,1560.96,2010-04-06 12:43:00,2011-11-16 13:33:00,United Kingdom,4,4,4,444,12,Loyal Customers,Recent Developing,0.4736072305545039,Medium,142.1375,67.31734773294079
13940,17,4,839.14,2011-07-18 16:05:00,2011-11-22 15:15:00,United Kingdom,5,3,3,533,11,Potential Loyalists,Recent Developing,0.35544929436731315,Medium,209.785,74.56793021884678
13941,21,15,10027.18,2009-12-16 16:10:00,2011-11-18 09:43:00,United Kingdom,4,5,5,455,14,Loyal Customers,Active High-Value,0.197322278488129,Low,1004.46,198.20233585018607
13942,534,1,320.0,2010-06-23 12:35:00,2010-06-23 12:35:00,United Kingdom,1,1,2,112,4,Hibernating,Dormant,,Inactive (>1 yr),,
13943,577,1,246.54,2010-05-11 11:30:00,2010-05-11 11:30:00,United Kingdom,1,1,1,111,3,Hibernating,Dormant,,Inactive (>1 yr),,
13944,653,1,200.43,2010-02-24 15:02:00,2010-02-24 15:02:00,United Kingdom,1,1,1,111,3,Hibernating,Dormant,,Inactive (>1 yr),,
13945,394,2,854.15,2010-08-17 09:59:00,2010-11-10 10:00:00,United Kingdom,2,2,3,223,7,Hibernating,Dormant,,Inactive (>1 yr),,
13946,79,6,1876.23,2009-12-04 11:07:00,2011-09-21 13:33:00,United Kingdom,3,4,4,344,11,Loyal Customers,Lapsing Mid-Value,0.5017845624439956,Medium,140.39249999999998,70.44678918291865
13947,65,1,90.6,2011-10-05 14:42:00,2011-10-05 14:42:00,United Kingdom,3,1,1,311,5,About to Sleep,Dormant,0.7848430505413038,High,22.65,17.77669509476053
13948,360,4,548.76,2009-12-04 12:14:00,2010-12-14 10:18:00,United Kingdom,2,3,2,232,7,At Risk,Lapsing Mid-Value,0.8171286451224612,High,25.5,20.83678045062276
13949,2,6,2427.32,2011-09-06 11:55:00,2011-12-07 09:35:00,United Kingdom,5,4,4,544,13,Champions,Active High-Value,0.1944940664078324,Low,606.83,118.02483431826494
13950,11,4,745.06,2011-04-07 11:29:00,2011-11-28 14:44:00,United Kingdom,5,3,3,533,11,Potential Loyalists,Recent Developing,0.4691734339590646,Medium,186.265,87.39058967638516
13951,176,3,674.45,2011-02-18 15:21:00,2011-06-16 16:43:00,United Kingdom,3,3,3,333,9,Need Attention,Lapsing Mid-Value,0.6106268837877842,High,168.6125,102.95932544266776
13952,217,14,12823.52,2009-12-16 09:41:00,2011-05-06 09:00:00,United Kingdom,2,5,5,255,12,Can't Lose Them,Active High-Value,0.4985288547603525,Medium,812.7675,405.18805096143484
13953,7,12,6640.68,2009-12-11 12:58:00,2011-12-02 16:04:00,United Kingdom,5,5,5,555,15,Champions,Active High-Value,0.20698431558970276,Low,878.92,181.92265465810155
13954,1,2,439.92,2011-09-30 10:52:00,2011-12-08 12:50:00,United Kingdom,5,2,2,522,9,Potential Loyalists,Recent Developing,0.7427483069235844,High,109.98,81.68745879545581
13955,154,3,544.0699999999999,2010-11-29 17:35:00,2011-07-08 17:19:00,United Kingdom,3,3,2,332,8,Need Attention,Lapsing Mid-Value,0.6730102301450449,High,80.74,54.33884598191092
13956,5,5,1019.27,2011-03-13 12:51:00,2011-12-04 13:20:00,United Kingdom,5,4,3,543,12,Champions,Recent Developing,0.35770656576698096,Medium,254.8175,91.14989282232767
13957,417,3,458.25,2010-02-19 10:32:00,2010-10-18 10:02:00,United Kingdom,1,3,2,132,6,At Risk,Dormant,,Inactive (>1 yr),,
13958,379,8,4709.2300000000005,2009-12-05 13:12:00,2010-11-25 10:11:00,United Kingdom,2,4,5,245,11,At Risk,Lapsing Mid-Value,,Inactive (>1 yr),,
13959,79,6,1064.77,2010-07-16 15:11:00,2011-09-21 15:06:00,United Kingdom,3,4,3,343,10,Loyal Customers,Lapsing Mid-Value,0.44285565303547914,Medium,148.51,65.768493032299
13960,21,2,230.22,2011-09-29 12:39:00,2011-11-18 15:27:00,United Kingdom,4,2,1,421,7,Potential Loyalists,Recent Developing,0.6045037956646363,High,57.555,34.79221595947814
13961,392,1,538.4,2010-11-12 14:40:00,2010-11-12 14:40:00,United Kingdom,2,1,2,212,5,Hibernating,Dormant,,Inactive (>1 yr),,
13962,21,3,362.8,2010-09-30 10:35:00,2011-11-18 08:47:00,United Kingdom,4,3,2,432,9,Potential Loyalists,Recent Developing,0.7529808667007759,High,42.3875,31.91697648727914
13963,308,17,2860.57,2010-04-21 16:20:00,2011-02-04 14:43:00,United Kingdom,2,5,4,254,11,Can't Lose Them,Lapsing Mid-Value,0.702492333623363,High,128.31,90.13679132721371
13964,387,2,438.9,2010-10-05 12:38:00,2010-11-17 13:53:00,United Kingdom,2,2,2,222,6,Hibernating,Dormant,,Inactive (>1 yr),,
13965,476,3,996.61,2010-01-05 15:21:00,2010-08-20 10:40:00,United Kingdom,1,3,3,133,7,At Risk,Lapsing Mid-Value,,Inactive (>1 yr),,
13966,435,1,384.26,2010-09-30 13:08:00,2010-09-30 13:08:00,United Kingdom,1,1,2,112,4,Hibernating,Dormant,,Inactive (>1 yr),,
13967,145,2,166.3,2010-11-08 13:24:00,2011-07-17 12:02:00,United Kingdom,3,2,1,321,6,About to Sleep,Dormant,0.8586530363425603,High,20.175,17.323325008211153
13968,423,1,123.66,2010-10-12 13:22:00,2010-10-12 13:22:00,United Kingdom,1,1,1,111,3,Hibernating,Dormant,,Inactive (>1 yr),,
13969,7,35,12973.460000000001,2010-03-25 13:15:00,2011-12-02 15:11:00,United Kingdom,5,5,5,555,15,Champions,Active High-Value,0.03336660035827716,Low,2176.645,72.6272438368422
13970,386,2,846.55,2010-09-28 11:53:00,2010-11-18 13:21:00,United Kingdom,2,2,3,223,7,Hibernating,Dormant,,Inactive (>1 yr),,
13971,18,14,4667.57,2010-01-26 09:51:00,2011-11-21 12:06:00,United Kingdom,5,5,5,555,15,Champions,Active High-Value,0.13808463181048752,Low,689.565,95.21832913439884
13972,70,2,190.25,2011-05-22 11:34:00,2011-09-30 11:54:00,United Kingdom,3,2,1,321,6,About to Sleep,Dormant,0.7066770924742374,High,47.5625,33.61132921080591
13973,287,1,264.7,2011-02-25 15:21:00,2011-02-25 15:21:00,United Kingdom,2,1,1,211,4,Hibernating,Dormant,0.8405193039138712,High,66.175,55.62136493650043
13974,49,2,677.72,2010-05-06 17:55:00,2011-10-21 14:41:00,United Kingdom,4,2,3,423,9,Potential Loyalists,Recent Developing,0.8481815593028899,High,103.39750000000001,87.69985277802056
13975,31,12,5256.4,2010-02-02 13:13:00,2011-11-08 13:19:00,United Kingdom,4,5,5,455,14,Loyal Customers,Active High-Value,0.1890289787263359,Low,615.3100000000001,116.31142090010175
13976,206,4,1192.36,2010-02-09 13:08:00,2011-05-17 09:13:00,United Kingdom,2,3,3,233,8,At Risk,Lapsing Mid-Value,0.7155451465276347,High,89.495,64.03771288849067
13977,411,1,519.8100000000001,2010-10-24 14:08:00,2010-10-24 14:08:00,United Kingdom,1,1,2,112,4,Hibernating,Dormant,,Inactive (>1 yr),,
13978,14,2,196.79000000000002,2011-10-25 15:04:00,2011-11-25 11:36:00,United Kingdom,5,2,1,521,8,Potential Loyalists,Recent Developing,0.562326893893283,Medium,49.197500000000005,27.665077362314797
13979,73,7,3373.63,2009-12-03 10:02:00,2011-09-27 13:32:00,United Kingdom,3,4,5,345,12,Loyal Customers,Lapsing Mid-Value,0.5649578349481211,Medium,217.4675,122.85996797158053
13980,60,5,768.82,2010-02-21 14:18:00,2011-10-10 13:34:00,United Kingdom,3,4,3,343,10,Loyal Customers,Lapsing Mid-Value,0.6568146704009733,High,50.035,32.863722033512694
13981,415,1,331.14,2010-10-20 10:03:00,2010-10-20 10:03:00,United Kingdom,1,1,2,112,4,Hibernating,Dormant,,Inactive (>1 yr),,
13982,39,9,3954.29,2010-01-20 14:04:00,2011-10-31 16:24:00,United Kingdom,4,5,5,455,14,Loyal Customers,Active High-Value,0.3314938401739361,Medium,360.8025,119.6038062693566
13983,29,21,6753.89,2009-12-09 13:53:00,2011-11-10 11:06:00,United Kingdom,4,5,5,455,14,Loyal Customers,Active High-Value,0.09331443516349734,Low,568.5175,53.050889393063606
13984,26,12,1893.8,2009-12-07 11:51:00,2011-11-13 12:38:00,United Kingdom,4,5,4,454,13,Loyal Customers,Active High-Value,0.3324516730069103,Medium,191.4275,63.64039263453033
13985,4,22,10020.86,2010-02-09 13:56:00,2011-12-05 17:06:00,United Kingdom,5,5,5,555,15,Champions,Active High-Value,0.058381364414593226,Low,1765.0325,103.04500558610052
13986,17,1,320.46,2011-11-22 15:00:00,2011-11-22 15:00:00,United Kingdom,5,1,2,512,8,New Customers,Recent Developing,0.6453055274476232,High,80.115,51.69865233146633
13987,379,2,682.54,2010-11-04 09:54:00,2010-11-25 10:20:00,United Kingdom,2,2,3,223,7,Hibernating,Dormant,,Inactive (>1 yr),,
13988,19,8,4757.8,2010-03-24 11:05:00,2011-11-20 10:15:00,United Kingdom,5,4,5,545,14,Champions,Active High-Value,0.18688796413553246,Low,1036.99,193.80094992890582
13989,65,5,2026.06,2010-05-25 12:13:00,2011-10-05 09:47:00,United Kingdom,3,4,4,344,11,Loyal Customers,Lapsing Mid-Value,0.48151286561848167,Medium,316.52,152.4084522255618
13990,213,1,311.3,2011-05-10 15:19:00,2011-05-10 15:19:00,United Kingdom,2,1,2,212,5,Hibernating,Dormant,0.8182468699380808,High,77.825,63.68006265293114
13991,12,6,851.88,2011-07-19 12:58:00,2011-11-27 16:18:00,United Kingdom,5,4,3,543,12,Champions,Recent Developing,0.24417186816959222,Low,212.97,52.001282764078056
13992,30,3,219.5,2010-09-02 17:04:00,2011-11-09 15:23:00,United Kingdom,4,3,1,431,8,Potential Loyalists,Recent Developing,0.8145898489756295,High,19.2,15.640125100332085
13993,42,19,6775.71,2009-12-03 11:57:00,2011-10-28 09:06:00,United Kingdom,4,5,5,455,14,Loyal Customers,Active High-Value,0.1139862419518993,Low,866.59,98.77933741309641
13994,3,6,2274.14,2011-07-14 18:28:00,2011-12-06 11:05:00,United Kingdom,5,4,4,544,13,Champions,Active High-Value,0.20832393099264304,Low,568.535,118.43944610690231
13995,15,14,3902.01,2009-12-18 12:43:00,2011-11-24 14:22:00,United Kingdom,5,5,5,555,15,Champions,Active High-Value,0.1905380929833717,Low,348.4225,66.38775870249883
13996,386,2,845.76,2010-11-05 15:07:00,2010-11-18 16:27:00,United Kingdom,2,2,3,223,7,Hibernating,Dormant,,Inactive (>1 yr),,
13997,519,3,376.46,2010-06-07 17:33:00,2010-07-08 18:06:00,United Kingdom,1,3,2,132,6,At Risk,Dormant,,Inactive (>1 yr),,
13998,446,3,566.7,2010-05-12 13:18:00,2010-09-19 10:20:00,United Kingdom,1,3,2,132,6,At Risk,Dormant,,Inactive (>1 yr),,
13999,10,29,9502.26,2009-12-05 12:42:00,2011-11-29 13:40:00,United Kingdom,5,5,5,555,15,Champions,Active High-Value,0.06716847872137414,Low,975.4525,65.51966048996121
14000,211,5,2046.3400000000001,2009-12-02 09:50:00,2011-05-12 16:50:00,United Kingdom,2,4,4,244,10,At Risk,Lapsing Mid-Value,0.6768097966975382,High,158.915,107.55522884218927
14001,45,9,4228.85,2010-08-03 12:49:00,2011-10-25 10:31:00,United Kingdom,4,5,5,455,14,Loyal Customers,Active High-Value,0.3970040577118794,Medium,435.46000000000004,172.879386971215
14002,134,2,529.73,2011-07-06 14:59:00,2011-07-28 15:55:00,United Kingdom,3,2,2,322,7,About to Sleep,Dormant,0.7438827652124858,High,132.4325,98.51425430400252
14003,732,1,209.41,2009-12-07 08:53:00,2009-12-07 08:53:00,United Kingdom,1,1,1,111,3,Hibernating,Dormant,,Inactive (>1 yr),,
14004,43,11,6258.45,2010-09-30 09:39:00,2011-10-27 14:40:00,United Kingdom,4,5,5,455,14,Loyal Customers,Active High-Value,0.22196794668134567,Low,1145.66,254.2997977949505
14005,9,5,2874.72,2011-05-08 10:33:00,2011-11-30 12:41:00,United Kingdom,5,4,4,544,13,Champions,Recent Developing,0.28965248112539654,Low,718.68,208.16744513519998
14006,115,7,2196.67,2010-02-25 09:45:00,2011-08-16 09:39:00,United Kingdom,3,4,4,344,11,Loyal Customers,Lapsing Mid-Value,0.4714013132052898,Medium,240.5475,113.39440738824945
14007,512,1,79.48,2010-07-15 09:06:00,2010-07-15 09:06:00,United Kingdom,1,1,1,111,3,Hibernating,Dormant,,Inactive (>1 yr),,
14008,432,1,509.04,2010-10-03 13:09:00,2010-10-03 13:09:00,United Kingdom,1,1,2,112,4,Hibernating,Dormant,,Inactive (>1 yr),,
14009,198,3,1099.91,2010-09-03 12:08:00,2011-05-25 15:47:00,United Kingdom,2,3,3,233,8,At Risk,Lapsing Mid-Value,0.7234566605383405,High,173.9025,125.81092190926876
14010,565,2,445.15,2010-05-23 12:46:00,2010-05-23 13:00:00,United Kingdom,1,2,2,122,5,Hibernating,Dormant,,Inactive (>1 yr),,
14011,480,2,457.82,2010-04-11 13:40:00,2010-08-16 15:31:00,United Kingdom,1,2,2,122,5,Hibernating,Dormant,,Inactive (>1 yr),,
14012,277,1,328.8,2011-03-07 12:26:00,2011-03-07 12:26:00,United Kingdom,2,1,2,212,5,Hibernating,Dormant,0.8325989767364417,High,82.2,68.4396358877355
14013,110,5,1084.57,2010-03-26 10:02:00,2011-08-21 15:01:00,United Kingdom,3,4,3,343,10,Loyal Customers,Lapsing Mid-Value,0.578781829798611,Medium,118.255,68.44384528283474
14014,77,3,1948.21,2010-05-12 09:04:00,2011-09-23 13:18:00,United Kingdom,3,3,4,334,10,Need Attention,Lapsing Mid-Value,0.7288080158752038,High,126.295,92.04480836495887
14015,52,1,917.34,2011-10-18 10:02:00,2011-10-18 10:02:00,United Kingdom,4,1,3,413,8,Promising,Recent Developing,0.6746591142958647,High,229.335,154.72294797704214
14016,161,11,11303.41,2010-01-08 14:12:00,2011-07-01 11:29:00,EIRE,3,5,5,355,13,Loyal Customers,Lapsing Mid-Value,0.29469352574991947,Low,1072.8025,316.147951158328
14017,571,1,229.75,2010-05-17 14:52:00,2010-05-17 14:52:00,United Kingdom,1,1,1,111,3,Hibernating,Dormant,,Inactive (>1 yr),,
14018,645,1,367.15000000000003,2010-03-04 14:23:00,2010-03-04 14:23:00,United Kingdom,1,1,2,112,4,Hibernating,Dormant,,Inactive (>1 yr),,
14019,46,3,1421.61,2011-07-24 15:39:00,2011-10-24 10:13:00,United Kingdom,4,3,4,434,11,Potential Loyalists,Recent Developing,0.46761528191398405,Medium,355.4025,166.1916402304347
14020,16,4,1249.01,2010-06-28 15:29:00,2011-11-23 09:22:00,United Kingdom,5,3,4,534,12,Potential Loyalists,Recent Developing,0.5942482459363456,Medium,160.7,95.49569312197073
14021,155,7,1716.58,2010-04-26 11:22:00,2011-07-07 15:46:00,United Kingdom,3,4,4,344,11,Loyal Customers,Lapsing Mid-Value,0.5199406230111068,Medium,157.975,82.13761992017959
14022,225,2,792.15,2010-08-10 09:38:00,2011-04-28 14:39:00,United Kingdom,2,2,3,223,7,Hibernating,Dormant,0.7793605294549464,High,110.0,85.7296582400441
14023,7,2,584.07,2011-04-03 15:50:00,2011-12-02 13:58:00,United Kingdom,5,2,2,522,9,Potential Loyalists,Recent Developing,0.8161920356203757,High,146.0175,119.17832056119822
14024,121,3,645.74,2010-11-14 10:51:00,2011-08-10 11:30:00,United Kingdom,3,3,3,333,9,Need Attention,Lapsing Mid-Value,0.7569171696419281,High,81.925,62.01043912291496
14025,464,8,4057.9,2010-05-05 09:56:00,2010-09-01 10:11:00,United Kingdom,1,4,5,145,10,At Risk,Lapsing Mid-Value,,Inactive (>1 yr),,
14026,470,2,713.11,2010-03-24 14:10:00,2010-08-26 10:31:00,United Kingdom,1,2,3,123,6,Hibernating,Dormant,,Inactive (>1 yr),,
14027,60,1,104.82,2011-10-10 09:01:00,2011-10-10 09:01:00,United Kingdom,3,1,1,311,5,About to Sleep,Dormant,0.7741521500533087,High,26.205,20.286657092146953
14028,550,3,10396.5,2010-06-07 12:02:00,2010-06-07 13:33:00,United Kingdom,1,3,5,135,9,At Risk,Lapsing Mid-Value,,Inactive (>1 yr),,
14029,63,2,467.66,2011-07-18 16:57:00,2011-10-07 14:46:00,United Kingdom,3,2,2,322,7,About to Sleep,Recent Developing,0.645509935925664,High,116.915,75.46979415874901
14030,18,20,7521.8,2009-12-10 17:27:00,2011-11-21 16:48:00,United Kingdom,5,5,5,555,15,Champions,Active High-Value,0.18416843685320197,Low,420.585,77.45848201390395
14031,7,44,39019.51,2009-12-03 15:35:00,2011-12-02 17:13:00,United Kingdom,5,5,5,555,15,Champions,Active High-Value,0.033893750896755157,Low,3846.6975,130.37900684017083
14032,2,16,4546.41,2009-12-14 12:02:00,2011-12-07 15:23:00,United Kingdom,5,5,5,555,15,Champions,Active High-Value,0.14240452948171153,Low,667.9325,95.11661338804329
14033,555,1,109.44,2010-06-02 15:10:00,2010-06-02 15:10:00,United Kingdom,1,1,1,111,3,Hibernating,Dormant,,Inactive (>1 yr),,
14034,22,3,648.89,2011-07-05 13:06:00,2011-11-17 14:02:00,United Kingdom,4,3,3,433,10,Potential Loyalists,Recent Developing,0.6046659741405196,High,162.2225,98.09042599001043
14035,28,9,2794.75,2010-04-06 12:39:00,2011-11-11 10:03:00,United Kingdom,4,5,4,454,13,Loyal Customers,Active High-Value,0.24926014561575807,Low,357.005,88.9871182855537
14036,284,1,626.65,2011-02-28 09:26:00,2011-02-28 09:26:00,United Kingdom,2,1,3,213,6,Hibernating,Dormant,0.7994251742617619,High,156.6625,125.23994636278326
14037,176,6,836.95,2009-12-07 11:39:00,2011-06-16 13:57:00,United Kingdom,3,4,3,343,10,Loyal Customers,Lapsing Mid-Value,0.6807232997350275,High,36.800000000000004,25.050617430249016
14038,78,5,3069.88,2010-02-04 08:56:00,2011-09-22 13:37:00,United Kingdom,3,4,5,345,12,Loyal Customers,Lapsing Mid-Value,0.46676069118609387,Medium,390.095,182.0810118282393
14039,33,2,267.28000000000003,2010-05-13 10:15:00,2011-11-06 13:48:00,United Kingdom,4,2,1,421,7,Potential Loyalists,Recent Developing,0.8926506493658426,High,38.05,33.96535720837031
14040,40,35,12523.81,2009-12-01 12:14:00,2011-10-30 12:42:00,United Kingdom,4,5,5,455,14,Loyal Customers,Active High-Value,0.11819825524675923,Low,890.08,105.20590303003546
14041,266,1,141.41,2011-03-18 13:25:00,2011-03-18 13:25:00,United Kingdom,2,1,1,211,4,Hibernating,Dormant,0.8487874264195999,High,35.3525,30.006757492498906
14042,725,1,431.98,2009-12-14 15:07:00,2009-12-14 15:07:00,United Kingdom,1,1,2,112,4,Hibernating,Dormant,,Inactive (>1 yr),,
14043,491,2,302.6,2009-12-10 15:56:00,2010-08-05 18:18:00,United Kingdom,1,2,2,122,5,Hibernating,Dormant,,Inactive (>1 yr),,
14044,26,10,3073.95,2010-01-24 15:14:00,2011-11-13 12:05:00,United Kingdom,4,5,5,455,14,Loyal Customers,Active High-Value,0.32935472118167863,Medium,161.605,53.22536971656517
14045,109,16,10986.63,2010-01-08 10:08:00,2011-08-22 15:27:00,United Kingdom,3,5,5,355,13,Loyal Customers,Active High-Value,0.5361992955388947,Medium,333.3375,178.7353326766963
14046,284,1,151.59,2011-02-28 14:48:00,2011-02-28 14:48:00,United Kingdom,2,1,1,211,4,Hibernating,Dormant,0.8539857695589508,High,37.8975,32.36392570186034
14047,8,14,3968.11,2010-02-01 10:05:00,2011-12-01 11:43:00,United Kingdom,5,5,5,555,15,Champions,Active High-Value,0.2673786287507807,Low,255.4225,68.2945178020963
14048,305,3,748.69,2010-11-22 14:08:00,2011-02-07 14:53:00,United Kingdom,2,3,3,233,8,At Risk,Lapsing Mid-Value,0.7939237750124063,High,102.4825,81.36329327270893
14049,16,13,13023.4,2010-04-01 14:52:00,2011-11-23 12:20:00,United Kingdom,5,5,5,555,15,Champions,Active High-Value,0.21060729449972107,Low,1394.68,293.729781492871
14050,31,2,746.36,2011-08-25 13:46:00,2011-11-08 10:00:00,United Kingdom,4,2,3,423,9,Potential Loyalists,Recent Developing,0.6004228384613332,High,186.59,112.03289742850015
14051,0,37,21770.98,2009-12-03 11:53:00,2011-12-09 10:20:00,United Kingdom,5,5,5,555,15,Champions,Active High-Value,0.04324686415999106,Low,3746.7425000000003,162.0348639399653
14052,19,2,466.66,2010-11-14 11:37:00,2011-11-20 12:30:00,United Kingdom,5,2,2,522,9,Potential Loyalists,Recent Developing,0.8604427311855508,High,56.34,48.47734347499394
14053,124,4,572.3,2010-08-10 11:02:00,2011-08-07 14:27:00,United Kingdom,3,3,2,332,8,Need Attention,Lapsing Mid-Value,0.7019745921654055,High,65.0625,45.67222190276169
14054,65,1,92.46,2011-10-05 15:49:00,2011-10-05 15:49:00,United Kingdom,3,1,1,311,5,About to Sleep,Dormant,0.7822378434103647,High,23.115,18.081427750430578
14055,106,3,1520.96,2009-12-16 15:11:00,2011-08-25 15:04:00,United Kingdom,3,3,4,334,10,Need Attention,Lapsing Mid-Value,0.7374578807053251,High,181.41000000000003,133.78223413875304
14056,1,23,8152.71,2011-02-28 15:19:00,2011-12-08 13:36:00,United Kingdom,5,5,5,555,15,Champions,Active High-Value,0.048965992270830795,Low,2038.1775,99.80138371158124
14057,23,22,8346.66,2009-12-03 13:17:00,2011-11-16 10:32:00,United Kingdom,4,5,5,455,14,Loyal Customers,Active High-Value,0.06259343600629633,Low,1552.915,97.20228567571766
14058,462,2,469.19,2010-06-27 11:29:00,2010-09-03 09:31:00,United Kingdom,1,2,2,122,5,Hibernating,Dormant,,Inactive (>1 yr),,
14059,266,1,183.6,2011-03-18 10:06:00,2011-03-18 10:06:00,United Kingdom,2,1,1,211,4,Hibernating,Dormant,0.8504636705821093,High,45.9,39.036282479718814
14060,4,30,8898.24,2010-03-11 09:47:00,2011-12-05 12:29:00,United Kingdom,5,5,5,555,15,Champions,Active High-Value,0.050195386658546386,Low,1379.895,69.26436307319486
14061,507,3,917.4300000000001,2009-12-01 18:03:00,2010-07-20 17:22:00,United Kingdom,1,3,3,133,7,At Risk,Lapsing Mid-Value,,Inactive (>1 yr),,
14062,9,24,25585.65,2009-12-10 14:28:00,2011-11-30 10:04:00,United Kingdom,5,5,5,555,15,Champions,Active High-Value,0.08680112786825787,Low,2616.2125,227.0901957430346
14063,686,7,9471.5,2009-12-08 13:46:00,2010-01-22 11:28:00,United Kingdom,1,4,5,145,10,At Risk,Lapsing Mid-Value,,Inactive (>1 yr),,
14064,29,15,3260.24,2010-01-21 13:22:00,2011-11-10 13:14:00,United Kingdom,4,5,5,455,14,Loyal Customers,Active High-Value,0.23942030835114242,Low,333.585,79.86702356131583
14065,389,3,891.02,2010-10-04 12:03:00,2010-11-15 16:13:00,United Kingdom,2,3,3,233,8,At Risk,Lapsing Mid-Value,,Inactive (>1 yr),,
14066,266,1,152.55,2011-03-18 12:21:00,2011-03-18 12:21:00,United Kingdom,2,1,1,211,4,Hibernating,Dormant,0.8565562726190826,High,38.1375,32.66691484701027
14067,63,2,374.7,2011-09-04 12:00:00,2011-10-07 10:21:00,United Kingdom,3,2,2,322,7,About to Sleep,Recent Developing,0.5815764930729528,Medium,93.675,54.47917798860885
14068,320,4,1516.72,2010-01-31 10:10:00,2011-01-23 16:02:00,United Kingdom,2,3,4,234,9,At Risk,Lapsing Mid-Value,0.7609993653105471,High,66.4625,50.577920316952245
14069,514,2,225.81,2010-05-27 12:30:00,2010-07-13 12:12:00,United Kingdom,1,2,1,121,4,Hibernating,Dormant,,Inactive (>1 yr),,
14070,684,1,321.6,2010-01-24 12:27:00,2010-01-24 12:27:00,United Kingdom,1,1,2,112,4,Hibernating,Dormant,,Inactive (>1 yr),,
14071,3,8,1422.75,2011-03-20 11:33:00,2011-12-06 12:27:00,United Kingdom,5,4,4,544,13,Champions,Active High-Value,0.24374996911108987,Low,355.6875,86.69881713820078
14072,666,1,390.85,2010-02-11 12:31:00,2010-02-11 12:31:00,United Kingdom,1,1,2,112,4,Hibernating,Dormant,,Inactive (>1 yr),,
14073,32,1,151.04,2011-11-07 15:49:00,2011-11-07 15:49:00,United Kingdom,4,1,1,411,6,Promising,Recent Developing,0.7210405521423533,High,37.76,27.226491248895258
14074,623,1,219.39999999999998,2010-03-26 13:55:00,2010-03-26 13:55:00,United Kingdom,1,1,1,111,3,Hibernating,Dormant,,Inactive (>1 yr),,
14075,4,5,1724.87,2010-08-26 13:42:00,2011-12-05 08:38:00,United Kingdom,5,4,4,544,13,Champions,Recent Developing,0.5297550503936189,Medium,235.565,124.79174844597284
14076,129,1,118.67,2011-08-02 15:19:00,2011-08-02 15:19:00,United Kingdom,3,1,1,311,5,About to Sleep,Dormant,0.8140643040826712,High,29.6675,24.151252741372648
14077,40,6,615.0799999999999,2010-11-09 16:01:00,2011-10-30 12:35:00,United Kingdom,4,4,3,443,11,Loyal Customers,Recent Developing,0.34019016519236783,Medium,124.85499999999999,42.474443075093085
14078,101,9,1551.82,2010-03-28 15:05:00,2011-08-30 12:16:00,United Kingdom,3,5,4,354,12,Loyal Customers,Lapsing Mid-Value,0.3671281332015601,Medium,228.2825,83.80892806758514
14079,124,1,375.1,2011-08-07 12:10:00,2011-08-07 12:10:00,United Kingdom,3,1,2,312,6,About to Sleep,Dormant,0.7877732095202685,High,93.775,73.87343272276318
14080,32,5,1115.68,2009-12-02 15:01:00,2011-11-07 11:09:00,United Kingdom,4,4,3,443,11,Loyal Customers,Recent Developing,0.8181363994190134,High,11.399999999999999,9.326754953376751
14081,302,10,4867.57,2009-12-10 18:27:00,2011-02-10 16:17:00,United Kingdom,2,5,5,255,12,Can't Lose Them,Lapsing Mid-Value,0.7272117185218997,High,124.525,90.55603924893957
14082,364,2,413.36,2010-11-12 11:47:00,2010-12-10 11:02:00,United Kingdom,2,2,2,222,6,Hibernating,Dormant,0.8076945890821655,High,45.5625,36.80058471505617
14083,4,11,1082.19,2009-12-18 11:34:00,2011-12-05 13:14:00,United Kingdom,5,5,3,553,13,Champions,Active High-Value,0.31423795478868916,Medium,177.2225,55.690035942538465
14084,512,1,150.5,2010-07-15 14:36:00,2010-07-15 14:36:00,United Kingdom,1,1,1,111,3,Hibernating,Dormant,,Inactive (>1 yr),,
14085,2,32,9705.67,2009-12-08 13:41:00,2011-12-07 13:46:00,United Kingdom,5,5,5,555,15,Champions,Active High-Value,0.05437129223467457,Low,1028.31,55.91054351783821
14086,462,1,39.95,2010-09-03 10:52:00,2010-09-03 10:52:00,United Kingdom,1,1,1,111,3,Hibernating,Dormant,,Inactive (>1 yr),,
14087,2,3,829.47,2009-12-04 15:27:00,2011-12-07 12:41:00,United Kingdom,5,3,3,533,11,Potential Loyalists,Recent Developing,0.9004559910521037,High,47.8675,43.102577151686575
14088,10,16,64036.8,2010-10-14 19:46:00,2011-11-29 16:16:00,United Kingdom,5,5,5,555,15,Champions,Active High-Value,0.07277841549960447,Low,12622.9525,918.6784818767709
14089,56,1,158.75,2011-10-14 10:38:00,2011-10-14 10:38:00,United Kingdom,4,1,1,411,6,Promising,Dormant,0.7475391583381138,High,39.6875,29.667960346543893
14090,324,1,76.32000000000001,2011-01-19 10:51:00,2011-01-19 10:51:00,United Kingdom,2,1,1,211,4,Hibernating,Dormant,0.8914017637530666,High,19.080000000000002,17.007945652408512
14091,654,2,9530.08,2010-01-10 13:41:00,2010-02-23 15:17:00,United Kingdom,1,2,5,125,8,Hibernating,Lapsing Mid-Value,,Inactive (>1 yr),,
14092,7,24,7229.45,2009-12-16 16:24:00,2011-12-02 12:13:00,United Kingdom,5,5,5,555,15,Champions,Active High-Value,0.0585922753805404,Low,1019.2275,59.718858355419734
14093,12,1,433.86,2011-11-27 16:27:00,2011-11-27 16:27:00,United Kingdom,5,1,2,512,8,New Customers,Recent Developing,0.5712605908361459,Medium,108.465,61.96177998504257
14094,439,1,311.77,2010-09-26 11:58:00,2010-09-26 11:58:00,United Kingdom,1,1,2,112,4,Hibernating,Dormant,,Inactive (>1 yr),,
14095,722,1,2.95,2009-12-17 12:49:00,2009-12-17 12:49:00,United Kingdom,1,1,1,111,3,Hibernating,Dormant,,Inactive (>1 yr),,
14096,4,17,53258.43,2011-08-30 10:49:00,2011-12-05 17:17:00,United Kingdom,5,5,5,555,15,Champions,Active High-Value,0.04144822477943619,Low,13314.6075,551.8668445099669
14097,481,2,422.85999999999996,2010-03-04 10:46:00,2010-08-15 14:20:00,United Kingdom,1,2,2,122,5,Hibernating,Dormant,,Inactive (>1 yr),,
14098,36,1,147.35,2011-11-03 10:13:00,2011-11-03 10:13:00,United Kingdom,4,1,1,411,6,Promising,Recent Developing,0.715824807969421,High,36.8375,26.369196363573547
14099,16,20,5750.91,2009-12-10 11:55:00,2011-11-23 13:53:00,United Kingdom,5,5,5,555,15,Champions,Active High-Value,0.0832245482534589,Low,776.0425,64.58578648798488
14100,137,1,191.95000000000002,2011-07-25 11:01:00,2011-07-25 11:01:00,United Kingdom,3,1,1,311,5,About to Sleep,Dormant,0.8079461655361193,High,47.987500000000004,38.77131661866453
14101,73,13,9961.93,2010-03-28 13:36:00,2011-09-27 12:28:00,United Kingdom,3,5,5,355,13,Loyal Customers,Active High-Value,0.2283163966252186,Low,1494.1975,341.1497890464101
14102,5,5,1105.8799999999999,2011-10-26 12:46:00,2011-12-04 15:38:00,United Kingdom,5,4,3,543,12,Champions,Recent Developing,0.24115653801260165,Low,276.46999999999997,66.67254806434397
14104,154,5,740.53,2010-05-28 16:11:00,2011-07-08 12:50:00,United Kingdom,3,4,3,343,10,Loyal Customers,Lapsing Mid-Value,0.6475822542322268,High,54.052499999999995,35.003439796887434
14105,239,5,5988.83,2009-12-18 16:57:00,2011-04-14 17:58:00,United Kingdom,2,4,5,245,11,At Risk,Lapsing Mid-Value,0.6297762337321361,High,316.5575,199.36039010966067
14106,737,1,214.79999999999998,2009-12-02 14:09:00,2009-12-02 14:09:00,United Kingdom,1,1,1,111,3,Hibernating,Dormant,,Inactive (>1 yr),,
14107,51,11,4877.3,2009-12-09 14:20:00,2011-10-19 12:12:00,United Kingdom,4,5,5,455,14,Loyal Customers,Active High-Value,0.2122655731860408,Low,675.8075,143.45066635092527
14108,30,4,1044.96,2009-12-01 18:07:00,2011-11-09 10:41:00,United Kingdom,4,3,3,433,10,Potential Loyalists,Recent Developing,0.7041464111743699,High,149.4775,105.25404517631688
14109,72,1,144.2,2011-09-28 10:18:00,2011-09-28 10:18:00,United Kingdom,3,1,1,311,5,About to Sleep,Dormant,0.7971335516920529,High,36.05,28.736664538498506
14110,3,33,12987.95,2009-12-01 09:50:00,2011-12-06 12:26:00,United Kingdom,5,5,5,555,15,Champions,Active High-Value,0.05505344896722861,Low,1420.7875,78.2192521245263
14111,14,4,692.85,2011-04-12 11:36:00,2011-11-25 13:44:00,United Kingdom,5,3,3,533,11,Potential Loyalists,Recent Developing,0.5044721378248828,Medium,173.2125,87.3808801729925
14112,22,13,5834.59,2010-02-23 14:16:00,2011-11-17 12:30:00,United Kingdom,4,5,5,455,14,Loyal Customers,Active High-Value,0.17692675642697,Low,728.7875,128.9420084995204
14113,3,16,7092.610000000001,2009-12-08 07:42:00,2011-12-06 12:18:00,United Kingdom,5,5,5,555,15,Champions,Active High-Value,0.2625638982954507,Low,460.105,120.80696242522833
14114,273,7,1364.09,2010-04-12 11:07:00,2011-03-11 09:42:00,United Kingdom,2,4,4,244,10,At Risk,Lapsing Mid-Value,0.6503484893412642,High,96.6325,62.84480039626971
14115,501,2,622.6700000000001,2010-02-11 11:44:00,2010-07-26 12:36:00,United Kingdom,1,2,3,123,6,Hibernating,Dormant,,Inactive (>1 yr),,
14116,19,5,1382.74,2011-08-10 12:44:00,2011-11-20 10:29:00,United Kingdom,5,4,4,544,13,Champions,Recent Developing,0.2710861646212983,Low,345.685,93.7104208171135
14117,143,1,90.0,2011-07-19 09:49:00,2011-07-19 09:49:00,United Kingdom,3,1,1,311,5,About to Sleep,Dormant,0.8524165590680541,High,22.5,19.179372579031217
14118,428,1,458.45,2010-10-07 11:59:00,2010-10-07 11:59:00,United Kingdom,1,1,2,112,4,Hibernating,Dormant,,Inactive (>1 yr),,
14119,375,2,183.37,2009-12-21 14:52:00,2010-11-29 10:33:00,United Kingdom,2,2,1,221,5,Hibernating,Dormant,,Inactive (>1 yr),,
14121,3,4,2780.15,2011-10-11 10:39:00,2011-12-06 12:19:00,United Kingdom,5,3,4,534,12,Potential Loyalists,Recent Developing,0.2517701434597525,Low,695.0375,174.98969108490775
14122,406,3,362.42,2009-12-02 14:22:00,2010-10-29 15:11:00,United Kingdom,2,3,2,232,7,At Risk,Dormant,,Inactive (>1 yr),,
14123,733,1,436.18,2009-12-06 15:35:00,2009-12-06 15:35:00,United Kingdom,1,1,2,112,4,Hibernating,Dormant,,Inactive (>1 yr),,
14124,84,1,419.58000000000004,2011-09-16 13:32:00,2011-09-16 13:32:00,United Kingdom,3,1,2,312,6,About to Sleep,Dormant,0.7553257768557972,High,104.89500000000001,79.22989736328886
14125,10,3,2720.63,2011-09-22 15:40:00,2011-11-29 12:47:00,United Kingdom,5,3,4,534,12,Potential Loyalists,Recent Developing,0.3785951568457057,Medium,680.1575,257.5043353922831
14126,7,4,1172.46,2010-09-21 14:51:00,2011-12-02 11:45:00,United Kingdom,5,3,3,533,11,Potential Loyalists,Recent Developing,0.6222046071626431,High,176.53250000000003,109.83933481393932
14127,122,6,1900.0800000000002,2010-10-10 11:53:00,2011-08-09 10:49:00,United Kingdom,3,4,4,344,11,Loyal Customers,Lapsing Mid-Value,0.5583323541390844,Medium,177.4275,99.06351376401241
14128,60,3,924.21,2010-06-06 14:05:00,2011-10-10 12:00:00,United Kingdom,3,3,3,333,9,Need Attention,Recent Developing,0.6660867668479122,High,159.375,106.15757846638601
14129,1,9,2591.34,2010-05-09 14:54:00,2011-12-08 11:02:00,United Kingdom,5,5,4,554,14,Champions,Active High-Value,0.4098532344138391,Medium,280.96500000000003,115.15441400708431
14130,319,4,1858.77,2009-12-11 16:33:00,2011-01-24 16:05:00,United Kingdom,2,3,4,234,9,At Risk,Lapsing Mid-Value,0.7113052422458398,High,120.2275,85.51845101211171
14131,648,1,168.22,2010-03-01 11:59:00,2010-03-01 11:59:00,United Kingdom,1,1,1,111,3,Hibernating,Dormant,,Inactive (>1 yr),,
14132,2,11,3586.0299999999997,2011-06-09 12:04:00,2011-12-07 13:35:00,United Kingdom,5,5,5,555,15,Champions,Active High-Value,0.10658210228525675,Low,896.5074999999999,95.5516540644998
14133,129,4,911.14,2009-12-06 12:10:00,2011-08-02 11:34:00,United Kingdom,3,3,3,333,9,Need Attention,Lapsing Mid-Value,0.6730349031805088,High,151.41,101.90421469056085
14134,382,15,11123.35,2009-12-10 09:25:00,2010-11-22 12:26:00,United Kingdom,2,5,5,255,12,Can't Lose Them,Lapsing Mid-Value,,Inactive (>1 yr),,
14135,1,24,8839.67,2009-12-02 08:58:00,2011-12-08 11:38:00,United Kingdom,5,5,5,555,15,Champions,Active High-Value,0.09954633142278681,Low,971.515,96.71075417220872
14136,400,5,1570.81,2009-12-08 09:19:00,2010-11-04 11:53:00,United Kingdom,2,4,4,244,10,At Risk,Lapsing Mid-Value,,Inactive (>1 yr),,
14137,695,1,332.7,2010-01-13 12:30:00,2010-01-13 12:30:00,United Kingdom,1,1,2,112,4,Hibernating,Dormant,,Inactive (>1 yr),,
14138,1,2,965.8800000000001,2011-10-07 09:38:00,2011-12-08 12:44:00,United Kingdom,5,2,3,523,10,Potential Loyalists,Recent Developing,0.6819975551046679,High,241.47000000000003,164.68194963112416
14139,46,4,1086.8,2010-06-15 09:17:00,2011-10-24 13:34:00,United Kingdom,4,3,3,433,10,Potential Loyalists,Recent Developing,0.6604180514959406,High,103.955,68.6537585432605
14140,3,2,935.05,2011-11-08 11:20:00,2011-12-06 09:05:00,United Kingdom,5,2,3,523,10,Potential Loyalists,Recent Developing,0.5094031885417302,Medium,233.7625,119.07936286148619
14141,2,4,915.13,2011-08-26 14:40:00,2011-12-07 09:53:00,United Kingdom,5,3,3,533,11,Potential Loyalists,Recent Developing,0.3664880774695001,Medium,228.7825,83.8460585836659
14142,373,2,671.34,2010-03-03 15:13:00,2010-12-01 16:33:00,United Kingdom,2,2,3,223,7,Hibernating,Dormant,,Inactive (>1 yr),,
14143,133,1,115.8,2011-07-29 09:48:00,2011-07-29 09:48:00,United Kingdom,3,1,1,311,5,About to Sleep,Dormant,0.8352376664117375,High,28.95,24.1801304426198
14144,486,1,30.599999999999998,2010-08-10 15:17:00,2010-08-10 15:17:00,United Kingdom,1,1,1,111,3,Hibernating,Dormant,,Inactive (>1 yr),,
14145,46,7,7600.05,2010-04-08 09:47:00,2011-10-24 12:10:00,United Kingdom,4,4,5,445,13,Loyal Customers,Active High-Value,0.39808625647052714,Medium,935.55,372.42959724100166
14146,8,12,9450.3,2010-01-13 16:04:00,2011-12-01 10:18:00,United Kingdom,5,5,5,555,15,Champions,Active High-Value,0.2055439783940696,Low,1047.75,215.35870336238642
14147,78,9,2590.2,2010-03-09 13:43:00,2011-09-22 18:10:00,United Kingdom,3,5,4,354,12,Loyal Customers,Lapsing Mid-Value,0.5987943263619797,Medium,120.85,72.36429434084525
14148,233,2,466.29,2010-10-21 14:08:00,2011-04-20 12:02:00,United Kingdom,2,2,2,222,6,Hibernating,Dormant,0.8248389211747412,High,39.3,32.41616960216733
14149,220,1,446.62,2011-05-03 09:44:00,2011-05-03 09:44:00,United Kingdom,2,1,2,212,5,Hibernating,Dormant,0.8248081864220076,High,111.655,92.09395805494925
14150,35,2,658.64,2010-12-15 10:04:00,2011-11-04 10:05:00,United Kingdom,4,2,3,423,9,Potential Loyalists,Recent Developing,0.7754774533872181,High,164.66,127.69011747473932
14151,673,2,679.45,2009-12-23 10:54:00,2010-02-04 15:35:00,United Kingdom,1,2,3,123,6,Hibernating,Dormant,,Inactive (>1 yr),,
14152,75,7,1997.3400000000001,2010-02-18 13:57:00,2011-09-25 12:54:00,United Kingdom,3,4,4,344,11,Loyal Customers,Lapsing Mid-Value,0.5056659324586381,Medium,155.3225,78.54129679430682
14153,483,1,233.4,2010-08-13 14:35:00,2010-08-13 14:35:00,United Kingdom,1,1,1,111,3,Hibernating,Dormant,,Inactive (>1 yr),,
14154,239,8,6460.7,2010-01-13 12:47:00,2011-04-14 16:26:00,United Kingdom,2,4,5,245,11,At Risk,Lapsing Mid-Value,0.6499744999754933,High,336.405,218.6546716642558
14155,266,1,118.75,2011-03-18 14:13:00,2011-03-18 14:13:00,United Kingdom,2,1,1,211,4,Hibernating,Dormant,0.8642213139199325,High,29.6875,25.656570256997995
14156,9,144,303069.88,2009-12-01 12:30:00,2011-11-30 10:54:00,EIRE,5,5,5,555,15,Champions,Active High-Value,0.01295177409879169,Low,29059.47,376.37169087061415
14157,19,5,978.69,2010-03-03 16:49:00,2011-11-20 11:32:00,United Kingdom,5,4,3,543,12,Champions,Recent Developing,0.5963067309326621,Medium,106.22250000000001,63.3411917264947
14158,40,1,507.66,2011-10-30 15:08:00,2011-10-30 15:08:00,United Kingdom,4,1,2,412,7,Promising,Recent Developing,0.6670213681917853,High,126.915,84.65501694406043
14159,19,20,7849.58,2009-12-03 12:31:00,2011-11-20 12:36:00,United Kingdom,5,5,5,555,15,Champions,Active High-Value,0.08156072670782498,Low,1156.995,94.36535299731996
14160,610,7,8421.47,2010-01-10 12:06:00,2010-04-08 14:30:00,United Kingdom,1,4,5,145,10,At Risk,Lapsing Mid-Value,,Inactive (>1 yr),,
14161,215,7,2996.93,2009-12-13 11:46:00,2011-05-08 11:41:00,United Kingdom,2,4,5,245,11,At Risk,Lapsing Mid-Value,0.5540697478697467,Medium,203.6175,112.81829688686815
14162,173,2,289.36,2011-02-20 12:32:00,2011-06-19 11:36:00,United Kingdom,3,2,2,322,7,About to Sleep,Dormant,0.7218650222382726,High,72.34,52.21971570871665
14163,87,5,2594.62,2010-09-03 17:15:00,2011-09-13 15:18:00,United Kingdom,3,4,4,344,11,Loyal Customers,Lapsing Mid-Value,0.3991523917867896,Medium,611.4775,244.07270664880662
14164,70,2,1631.77,2011-09-20 12:18:00,2011-09-30 12:24:00,United Kingdom,3,2,4,324,9,About to Sleep,Lapsing Mid-Value,0.6085076783819878,High,407.9425,248.23614358834408
14165,275,1,120.44,2011-03-09 12:39:00,2011-03-09 12:39:00,United Kingdom,2,1,1,211,4,Hibernating,Dormant,0.8536355429219756,High,30.11,25.702966197380686
14166,505,2,251.15,2010-03-23 15:10:00,2010-07-22 19:42:00,United Kingdom,1,2,1,121,4,Hibernating,Dormant,,Inactive (>1 yr),,
14167,39,8,1274.29,2010-01-27 16:07:00,2011-10-31 14:29:00,United Kingdom,4,4,4,444,12,Loyal Customers,Lapsing Mid-Value,0.3850425111312792,Medium,140.6475,54.155266584336594
14168,420,2,370.45,2010-05-24 12:28:00,2010-10-15 10:49:00,United Kingdom,1,2,2,122,5,Hibernating,Dormant,,Inactive (>1 yr),,
14169,430,2,613.11,2010-09-21 13:39:00,2010-10-05 08:45:00,United Kingdom,1,2,3,123,6,Hibernating,Dormant,,Inactive (>1 yr),,
14170,375,3,570.18,2010-11-09 14:06:00,2010-11-29 13:10:00,United Kingdom,2,3,2,232,7,At Risk,Dormant,,Inactive (>1 yr),,
14171,98,2,498.79,2009-12-09 13:50:00,2011-09-02 16:43:00,United Kingdom,3,2,2,322,7,About to Sleep,Dormant,0.8484035072352769,High,90.9475,77.16017797428034
14172,605,3,369.02,2010-03-07 10:58:00,2010-04-13 13:26:00,United Kingdom,1,3,2,132,6,At Risk,Dormant,,Inactive (>1 yr),,
14173,10,6,586.0,2009-12-09 12:46:00,2011-11-29 11:54:00,United Kingdom,5,4,2,542,11,Champions,Recent Developing,0.4945191289409238,Medium,112.71,55.73725102293152
14174,33,1,134.46,2011-11-06 13:17:00,2011-11-06 13:17:00,United Kingdom,4,1,1,411,6,Promising,Recent Developing,0.7102082693463572,High,33.615,23.873650974077798
14175,59,8,7678.88,2010-03-22 10:43:00,2011-10-11 11:55:00,United Kingdom,3,4,5,345,12,Loyal Customers,Active High-Value,0.3204475915438375,Medium,805.575,258.1445685579269
14176,297,5,756.46,2010-11-23 13:21:00,2011-02-15 13:12:00,United Kingdom,2,4,3,243,9,At Risk,Lapsing Mid-Value,0.7366297178258661,High,104.3375,76.8581031836563
14177,86,13,2209.69,2010-02-26 11:59:00,2011-09-14 15:11:00,United Kingdom,3,5,4,354,12,Loyal Customers,Lapsing Mid-Value,0.4857169833792996,Medium,137.365,66.7205134218975
14178,8,7,1580.26,2011-06-10 12:51:00,2011-12-01 12:01:00,United Kingdom,5,4,4,544,13,Champions,Recent Developing,0.16831112318834326,Low,395.065,66.49383388240282
14179,40,2,701.57,2011-10-18 14:00:00,2011-10-30 12:07:00,United Kingdom,4,2,3,423,9,Potential Loyalists,Recent Developing,0.568014482543271,Medium,175.3925,99.62548012947067
14180,10,33,6117.5,2010-06-09 14:56:00,2011-11-29 10:56:00,United Kingdom,5,5,5,555,15,Champions,Active High-Value,0.05778009739093455,Low,1136.6925,65.67820335354487
14181,410,2,308.35,2010-05-26 12:32:00,2010-10-25 08:27:00,United Kingdom,1,2,2,122,5,Hibernating,Dormant,,Inactive (>1 yr),,
14182,443,4,678.77,2010-04-22 15:36:00,2010-09-22 11:45:00,United Kingdom,1,3,3,133,7,At Risk,Lapsing Mid-Value,,Inactive (>1 yr),,
14183,411,2,278.34000000000003,2010-08-15 15:36:00,2010-10-24 14:45:00,United Kingdom,1,2,1,121,4,Hibernating,Dormant,,Inactive (>1 yr),,
14184,66,1,452.89,2011-10-04 12:43:00,2011-10-04 12:43:00,United Kingdom,3,1,2,312,6,About to Sleep,Recent Developing,0.7136195102318765,High,113.2225,80.79778499722863
14185,331,1,197.65,2011-01-12 13:52:00,2011-01-12 13:52:00,United Kingdom,2,1,1,211,4,Hibernating,Dormant,0.8647602503019309,High,49.4125,42.72996586804416
14186,427,5,1550.63,2010-03-05 11:17:00,2010-10-08 13:30:00,United Kingdom,1,4,4,144,9,At Risk,Lapsing Mid-Value,,Inactive (>1 yr),,
14187,473,1,123.5,2010-08-23 12:06:00,2010-08-23 12:06:00,United Kingdom,1,1,1,111,3,Hibernating,Dormant,,Inactive (>1 yr),,
14188,30,6,2054.36,2011-02-02 13:46:00,2011-11-09 12:45:00,United Kingdom,4,4,4,444,12,Loyal Customers,Lapsing Mid-Value,0.2603077507359801,Low,513.59,133.69145770049204
14189,2,16,5503.15,2010-11-16 09:28:00,2011-12-07 15:55:00,United Kingdom,5,5,5,555,15,Champions,Active High-Value,0.07966042901138914,Low,1085.71,86.48812438195532
14190,666,1,79.9,2010-02-11 14:27:00,2010-02-11 14:27:00,United Kingdom,1,1,1,111,3,Hibernating,Dormant,,Inactive (>1 yr),,
14191,1,15,4817.66,2009-12-11 10:48:00,2011-12-08 09:23:00,United Kingdom,5,5,5,555,15,Champions,Active High-Value,0.13690509883888402,Low,1171.19,160.34188270911258
14192,388,1,293.74,2010-11-16 17:44:00,2010-11-16 17:44:00,United Kingdom,2,1,2,212,5,Hibernating,Dormant,,Inactive (>1 yr),,
14193,67,3,1210.19,2010-11-08 12:31:00,2011-10-03 09:34:00,United Kingdom,3,3,4,334,10,Need Attention,Lapsing Mid-Value,0.6112726056622321,High,213.3475,130.41348223652307
14194,4,36,18670.59,2010-01-06 12:16:00,2011-12-05 10:38:00,United Kingdom,5,5,5,555,15,Champions,Active High-Value,0.029920178742727246,Low,2837.38,84.89491676103944
14195,201,6,2615.6,2010-03-15 17:12:00,2011-05-22 10:29:00,United Kingdom,2,4,4,244,10,At Risk,Lapsing Mid-Value,0.6480946863528948,High,253.0,163.9679556472824
14196,106,1,335.52,2011-08-25 10:25:00,2011-08-25 10:25:00,United Kingdom,3,1,2,312,6,About to Sleep,Dormant,0.7913445650899865,High,83.88,66.37798211974807
14197,410,1,390.05,2010-10-25 10:01:00,2010-10-25 10:01:00,United Kingdom,1,1,2,112,4,Hibernating,Dormant,,Inactive (>1 yr),,
14198,18,9,1569.73,2010-01-05 10:07:00,2011-11-21 16:35:00,United Kingdom,5,5,4,554,14,Champions,Active High-Value,0.31380599216525107,Medium,175.35,55.02588072617677
14199,218,4,1091.7,2010-06-27 12:13:00,2011-05-05 13:44:00,United Kingdom,2,3,3,233,8,At Risk,Lapsing Mid-Value,0.7874711305034198,High,46.349999999999994,36.4992868988335
14200,617,1,379.2,2010-04-01 13:01:00,2010-04-01 13:01:00,United Kingdom,1,1,2,112,4,Hibernating,Dormant,,Inactive (>1 yr),,
14201,60,10,1193.54,2010-04-30 13:00:00,2011-10-10 13:27:00,United Kingdom,3,5,3,353,11,Loyal Customers,Lapsing Mid-Value,0.2484584234379351,Low,186.86,46.426941003612555
14202,381,3,847.76,2010-03-25 10:36:00,2010-11-23 17:13:00,United Kingdom,2,3,3,233,8,At Risk,Lapsing Mid-Value,,Inactive (>1 yr),,
14203,397,1,339.34,2010-11-07 13:35:00,2010-11-07 13:35:00,United Kingdom,2,1,2,212,5,Hibernating,Dormant,,Inactive (>1 yr),,
14204,2,4,1024.83,2009-12-02 13:26:00,2011-12-07 13:38:00,United Kingdom,5,3,3,533,11,Potential Loyalists,Recent Developing,0.8591229604261439,High,37.6525,32.348127267445385
14205,16,9,2414.2,2010-03-07 12:20:00,2011-11-23 10:55:00,United Kingdom,5,5,4,554,14,Champions,Active High-Value,0.4766519063478094,Medium,116.675,55.61336117313066
14206,239,3,1185.01,2010-11-02 11:37:00,2011-04-14 16:38:00,United Kingdom,2,3,3,233,8,At Risk,Lapsing Mid-Value,0.8072546260718858,High,82.03999999999999,66.2271695229375
14207,687,1,157.8,2010-01-21 09:33:00,2010-01-21 09:33:00,United Kingdom,1,1,1,111,3,Hibernating,Dormant,,Inactive (>1 yr),,
14208,94,2,567.05,2010-06-06 13:11:00,2011-09-06 12:48:00,United Kingdom,3,2,2,322,7,About to Sleep,Recent Developing,0.8754607377736426,High,37.935,33.21060308744313
14209,10,15,4993.27,2010-01-22 10:28:00,2011-11-29 10:18:00,United Kingdom,5,5,5,555,15,Champions,Active High-Value,0.18176606732582212,Low,518.3575,94.21980424384483
14210,105,16,5556.570000000001,2010-01-06 10:17:00,2011-08-26 12:36:00,United Kingdom,3,5,5,355,13,Loyal Customers,Active High-Value,0.31876555138376583,Medium,400.2225,127.57714588868923
14211,53,18,4402.29,2009-12-09 12:48:00,2011-10-17 13:23:00,United Kingdom,4,5,5,455,14,Loyal Customers,Active High-Value,0.17811468934543795,Low,560.275,99.79320757301524
14212,89,2,2190.14,2010-09-20 11:48:00,2011-09-11 12:45:00,United Kingdom,3,2,4,324,9,About to Sleep,Lapsing Mid-Value,0.7851435950003536,High,267.62,210.12012889399463
14213,404,1,1192.2,2010-10-31 10:37:00,2010-10-31 10:37:00,United Kingdom,2,1,3,213,6,Hibernating,Dormant,,Inactive (>1 yr),,
14214,30,5,1004.38,2011-03-07 12:26:00,2011-11-09 10:31:00,United Kingdom,4,4,3,443,11,Loyal Customers,Recent Developing,0.3056866841825677,Medium,251.095,76.75639796482184
14215,11,9,3250.33,2009-12-08 09:35:00,2011-11-28 12:19:00,United Kingdom,5,5,5,555,15,Champions,Active High-Value,0.292716013649715,Low,405.93,118.82221142082881
14216,3,5,2150.04,2010-10-21 15:07:00,2011-12-06 14:56:00,United Kingdom,5,4,4,544,13,Champions,Recent Developing,0.5111052069984792,Medium,459.825,235.01895180807568
14217,1,23,3298.59,2010-06-30 12:54:00,2011-12-08 11:53:00,United Kingdom,5,5,5,555,15,Champions,Active High-Value,0.072327932594872,Low,471.67,34.11491596702328
14218,42,1,169.48000000000002,2011-10-28 10:00:00,2011-10-28 10:00:00,United Kingdom,4,1,1,411,6,Promising,Recent Developing,0.7288940160690971,High,42.370000000000005,30.883239460847648
14219,4,3,633.83,2010-08-03 14:42:00,2011-12-05 16:23:00,United Kingdom,5,3,3,533,11,Potential Loyalists,Recent Developing,0.8890316555983158,High,22.485,19.989876776128128
14220,247,4,1515.0,2010-05-19 13:26:00,2011-04-06 13:23:00,United Kingdom,2,3,4,234,9,At Risk,Lapsing Mid-Value,0.722791518100711,High,158.1,114.2733390117224
14221,42,17,6517.49,2010-04-06 14:10:00,2011-10-28 13:42:00,United Kingdom,4,5,5,455,14,Loyal Customers,Active High-Value,0.14606891446309525,Low,858.2,125.35634239222836
14222,177,1,683.17,2011-06-15 16:42:00,2011-06-15 16:42:00,United Kingdom,3,1,3,313,7,About to Sleep,Dormant,0.7696620009578776,High,170.7925,131.4524972985983
14223,92,3,991.13,2011-03-20 16:02:00,2011-09-08 13:38:00,United Kingdom,3,3,3,333,9,Need Attention,Lapsing Mid-Value,0.5560262352286213,Medium,247.7825,137.77357063053586
14224,110,9,1841.71,2010-06-13 13:46:00,2011-08-21 13:24:00,United Kingdom,3,5,4,354,12,Loyal Customers,Lapsing Mid-Value,0.4070367324631639,Medium,252.4325,102.74929996750762
14225,434,4,2031.07,2010-01-12 15:02:00,2010-10-01 10:32:00,United Kingdom,1,3,4,134,8,At Risk,Lapsing Mid-Value,,Inactive (>1 yr),,
14226,28,6,2985.13,2010-09-24 14:32:00,2011-11-11 11:34:00,United Kingdom,4,4,5,445,13,Loyal Customers,Lapsing Mid-Value,0.2872199032807081,Low,553.6975,159.03294239676987
14227,26,15,6366.16,2010-02-08 09:38:00,2011-11-13 15:48:00,United Kingdom,4,5,5,455,14,Loyal Customers,Active High-Value,0.15490449102720577,Low,837.74,129.76968831313135
14228,437,3,745.5,2010-06-11 12:29:00,2010-09-28 09:45:00,United Kingdom,1,3,3,133,7,At Risk,Lapsing Mid-Value,,Inactive (>1 yr),,
14229,51,7,2594.04,2010-08-25 11:47:00,2011-10-19 10:04:00,United Kingdom,4,4,4,444,12,Loyal Customers,Lapsing Mid-Value,0.41179977838841797,Medium,386.8,159.28415428064008
14230,435,3,979.8000000000001,2010-06-09 13:56:00,2010-09-30 09:07:00,United Kingdom,1,3,3,133,7,At Risk,Lapsing Mid-Value,,Inactive (>1 yr),,
14231,183,4,1235.6200000000001,2010-09-15 09:52:00,2011-06-09 11:05:00,United Kingdom,3,3,4,334,10,Need Attention,Lapsing Mid-Value,0.5764289104816701,Medium,231.4275,133.40150168049672
14232,42,5,2048.07,2011-03-20 12:44:00,2011-10-28 11:09:00,United Kingdom,4,4,4,444,12,Loyal Customers,Lapsing Mid-Value,0.3302848054081335,Medium,512.0175,169.111600353059
14233,49,7,2904.27,2010-03-05 16:35:00,2011-10-21 15:54:00,United Kingdom,4,4,5,445,13,Loyal Customers,Lapsing Mid-Value,0.38071093821704804,Medium,365.68,139.21837588721013
14234,22,4,754.12,2011-10-13 13:58:00,2011-11-17 17:53:00,United Kingdom,4,3,3,433,10,Potential Loyalists,Recent Developing,0.38592454413174043,Medium,188.53,72.75835430515703
14235,75,9,4717.99,2010-03-30 13:36:00,2011-09-25 14:37:00,United Kingdom,3,5,5,355,13,Loyal Customers,Lapsing Mid-Value,0.3140728839324216,Medium,786.215,246.92881244092885
14236,80,5,1555.34,2010-07-22 14:27:00,2011-09-20 09:13:00,United Kingdom,3,4,4,344,11,Loyal Customers,Lapsing Mid-Value,0.6371681095102014,High,75.39,48.036103775974084
14237,373,2,471.14,2010-04-28 10:04:00,2010-12-01 13:20:00,United Kingdom,2,2,2,222,6,Hibernating,Dormant,,Inactive (>1 yr),,
14238,326,3,434.23,2009-12-05 10:58:00,2011-01-17 14:40:00,United Kingdom,2,3,2,232,7,At Risk,Dormant,0.8133751968808499,High,36.7125,29.861036915488203
14239,43,21,4263.17,2009-12-05 12:36:00,2011-10-27 14:40:00,United Kingdom,4,5,5,455,14,Loyal Customers,Active High-Value,0.13246058558299584,Low,595.2125,78.8421962963189
14240,30,3,1247.49,2010-10-12 12:48:00,2011-11-09 13:45:00,United Kingdom,4,3,4,434,11,Potential Loyalists,Recent Developing,0.656818023409133,High,222.585,146.19783974052186
14241,183,2,333.70000000000005,2010-01-12 15:11:00,2011-06-09 11:46:00,United Kingdom,3,2,2,322,7,About to Sleep,Dormant,0.8527069483903102,High,53.425000000000004,45.555868717752325
14242,234,2,280.55,2011-01-18 08:53:00,2011-04-19 11:46:00,United Kingdom,2,2,1,221,5,Hibernating,Dormant,0.7358922476218203,High,70.1375,51.61364251757542
14243,8,17,7217.75,2010-08-20 13:41:00,2011-12-01 11:12:00,United Kingdom,5,5,5,555,15,Champions,Active High-Value,0.127344090300966,Low,593.8675,75.62551654680891
14244,660,1,366.41999999999996,2010-02-17 11:40:00,2010-02-17 11:40:00,United Kingdom,1,1,2,112,4,Hibernating,Dormant,,Inactive (>1 yr),,
14245,219,2,1693.45,2011-03-21 10:41:00,2011-05-04 08:40:00,United Kingdom,2,2,4,224,8,Hibernating,Lapsing Mid-Value,0.607401302673172,High,423.3625,257.1509340029708
14246,110,3,1474.06,2011-04-08 08:25:00,2011-08-21 11:50:00,United Kingdom,3,3,4,334,10,Need Attention,Lapsing Mid-Value,0.5322540471863719,Medium,368.515,196.14360019888585
14247,278,5,753.56,2010-06-06 15:07:00,2011-03-06 15:21:00,United Kingdom,2,4,3,243,9,At Risk,Lapsing Mid-Value,0.7648862812082303,High,34.192499999999995,26.153374170212413
14248,318,3,1032.95,2010-07-12 14:27:00,2011-01-25 14:45:00,United Kingdom,2,3,3,233,8,At Risk,Lapsing Mid-Value,0.7722737237763608,High,75.645,58.41864583506281
14249,410,12,5400.46,2010-01-29 14:21:00,2010-10-25 12:34:00,United Kingdom,1,5,5,155,11,Can't Lose Them,Lapsing Mid-Value,,Inactive (>1 yr),,
14250,7,3,1904.05,2011-09-11 13:44:00,2011-12-02 14:30:00,United Kingdom,5,3,4,534,12,Potential Loyalists,Recent Developing,0.4362728343822642,Medium,476.0125,207.67132257638755
14251,1,5,2879.7000000000003,2011-10-13 12:46:00,2011-12-08 08:32:00,United Kingdom,5,4,4,544,13,Champions,Active High-Value,0.23925993049741823,Low,719.9250000000001,172.24920546335383
14252,381,1,350.99,2010-11-23 13:36:00,2010-11-23 13:36:00,United Kingdom,2,1,2,212,5,Hibernating,Dormant,,Inactive (>1 yr),,
14253,493,2,363.40000000000003,2010-03-26 15:08:00,2010-08-03 14:55:00,United Kingdom,1,2,2,122,5,Hibernating,Dormant,,Inactive (>1 yr),,
14254,432,1,601.03,2010-10-03 11:52:00,2010-10-03 11:52:00,United Kingdom,1,1,2,112,4,Hibernating,Dormant,,Inactive (>1 yr),,
14256,260,5,2460.79,2010-01-14 10:35:00,2011-03-24 13:17:00,United Kingdom,2,4,4,244,10,At Risk,Lapsing Mid-Value,0.6556997364555567,High,242.26500000000001,158.85309665240544
14257,64,9,5954.45,2010-03-01 15:36:00,2011-10-06 16:54:00,United Kingdom,3,5,5,355,13,Loyal Customers,Active High-Value,0.25807909005213864,Low,774.9300000000001,199.99322925410382
14258,9,25,32051.34,2009-12-04 08:36:00,2011-11-30 15:27:00,United Kingdom,5,5,5,555,15,Champions,Active High-Value,0.08159303903606124,Low,3167.495,258.4455431815288
14259,141,1,120.0,2011-07-21 10:44:00,2011-07-21 10:44:00,United Kingdom,3,1,1,311,5,About to Sleep,Dormant,0.8397725196244468,High,30.0,25.193175588733403
14260,471,3,824.28,2010-06-09 11:23:00,2010-08-25 14:55:00,United Kingdom,1,3,3,133,7,At Risk,Lapsing Mid-Value,,Inactive (>1 yr),,
14261,50,2,1163.45,2011-09-22 10:47:00,2011-10-20 10:04:00,United Kingdom,4,2,3,423,9,Potential Loyalists,Recent Developing,0.47383192061167007,Medium,290.8625,137.8199370089119
14262,8,8,2618.23,2011-04-13 12:23:00,2011-12-01 14:17:00,United Kingdom,5,4,4,544,13,Champions,Active High-Value,0.13910903082136947,Low,654.5575,91.05485944185854
14263,423,1,322.93,2010-10-12 14:09:00,2010-10-12 14:09:00,United Kingdom,1,1,2,112,4,Hibernating,Dormant,,Inactive (>1 yr),,
14264,154,6,1517.3600000000001,2010-04-07 13:21:00,2011-07-08 10:20:00,United Kingdom,3,4,4,344,11,Loyal Customers,Lapsing Mid-Value,0.6256798853969865,High,83.4925,52.2395778315079
14265,109,4,1373.35,2010-04-06 14:39:00,2011-08-22 13:32:00,Unspecified,3,3,4,334,10,Need Attention,Lapsing Mid-Value,0.6067717488474428,High,132.545,80.4245614509843
14266,428,1,40.56,2010-10-07 13:32:00,2010-10-07 13:32:00,United Kingdom,1,1,1,111,3,Hibernating,Dormant,,Inactive (>1 yr),,
14267,162,3,1516.24,2011-03-24 11:38:00,2011-06-30 10:09:00,United Kingdom,3,3,4,334,10,Need Attention,Lapsing Mid-Value,0.6630344421452675,High,379.06,251.3298356395851
14268,470,1,354.85,2010-08-26 10:45:00,2010-08-26 10:45:00,United Kingdom,1,1,2,112,4,Hibernating,Dormant,,Inactive (>1 yr),,
14269,439,1,295.73,2010-09-26 12:53:00,2010-09-26 12:53:00,United Kingdom,1,1,2,112,4,Hibernating,Dormant,,Inactive (>1 yr),,
14270,331,1,492.65000000000003,2011-01-12 09:33:00,2011-01-12 09:33:00,United Kingdom,2,1,2,212,5,Hibernating,Dormant,0.8181629529369581,High,123.16250000000001,100.7669946910981
14271,225,2,214.18,2010-10-26 17:01:00,2011-04-28 12:47:00,United Kingdom,2,2,1,221,5,Hibernating,Dormant,0.8143298606003152,High,28.08,22.86638248565685
14272,73,4,920.81,2010-05-06 14:01:00,2011-09-27 10:08:00,United Kingdom,3,3,3,333,9,Need Attention,Lapsing Mid-Value,0.6665552863022769,High,109.49,72.9811382972363
14273,51,4,559.97,2011-04-11 13:24:00,2011-10-19 13:20:00,United Kingdom,4,3,2,432,9,Potential Loyalists,Recent Developing,0.46449748469706975,Medium,139.9925,65.02616412645455
14274,686,1,256.6,2010-01-22 12:51:00,2010-01-22 12:51:00,United Kingdom,1,1,1,111,3,Hibernating,Dormant,,Inactive (>1 yr),,
14275,395,6,1189.3799999999999,2010-04-11 12:32:00,2010-11-09 09:06:00,United Kingdom,2,4,3,243,9,At Risk,Lapsing Mid-Value,,Inactive (>1 yr),,
14276,98,7,2102.68,2010-02-17 13:10:00,2011-09-02 09:45:00,United Kingdom,3,4,4,344,11,Loyal Customers,Lapsing Mid-Value,0.4856684808383353,Medium,279.935,135.9556061834794
14277,15,8,6367.16,2009-12-13 15:43:00,2011-11-24 15:01:00,France,5,4,5,545,14,Champions,Active High-Value,0.36732559160492995,Medium,1038.0,381.28396408591726
14278,409,1,205.83,2010-10-26 12:07:00,2010-10-26 12:07:00,United Kingdom,1,1,1,111,3,Hibernating,Dormant,,Inactive (>1 yr),,
14279,520,2,191.86,2010-01-27 16:34:00,2010-07-07 08:42:00,United Kingdom,1,2,1,121,4,Hibernating,Dormant,,Inactive (>1 yr),,
14280,196,1,134.04,2011-05-27 10:37:00,2011-05-27 10:37:00,United Kingdom,2,1,1,211,4,Hibernating,Dormant,0.8464915024428544,High,33.51,28.36593024686005
14281,408,1,245.15,2010-10-27 14:45:00,2010-10-27 14:45:00,United Kingdom,2,1,1,211,4,Hibernating,Dormant,,Inactive (>1 yr),,
14282,3,25,7250.76,2010-02-15 11:22:00,2011-12-06 17:04:00,United Kingdom,5,5,5,555,15,Champions,Active High-Value,0.0781758370475556,Low,782.61,61.18119183178749
14283,463,4,628.4399999999999,2010-05-19 12:22:00,2010-09-02 14:46:00,United Kingdom,1,3,3,133,7,At Risk,Lapsing Mid-Value,,Inactive (>1 yr),,
14284,30,3,1299.65,2010-02-24 12:06:00,2011-11-09 08:11:00,United Kingdom,4,3,4,434,11,Potential Loyalists,Recent Developing,0.6950151836980408,High,148.8125,103.4269470240647
14285,21,8,3284.42,2009-12-08 14:13:00,2011-11-18 14:50:00,United Kingdom,4,4,5,445,13,Loyal Customers,Active High-Value,0.3028011422716451,Medium,477.5025,144.58830243756623
14286,23,7,8479.76,2009-12-04 08:40:00,2011-11-16 10:34:00,United Kingdom,4,4,5,445,13,Loyal Customers,Active High-Value,0.32643663117274585,Medium,1157.1875,377.7483891352118
14287,8,3,176.63,2011-05-25 11:41:00,2011-12-01 13:25:00,United Kingdom,5,3,1,531,9,Potential Loyalists,Recent Developing,0.7559139283502091,High,44.1575,33.37926929112436
14288,213,1,426.6,2011-05-10 13:22:00,2011-05-10 13:22:00,United Kingdom,2,1,2,212,5,Hibernating,Dormant,0.8099599200807601,High,106.65,86.38222547661307
14289,8,6,911.26,2011-02-23 12:33:00,2011-12-01 11:44:00,United Kingdom,5,4,3,543,12,Champions,Recent Developing,0.3376252073177915,Medium,227.815,76.91608660510266
14290,11,8,4516.56,2009-12-08 11:44:00,2011-11-28 14:02:00,United Kingdom,5,4,5,545,14,Champions,Active High-Value,0.274427472966593,Low,578.6625,158.8008875755311
14291,1,23,7904.1,2009-12-09 10:46:00,2011-12-08 10:26:00,United Kingdom,5,5,5,555,15,Champions,Active High-Value,0.12382391151504428,Low,970.8125,120.20980109769893
14292,7,16,9226.25,2010-03-19 11:10:00,2011-12-02 11:50:00,United Kingdom,5,5,5,555,15,Champions,Active High-Value,0.11325807755581306,Low,1217.9825,137.9463564466231
14293,3,9,2903.01,2009-12-10 10:57:00,2011-12-06 15:17:00,United Kingdom,5,5,5,555,15,Champions,Active High-Value,0.5508014963356221,Medium,170.41,93.86208299055336
14294,407,1,375.34,2010-10-28 16:25:00,2010-10-28 16:25:00,United Kingdom,2,1,2,212,5,Hibernating,Dormant,,Inactive (>1 yr),,
14295,40,4,2352.91,2009-12-09 13:06:00,2011-10-30 15:50:00,United Kingdom,4,3,4,434,11,Potential Loyalists,Lapsing Mid-Value,0.7781630412803393,High,41.550000000000004,32.3326743651981
14296,421,2,456.40000000000003,2010-05-14 14:34:00,2010-10-14 14:14:00,United Kingdom,1,2,2,122,5,Hibernating,Dormant,,Inactive (>1 yr),,
14297,17,4,1305.33,2011-03-10 08:31:00,2011-11-22 09:06:00,United Kingdom,5,3,4,534,12,Potential Loyalists,Recent Developing,0.43236655830262577,Medium,326.3325,141.0952598872916
14298,8,82,91194.49,2009-12-11 13:49:00,2011-12-01 13:12:00,United Kingdom,5,5,5,555,15,Champions,Active High-Value,0.017398327462696837,Low,12881.825,224.1222096671547
14299,8,27,14070.25,2009-12-02 10:58:00,2011-12-01 16:05:00,United Kingdom,5,5,5,555,15,Champions,Active High-Value,0.09633079507888946,Low,884.095,85.16557427527079
14300,18,1,43.2,2011-11-21 08:57:00,2011-11-21 08:57:00,United Kingdom,5,1,1,511,7,New Customers,Recent Developing,0.7405497311495273,High,10.8,7.997937096414895
14301,117,4,1992.18,2010-02-11 13:07:00,2011-08-14 15:33:00,United Kingdom,3,3,4,334,10,Need Attention,Lapsing Mid-Value,0.6811311893175187,High,160.035,109.0048298824291
14302,430,3,742.9000000000001,2009-12-02 08:16:00,2010-10-05 08:10:00,United Kingdom,1,3,3,133,7,At Risk,Lapsing Mid-Value,,Inactive (>1 yr),,
14303,407,2,277.94,2010-10-01 10:31:00,2010-10-28 15:37:00,United Kingdom,2,2,1,221,5,Hibernating,Dormant,,Inactive (>1 yr),,
14304,222,3,1725.01,2010-05-18 10:50:00,2011-05-01 11:50:00,United Kingdom,2,3,4,234,9,At Risk,Lapsing Mid-Value,0.7625462716023559,High,95.8625,73.09959196148084
14305,71,3,1858.96,2011-07-27 14:14:00,2011-09-29 15:29:00,United Kingdom,3,3,4,334,10,Need Attention,Lapsing Mid-Value,0.45557960866778585,Medium,464.74,211.7260673322668
14306,51,6,3151.4,2010-01-31 13:42:00,2011-10-19 13:23:00,United Kingdom,4,4,5,445,13,Loyal Customers,Lapsing Mid-Value,0.43411028539488467,Medium,523.33,227.18293565570502
14307,88,10,4287.92,2009-12-07 13:06:00,2011-09-12 09:38:00,United Kingdom,3,5,5,355,13,Loyal Customers,Lapsing Mid-Value,0.2537736822624092,Low,553.1525,140.37554677765732
14309,8,11,3780.81,2010-06-07 10:24:00,2011-12-01 13:33:00,United Kingdom,5,5,5,555,15,Champions,Active High-Value,0.19684274697386492,Low,588.1325,115.76961688460662
14310,432,1,492.1,2010-10-03 12:34:00,2010-10-03 12:34:00,United Kingdom,1,1,2,112,4,Hibernating,Dormant,,Inactive (>1 yr),,
14311,242,2,516.45,2010-05-21 10:28:00,2011-04-11 10:14:00,United Kingdom,2,2,2,222,6,Hibernating,Dormant,0.8149137924425022,High,77.565,63.20878831080268
14312,46,11,3090.29,2010-07-23 15:05:00,2011-10-24 09:46:00,United Kingdom,4,5,5,455,14,Loyal Customers,Active High-Value,0.2695577142978424,Low,402.8975,108.60412919631496
14314,106,2,229.8,2010-10-05 08:00:00,2011-08-25 10:39:00,United Kingdom,3,2,1,321,6,About to Sleep,Dormant,0.8586100145314127,High,30.0,25.75830043594238
14315,44,8,3197.82,2010-03-15 12:49:00,2011-10-26 12:06:00,United Kingdom,4,4,5,445,13,Loyal Customers,Lapsing Mid-Value,0.30296409040419753,Medium,620.2825,187.92332340614166
14316,422,5,1370.34,2010-03-19 15:18:00,2010-10-13 16:31:00,United Kingdom,1,4,4,144,9,At Risk,Lapsing Mid-Value,,Inactive (>1 yr),,
14317,64,1,508.58000000000004,2011-10-06 10:44:00,2011-10-06 10:44:00,United Kingdom,3,1,2,312,6,About to Sleep,Recent Developing,0.7075048426826607,High,127.14500000000001,89.9557032228869
14318,460,1,158.02,2010-09-05 15:32:00,2010-09-05 15:32:00,United Kingdom,1,1,1,111,3,Hibernating,Dormant,,Inactive (>1 yr),,
14319,424,1,494.85,2010-10-11 13:38:00,2010-10-11 13:38:00,United Kingdom,1,1,2,112,4,Hibernating,Dormant,,Inactive (>1 yr),,
14320,206,5,1346.75,2010-01-21 11:44:00,2011-05-17 09:24:00,United Kingdom,2,4,4,244,10,At Risk,Lapsing Mid-Value,0.6418497859890955,High,119.4475,76.66735231193249
14321,10,7,2218.06,2010-08-23 12:56:00,2011-11-29 09:47:00,United Kingdom,5,4,4,544,13,Champions,Active High-Value,0.2868085240780018,Low,382.6875,109.7580370581003
14322,429,4,474.1,2010-02-18 08:49:00,2010-10-06 15:17:00,United Kingdom,1,3,2,132,6,At Risk,Dormant,,Inactive (>1 yr),,
14323,114,2,605.0600000000001,2011-04-15 11:44:00,2011-08-17 11:37:00,United Kingdom,3,2,3,323,8,About to Sleep,Dormant,0.6847657886430468,High,151.26500000000001,103.58109701909049
14324,409,2,701.61,2010-01-15 13:31:00,2010-10-26 11:44:00,United Kingdom,1,2,3,123,6,Hibernating,Dormant,,Inactive (>1 yr),,
14325,569,1,245.48000000000002,2010-05-19 09:20:00,2010-05-19 09:20:00,United Kingdom,1,1,1,111,3,Hibernating,Dormant,,Inactive (>1 yr),,
14326,242,3,940.98,2010-06-25 12:10:00,2011-04-11 15:04:00,United Kingdom,2,3,3,233,8,At Risk,Lapsing Mid-Value,0.789077401113184,High,45.9625,36.26797004866472
14327,163,6,1894.93,2010-01-08 14:04:00,2011-06-29 13:58:00,United Kingdom,3,4,4,344,11,Loyal Customers,Lapsing Mid-Value,0.6617068657129757,High,77.9125,51.55523617486221
14329,17,15,9887.62,2009-12-16 15:31:00,2011-11-22 15:50:00,United Kingdom,5,5,5,555,15,Champions,Active High-Value,0.10623410357464283,Low,1243.81,132.1350403671765
14330,623,1,200.63,2010-03-26 09:10:00,2010-03-26 09:10:00,United Kingdom,1,1,1,111,3,Hibernating,Dormant,,Inactive (>1 yr),,
14331,124,2,462.65999999999997,2011-07-27 15:14:00,2011-08-07 13:17:00,United Kingdom,3,2,2,322,7,About to Sleep,Dormant,0.6738147961452836,High,115.66499999999999,77.93678839614422
14332,22,5,1917.41,2010-10-19 13:01:00,2011-11-17 11:54:00,United Kingdom,4,4,4,444,12,Loyal Customers,Recent Developing,0.44353552388370465,Medium,210.0525,93.16574563058188
14333,67,1,415.2,2011-10-03 10:38:00,2011-10-03 10:38:00,United Kingdom,3,1,2,312,6,About to Sleep,Dormant,0.7368489741384685,High,103.8,76.48492351557303
14334,16,12,4318.48,2010-05-20 10:04:00,2011-11-23 10:01:00,United Kingdom,5,5,5,555,15,Champions,Active High-Value,0.1677860313845011,Low,638.0525,107.05629678995939
14335,16,2,454.86,2011-09-04 13:07:00,2011-11-23 13:41:00,Germany,5,2,2,522,9,Potential Loyalists,Recent Developing,0.618710120207388,High,113.715,70.35662131938314
14336,16,4,1614.91,2011-03-08 16:48:00,2011-11-23 11:40:00,United Kingdom,5,3,4,534,12,Potential Loyalists,Recent Developing,0.49705695126754196,Medium,403.7275,200.67556029286655
14338,161,3,928.1,2010-06-21 10:32:00,2011-07-01 14:08:00,United Kingdom,3,3,3,333,9,Need Attention,Lapsing Mid-Value,0.6783288950072699,High,147.055,99.75165565529407
14339,242,2,620.27,2010-10-07 08:50:00,2011-04-11 11:06:00,United Kingdom,2,2,3,223,7,Hibernating,Dormant,0.7923892168625435,High,77.38,61.315077600823614
14340,218,1,134.7,2011-05-05 09:44:00,2011-05-05 09:44:00,United Kingdom,2,1,1,211,4,Hibernating,Dormant,0.8531947590593952,High,33.675,28.731333511325133
14341,45,18,4452.02,2009-12-01 12:20:00,2011-10-25 15:48:00,United Kingdom,4,5,5,455,14,Loyal Customers,Active High-Value,0.19681666483732294,Low,541.745,106.62444409229552
14342,21,6,918.44,2010-08-24 13:03:00,2011-11-18 13:21:00,United Kingdom,4,4,3,443,11,Loyal Customers,Recent Developing,0.4265135713287903,Medium,167.14000000000001,71.28747831189402
14343,421,4,1079.66,2010-01-18 16:47:00,2010-10-14 13:05:00,United Kingdom,1,3,3,133,7,At Risk,Lapsing Mid-Value,,Inactive (>1 yr),,
14344,127,20,2993.05,2010-03-23 15:47:00,2011-08-04 13:51:00,United Kingdom,3,5,5,355,13,Loyal Customers,Active High-Value,0.48649676135746595,Medium,137.32,66.80573526960723
14345,38,1,108.97999999999999,2011-11-01 09:51:00,2011-11-01 09:51:00,United Kingdom,4,1,1,411,6,Promising,Dormant,0.7466445303186745,High,27.244999999999997,20.342330228532283
14346,120,5,2315.75,2010-07-30 10:44:00,2011-08-11 09:47:00,United Kingdom,3,4,4,344,11,Loyal Customers,Lapsing Mid-Value,0.5845880943269578,Medium,255.395,149.3008763506334
14347,736,1,82.6,2009-12-03 10:49:00,2009-12-03 10:49:00,United Kingdom,1,1,1,111,3,Hibernating,Dormant,,Inactive (>1 yr),,
14348,260,1,409.57,2011-03-24 16:23:00,2011-03-24 16:23:00,United Kingdom,2,1,2,212,5,Hibernating,Dormant,0.8177474195784429,High,102.3925,83.73120265918571
14349,10,1,133.5,2011-11-29 15:39:00,2011-11-29 15:39:00,United Kingdom,5,1,1,511,7,New Customers,Recent Developing,0.6271606719308043,High,33.375,20.93148742569059
14350,274,3,972.03,2010-10-05 15:52:00,2011-03-10 14:14:00,United Kingdom,2,3,3,233,8,At Risk,Lapsing Mid-Value,0.7647272406436185,High,70.7325,54.09106954882475
14351,164,1,51.0,2011-06-28 11:56:00,2011-06-28 11:56:00,United Kingdom,3,1,1,311,5,About to Sleep,Dormant,0.8777837491483813,High,12.75,11.191742801641862
14352,157,4,1078.96,2011-03-11 14:58:00,2011-07-05 15:41:00,United Kingdom,3,3,3,333,9,Need Attention,Lapsing Mid-Value,0.5966994906150506,Medium,269.74,160.95372059850374
14353,215,3,376.5,2010-10-04 12:38:00,2011-05-08 16:06:00,United Kingdom,2,3,2,232,7,At Risk,Dormant,0.8560033633330051,High,22.65,19.388476179492564
14354,5,2,163.62,2011-11-09 15:36:00,2011-12-04 11:32:00,United Kingdom,5,2,1,521,8,Potential Loyalists,Recent Developing,0.5797414728413826,Medium,40.905,23.714324946576752
14355,365,3,840.0500000000001,2010-03-22 15:08:00,2010-12-09 12:16:00,United Kingdom,2,3,3,233,8,At Risk,Lapsing Mid-Value,,Inactive (>1 yr),,
14356,79,2,701.23,2011-09-19 14:43:00,2011-09-21 09:18:00,United Kingdom,3,2,3,323,8,About to Sleep,Recent Developing,0.813770932638878,High,175.3075,142.6601477735901
14357,43,1,225.12,2011-10-27 16:23:00,2011-10-27 16:23:00,United Kingdom,4,1,1,411,6,Promising,Recent Developing,0.7028759163493232,High,56.28,39.55785657213991
14358,389,2,400.06,2010-10-07 17:26:00,2010-11-15 15:51:00,United Kingdom,2,2,2,222,6,Hibernating,Dormant,,Inactive (>1 yr),,
14359,19,3,912.18,2011-09-13 09:03:00,2011-11-20 13:17:00,United Kingdom,5,3,3,533,11,Potential Loyalists,Recent Developing,0.3707354591748522,Medium,228.045,84.54436778752915
14360,31,4,2118.03,2011-09-06 11:58:00,2011-11-08 09:12:00,United Kingdom,4,3,4,434,11,Potential Loyalists,Recent Developing,0.31368429140826726,Medium,529.5075,166.0981849328631
14361,578,1,214.70999999999998,2010-05-10 12:29:00,2010-05-10 12:29:00,United Kingdom,1,1,1,111,3,Hibernating,Dormant,,Inactive (>1 yr),,
14362,22,1,151.5,2011-11-17 15:08:00,2011-11-17 15:08:00,United Kingdom,4,1,1,411,6,Promising,Recent Developing,0.6733478399540986,High,37.875,25.503049438261485
14363,402,2,227.47000000000003,2010-09-14 14:39:00,2010-11-02 17:01:00,United Kingdom,2,2,1,221,5,Hibernating,Dormant,,Inactive (>1 yr),,
14364,108,8,3717.35,2011-05-12 12:56:00,2011-08-23 11:01:00,United Kingdom,3,4,5,345,12,Loyal Customers,Lapsing Mid-Value,0.5039061241384429,Medium,929.3375,468.2988576415102
14365,394,2,634.68,2010-01-27 09:44:00,2010-11-10 09:52:00,United Kingdom,2,2,3,223,7,Hibernating,Dormant,,Inactive (>1 yr),,
14366,525,1,136.0,2010-07-02 17:23:00,2010-07-02 17:23:00,United Kingdom,1,1,1,111,3,Hibernating,Dormant,,Inactive (>1 yr),,
14367,8,16,9227.82,2011-03-08 14:12:00,2011-12-01 13:19:00,United Kingdom,5,5,5,555,15,Champions,Active High-Value,0.06313797146858906,Low,2306.955,145.65645896931886
14368,319,1,155.0,2011-01-24 09:52:00,2011-01-24 09:52:00,United Kingdom,2,1,1,211,4,Hibernating,Dormant,0.862113952834411,High,38.75,33.406915672333426
14369,642,2,469.13,2010-02-16 10:28:00,2010-03-07 15:47:00,United Kingdom,1,2,2,122,5,Hibernating,Dormant,,Inactive (>1 yr),,
14370,450,6,1175.78,2010-02-01 08:35:00,2010-09-15 10:53:00,United Kingdom,1,4,3,143,8,At Risk,Lapsing Mid-Value,,Inactive (>1 yr),,
14371,295,1,100.5,2011-02-17 16:35:00,2011-02-17 16:35:00,United Kingdom,2,1,1,211,4,Hibernating,Dormant,0.8749731531446597,High,25.125,21.983700472759576
14372,443,2,860.08,2010-04-19 15:57:00,2010-09-22 16:17:00,United Kingdom,1,2,3,123,6,Hibernating,Dormant,,Inactive (>1 yr),,
14373,358,1,76.55,2010-12-16 15:40:00,2010-12-16 15:40:00,United Kingdom,2,1,1,211,4,Hibernating,Dormant,0.887546571505932,High,19.1375,16.985422512194774
14374,541,1,108.0,2010-06-16 14:25:00,2010-06-16 14:25:00,United Kingdom,1,1,1,111,3,Hibernating,Dormant,,Inactive (>1 yr),,
14375,185,3,1106.82,2010-06-16 14:34:00,2011-06-07 13:44:00,United Kingdom,3,3,3,333,9,Need Attention,Lapsing Mid-Value,0.7560151377425507,High,58.89,44.52173146165881
14376,683,1,215.46,2010-01-25 15:36:00,2010-01-25 15:36:00,United Kingdom,1,1,1,111,3,Hibernating,Dormant,,Inactive (>1 yr),,
14377,191,2,617.05,2011-03-22 13:38:00,2011-06-01 13:32:00,United Kingdom,2,2,3,223,7,Hibernating,Dormant,0.6896509874040547,High,154.2625,106.38728544441798
14378,621,1,131.25,2010-03-28 12:22:00,2010-03-28 12:22:00,United Kingdom,1,1,1,111,3,Hibernating,Dormant,,Inactive (>1 yr),,
14379,44,4,1265.16,2010-08-16 15:31:00,2011-10-26 16:43:00,United Kingdom,4,3,4,434,11,Potential Loyalists,Recent Developing,0.6239514306535294,High,87.025,54.299373252623404
14381,52,2,625.9399999999999,2010-09-14 16:15:00,2011-10-18 17:10:00,United Kingdom,4,2,3,423,9,Potential Loyalists,Recent Developing,0.8442066568242269,High,50.67,42.77595130128358
14382,26,2,1193.6299999999999,2010-11-14 16:32:00,2011-11-13 16:18:00,United Kingdom,4,2,3,423,9,Potential Loyalists,Recent Developing,0.8155354912501857,High,153.8725,125.4884848773942
14383,38,3,1247.69,2011-06-29 10:18:00,2011-11-01 15:53:00,United Kingdom,4,3,4,434,11,Potential Loyalists,Recent Developing,0.43373032702456554,Medium,311.9225,135.29024793132004
14384,500,1,58.5,2010-07-27 09:53:00,2010-07-27 09:53:00,United Kingdom,1,1,1,111,3,Hibernating,Dormant,,Inactive (>1 yr),,
14385,9,3,202.11,2011-11-16 11:55:00,2011-11-30 15:36:00,United Kingdom,5,3,1,531,9,Potential Loyalists,Recent Developing,0.5593937500016608,Medium,50.5275,28.264767703208918
14386,296,1,142.4,2011-02-16 09:45:00,2011-02-16 09:45:00,United Kingdom,2,1,1,211,4,Hibernating,Dormant,0.8624855713436659,High,35.6,30.704486339834506
14387,32,3,1727.6,2011-08-22 14:13:00,2011-11-07 12:29:00,United Kingdom,4,3,4,434,11,Potential Loyalists,Recent Developing,0.3695186493773055,Medium,431.9,159.59510466605823
14388,10,16,6388.2,2010-01-20 11:54:00,2011-11-29 13:32:00,United Kingdom,5,5,5,555,15,Champions,Active High-Value,0.1315047658277801,Low,725.01,95.34227027279884
14389,65,5,1898.01,2010-04-28 14:57:00,2011-10-05 15:17:00,United Kingdom,3,4,4,344,11,Loyal Customers,Lapsing Mid-Value,0.5174058896141516,Medium,260.865,134.97308739419566
14390,10,13,6150.03,2010-10-10 14:30:00,2011-11-29 13:49:00,United Kingdom,5,5,5,555,15,Champions,Active High-Value,0.12745525733823423,Low,1104.7175,140.80205324855078
14391,576,1,135.6,2010-05-12 09:42:00,2010-05-12 09:42:00,United Kingdom,1,1,1,111,3,Hibernating,Dormant,,Inactive (>1 yr),,
14392,432,1,266.4,2010-10-03 12:56:00,2010-10-03 12:56:00,United Kingdom,1,1,1,111,3,Hibernating,Dormant,,Inactive (>1 yr),,
14393,218,1,67.95,2011-05-05 18:16:00,2011-05-05 18:16:00,United Kingdom,2,1,1,211,4,Hibernating,Dormant,0.8718626340409448,High,16.9875,14.81076649577055
14394,564,1,93.8,2010-05-24 10:43:00,2010-05-24 10:43:00,United Kingdom,1,1,1,111,3,Hibernating,Dormant,,Inactive (>1 yr),,
14395,2,20,7801.93,2010-04-18 13:12:00,2011-12-07 14:34:00,United Kingdom,5,5,5,555,15,Champions,Active High-Value,0.11826527279393821,Low,792.8075,93.76159526058017
14396,65,7,1969.38,2009-12-02 14:21:00,2011-10-05 16:09:00,United Kingdom,3,4,4,344,11,Loyal Customers,Lapsing Mid-Value,0.5745756166104018,Medium,94.41,54.24568396418803
14397,2,19,2612.96,2011-05-10 12:25:00,2011-12-07 09:22:00,United Kingdom,5,5,4,554,14,Champions,Active High-Value,0.07780689137702672,Low,653.24,50.82657372312893
14398,401,2,707.79,2010-06-30 11:57:00,2010-11-03 13:46:00,United Kingdom,2,2,3,223,7,Hibernating,Dormant,,Inactive (>1 yr),,
14399,394,8,2108.21,2010-02-03 13:09:00,2010-11-10 13:23:00,United Kingdom,2,4,4,244,10,At Risk,Lapsing Mid-Value,,Inactive (>1 yr),,
14400,149,3,1732.47,2010-03-18 12:11:00,2011-07-13 15:50:00,United Kingdom,3,3,4,334,10,Need Attention,Lapsing Mid-Value,0.7307337741693265,High,143.675,104.988175003778
14401,4,22,6795.9,2009-12-14 13:22:00,2011-12-05 13:30:00,United Kingdom,5,5,5,555,15,Champions,Active High-Value,0.09418974392101818,Low,1012.87,95.40196592528169
14402,652,1,285.6,2010-02-25 13:20:00,2010-02-25 13:20:00,United Kingdom,1,1,2,112,4,Hibernating,Dormant,,Inactive (>1 yr),,
14403,130,6,1880.51,2010-03-10 14:00:00,2011-08-01 12:57:00,United Kingdom,3,4,4,344,11,Loyal Customers,Lapsing Mid-Value,0.4646828372073439,Medium,368.9525,171.44589449474253
14404,33,13,2724.13,2009-12-20 14:40:00,2011-11-06 12:30:00,United Kingdom,4,5,4,454,13,Loyal Customers,Active High-Value,0.22949296071485392,Low,330.0225,75.73784062751787
14405,386,1,195.0,2010-11-18 11:40:00,2010-11-18 11:40:00,United Kingdom,2,1,1,211,4,Hibernating,Dormant,,Inactive (>1 yr),,
14406,119,1,156.75,2011-08-12 16:54:00,2011-08-12 16:54:00,United Kingdom,3,1,1,311,5,About to Sleep,Dormant,0.8196214700958427,High,39.1875,32.11891635938084
14407,107,5,2142.73,2011-03-08 11:59:00,2011-08-24 14:02:00,United Kingdom,3,4,4,344,11,Loyal Customers,Lapsing Mid-Value,0.46475173898519745,Medium,535.6825,248.95937341893804
14408,10,11,4102.27,2009-12-07 12:18:00,2011-11-29 11:41:00,United Kingdom,5,5,5,555,15,Champions,Active High-Value,0.2433423910850789,Low,649.7575,158.11354367546318
14409,71,9,3427.29,2010-05-21 16:45:00,2011-09-29 18:18:00,United Kingdom,3,5,5,355,13,Loyal Customers,Lapsing Mid-Value,0.3300536745990733,Medium,432.6625,142.80184798622156
14410,92,11,2630.9,2010-09-28 15:46:00,2011-09-08 15:08:00,United Kingdom,3,5,4,354,12,Loyal Customers,Lapsing Mid-Value,0.3838166823436225,Medium,274.8175,105.47954109996847
14411,310,1,1063.0,2011-02-02 10:56:00,2011-02-02 10:56:00,United Kingdom,2,1,3,213,6,Hibernating,Dormant,0.7975449239815615,High,265.75,211.94756354809996
14412,42,3,1426.19,2010-10-11 12:33:00,2011-10-28 10:45:00,United Kingdom,4,3,4,434,11,Potential Loyalists,Recent Developing,0.6007651607606449,High,192.5075,115.65179918512985
14413,362,3,421.72,2010-01-19 14:27:00,2010-12-12 13:37:00,United Kingdom,2,3,2,232,7,At Risk,Dormant,0.8026827168309345,High,30.2625,24.291185718096155
14414,91,8,2399.33,2010-11-30 10:12:00,2011-09-09 12:09:00,United Kingdom,3,4,4,344,11,Loyal Customers,Lapsing Mid-Value,0.4489394232170274,Medium,374.245,168.01333444185641
14415,1,23,11980.09,2009-12-16 14:08:00,2011-12-08 14:38:00,United Kingdom,5,5,5,555,15,Champions,Active High-Value,0.06670957921695762,Low,1463.8925,97.65565269386013
14416,22,2,490.22,2011-10-28 15:10:00,2011-11-17 15:22:00,United Kingdom,4,2,2,422,8,Potential Loyalists,Recent Developing,0.4989318928431264,Medium,122.555,61.14659812738936
14417,387,1,524.65,2010-11-17 10:55:00,2010-11-17 10:55:00,United Kingdom,2,1,2,212,5,Hibernating,Dormant,,Inactive (>1 yr),,
14418,3,3,1937.25,2011-08-23 17:18:00,2011-12-06 11:39:00,United Kingdom,5,3,4,534,12,Potential Loyalists,Recent Developing,0.456652319371018,Medium,484.3125,221.16242642537617
14419,10,7,1254.64,2010-11-22 11:09:00,2011-11-29 11:22:00,United Kingdom,5,4,4,544,13,Champions,Recent Developing,0.2475919782055285,Low,262.9475,65.1036916891982
14420,99,4,1639.17,2010-01-17 12:41:00,2011-09-01 18:07:00,United Kingdom,3,3,4,334,10,Need Attention,Lapsing Mid-Value,0.703148977881232,High,96.88,68.12107297713375
14421,57,6,2469.37,2010-01-17 11:30:00,2011-10-13 13:24:00,United Kingdom,4,4,4,444,12,Loyal Customers,Lapsing Mid-Value,0.5401635048125509,Medium,203.2775,109.80308684953333
14422,0,19,10271.52,2009-12-17 12:12:00,2011-12-09 11:26:00,United Kingdom,5,5,5,555,15,Champions,Active High-Value,0.14324160827153745,Low,1065.91,152.68266267271449
14423,218,3,916.6099999999999,2010-01-14 11:49:00,2011-05-05 15:12:00,United Kingdom,2,3,3,233,8,At Risk,Lapsing Mid-Value,0.7917745970762816,High,66.3,52.494655786157466
14424,17,1,322.08,2011-11-22 11:48:00,2011-11-22 11:48:00,United Kingdom,5,1,2,512,8,New Customers,Recent Developing,0.6774447325380486,High,80.52,54.54784986396367
14425,434,3,661.39,2009-12-02 11:31:00,2010-10-01 10:24:00,United Kingdom,1,3,3,133,7,At Risk,Dormant,,Inactive (>1 yr),,
14426,23,17,11727.94,2010-03-04 14:36:00,2011-11-16 12:25:00,United Kingdom,4,5,5,455,14,Loyal Customers,Active High-Value,0.11410571961397419,Low,1120.4175,127.84604510558992
14427,50,4,1263.52,2010-03-18 09:49:00,2011-10-20 14:23:00,United Kingdom,4,3,4,434,11,Potential Loyalists,Lapsing Mid-Value,0.670744820578314,High,90.83500000000001,60.927105777231155
14428,7,5,1224.06,2011-01-18 16:39:00,2011-12-02 13:17:00,United Kingdom,5,4,4,544,13,Champions,Recent Developing,0.33356963136376844,Medium,306.015,102.07731074178359
14429,403,1,516.28,2010-11-01 10:08:00,2010-11-01 10:08:00,United Kingdom,2,1,2,212,5,Hibernating,Dormant,,Inactive (>1 yr),,
14430,511,3,1220.9,2010-04-11 15:59:00,2010-07-16 11:35:00,United Kingdom,1,3,4,134,8,At Risk,Lapsing Mid-Value,,Inactive (>1 yr),,
14431,302,4,2614.2,2010-01-21 10:49:00,2011-02-10 10:40:00,United Kingdom,2,3,4,234,9,At Risk,Lapsing Mid-Value,0.7370706443838204,High,117.59,86.67213707309345
14432,9,6,2248.5,2011-09-11 14:09:00,2011-11-30 08:04:00,United Kingdom,5,4,4,544,13,Champions,Active High-Value,0.20152599677020605,Low,562.125,113.28280093445207
14433,465,1,280.7,2010-08-31 12:35:00,2010-08-31 12:35:00,United Kingdom,1,1,1,111,3,Hibernating,Dormant,,Inactive (>1 yr),,
14434,21,6,1372.8,2011-09-28 15:31:00,2011-11-18 08:56:00,United Kingdom,4,4,4,444,12,Loyal Customers,Recent Developing,0.31706774619882166,Medium,343.2,108.81765049543559
14435,501,1,90.42,2010-07-26 12:33:00,2010-07-26 12:33:00,United Kingdom,1,1,1,111,3,Hibernating,Dormant,,Inactive (>1 yr),,
14436,98,2,271.70000000000005,2010-06-04 11:32:00,2011-09-02 10:13:00,United Kingdom,3,2,1,321,6,About to Sleep,Dormant,0.8909732120690624,High,22.265,19.837518566717677
14437,365,5,873.34,2010-05-05 12:20:00,2010-12-09 09:27:00,United Kingdom,2,4,3,243,9,At Risk,Lapsing Mid-Value,,Inactive (>1 yr),,
14438,306,1,131.9,2011-02-06 14:56:00,2011-02-06 14:56:00,United Kingdom,2,1,1,211,4,Hibernating,Dormant,0.8636489319950711,High,32.975,28.478823532537472
14439,319,5,9443.04,2010-01-21 14:01:00,2011-01-24 11:39:00,Greece,2,4,5,245,11,At Risk,Lapsing Mid-Value,0.6380067633079763,High,665.31,424.4722796964297
14440,8,13,5982.03,2009-12-02 12:13:00,2011-12-01 15:42:00,United Kingdom,5,5,5,555,15,Champions,Active High-Value,0.23630319342618009,Low,425.245,100.48675148851595
14441,0,11,4611.6900000000005,2010-01-18 10:40:00,2011-12-09 09:07:00,United Kingdom,5,5,5,555,15,Champions,Active High-Value,0.4058111240882493,Medium,428.2225,173.77745408488036
14442,204,7,5367.0199999999995,2010-01-18 12:59:00,2011-05-19 11:36:00,Channel Islands,2,4,5,245,11,At Risk,Lapsing Mid-Value,0.5295190705338945,Medium,397.455,210.460002179049
14443,53,5,2082.97,2010-11-25 14:18:00,2011-10-17 10:10:00,United Kingdom,4,4,4,444,12,Loyal Customers,Lapsing Mid-Value,0.4321735154122269,Medium,279.175,120.65204116520846
14444,456,1,120.44,2010-09-09 18:56:00,2010-09-09 18:56:00,United Kingdom,1,1,1,111,3,Hibernating,Dormant,,Inactive (>1 yr),,
14445,455,1,221.65,2010-09-10 11:09:00,2010-09-10 11:09:00,United Kingdom,1,1,1,111,3,Hibernating,Dormant,,Inactive (>1 yr),,
14446,0,5,1195.48,2010-11-18 12:08:00,2011-12-09 11:34:00,United Kingdom,5,4,3,543,12,Champions,Recent Developing,0.5187143862840728,Medium,251.3875,130.39831278198736
14447,18,6,1711.73,2010-11-04 13:32:00,2011-11-21 08:28:00,United Kingdom,5,4,4,544,13,Champions,Recent Developing,0.320300668581615,Medium,290.8075,93.14583667854801
14448,9,2,375.35,2010-12-10 17:26:00,2011-11-30 13:50:00,United Kingdom,5,2,2,522,9,Potential Loyalists,Recent Developing,0.8559005735692751,High,93.8375,80.31557007230685
14449,18,8,2230.96,2010-09-29 13:15:00,2011-11-21 12:06:00,United Kingdom,5,4,4,544,13,Champions,Active High-Value,0.3350400190914671,Medium,168.89,56.58490882435787
14450,180,7,1128.44,2010-04-08 12:09:00,2011-06-12 10:46:00,United Kingdom,3,4,3,343,10,Loyal Customers,Lapsing Mid-Value,0.6323234331912833,High,120.8125,76.39257477242191
14451,60,12,3258.68,2010-01-17 10:35:00,2011-10-10 13:38:00,United Kingdom,3,5,5,355,13,Loyal Customers,Active High-Value,0.3691186320535563,Medium,160.975,59.41887179482122
14452,10,4,658.95,2010-07-06 13:13:00,2011-11-29 12:06:00,United Kingdom,5,3,3,533,11,Potential Loyalists,Recent Developing,0.6943475186907709,High,64.7625,44.967681179211056
14453,190,1,119.93,2011-06-02 14:15:00,2011-06-02 14:15:00,United Kingdom,2,1,1,211,4,Hibernating,Dormant,0.8387156426193594,High,29.9825,25.146791754834943
14454,376,5,977.3,2009-12-06 12:56:00,2010-11-28 13:26:00,United Kingdom,2,4,3,243,9,At Risk,Lapsing Mid-Value,,Inactive (>1 yr),,
14455,432,4,617.72,2010-08-01 13:26:00,2010-10-03 15:48:00,United Kingdom,1,3,3,133,7,At Risk,Lapsing Mid-Value,,Inactive (>1 yr),,
14456,5,9,3014.32,2011-07-20 13:06:00,2011-12-04 13:59:00,United Kingdom,5,5,5,555,15,Champions,Active High-Value,0.12273230079869683,Low,753.58,92.48860723588197
14457,310,1,113.64,2011-02-02 09:39:00,2011-02-02 09:39:00,United Kingdom,2,1,1,211,4,Hibernating,Dormant,0.8738485005633436,High,28.41,24.82603590100459
14458,380,1,219.26999999999998,2010-11-24 12:43:00,2010-11-24 12:43:00,United Kingdom,2,1,1,211,4,Hibernating,Dormant,,Inactive (>1 yr),,
14459,155,2,5375.74,2010-02-26 13:26:00,2011-07-07 13:35:00,United Kingdom,3,2,5,325,10,About to Sleep,Lapsing Mid-Value,0.7758032285833211,High,459.48,356.4660674694644
14460,110,9,1093.5,2009-12-15 19:06:00,2011-08-21 14:19:00,United Kingdom,3,5,3,353,11,Loyal Customers,Lapsing Mid-Value,0.525475731855523,Medium,108.585,57.05878234353196
14461,148,13,6676.52,2010-01-18 12:48:00,2011-07-14 17:11:00,United Kingdom,3,5,5,355,13,Loyal Customers,Lapsing Mid-Value,0.40692894567594795,Medium,525.6675,213.9093215511114
14462,66,12,2237.81,2010-10-03 14:13:00,2011-10-04 15:55:00,United Kingdom,3,5,4,354,12,Loyal Customers,Lapsing Mid-Value,0.18640049612095316,Low,493.8925,92.06180703041785
14463,98,4,786.5699999999999,2010-07-28 11:35:00,2011-09-02 15:20:00,United Kingdom,3,3,3,333,9,Need Attention,Lapsing Mid-Value,0.6182088241957799,High,132.405,81.85393936764224
14464,568,2,111.0,2010-03-22 15:20:00,2010-05-20 18:00:00,United Kingdom,1,2,1,121,4,Hibernating,Dormant,,Inactive (>1 yr),,
14465,246,11,3925.85,2010-01-07 15:03:00,2011-04-07 12:38:00,United Kingdom,2,5,5,255,12,Can't Lose Them,Lapsing Mid-Value,0.5556983143259829,Medium,259.61,144.26483938216845
14466,29,13,4267.15,2009-12-13 15:44:00,2011-11-10 14:07:00,United Kingdom,4,5,5,455,14,Loyal Customers,Active High-Value,0.18955172321057723,Low,473.1625,89.68876723362474
14467,17,12,2203.2400000000002,2009-12-02 12:44:00,2011-11-22 12:48:00,United Kingdom,5,5,4,554,14,Champions,Active High-Value,0.2632094827016646,Low,149.065,39.235321538923635
14468,733,1,204.24,2009-12-06 12:21:00,2009-12-06 12:21:00,United Kingdom,1,1,1,111,3,Hibernating,Dormant,,Inactive (>1 yr),,
14469,416,4,2093.46,2010-01-29 11:12:00,2010-10-19 14:30:00,United Kingdom,1,3,4,134,8,At Risk,Lapsing Mid-Value,,Inactive (>1 yr),,
14470,11,3,712.04,2010-10-05 12:39:00,2011-11-28 10:31:00,United Kingdom,5,3,3,533,11,Potential Loyalists,Recent Developing,0.7300285302355733,High,115.2975,84.17046446483602
14471,591,2,400.95,2009-12-07 12:26:00,2010-04-27 17:12:00,United Kingdom,1,2,2,122,5,Hibernating,Dormant,,Inactive (>1 yr),,
14472,103,9,2118.72,2010-01-19 13:09:00,2011-08-28 11:01:00,United Kingdom,3,5,4,354,12,Loyal Customers,Lapsing Mid-Value,0.30931452341903254,Medium,463.1675,143.26443452568475
14473,74,2,234.34000000000003,2011-03-02 13:56:00,2011-09-26 15:10:00,United Kingdom,3,2,1,321,6,About to Sleep,Dormant,0.7555299570563657,High,58.58500000000001,44.262722534147194
14474,46,2,1258.8899999999999,2010-05-09 12:12:00,2011-10-24 13:26:00,United Kingdom,4,2,4,424,10,Potential Loyalists,Recent Developing,0.8404779933723826,High,136.915,115.07404446257976
14475,71,4,1151.15,2010-10-27 09:20:00,2011-09-29 10:46:00,United Kingdom,3,3,3,333,9,Need Attention,Lapsing Mid-Value,0.5153684307465376,Medium,231.4625,119.28846540167046
14476,257,1,193.0,2011-03-27 15:39:00,2011-03-27 15:39:00,United Kingdom,2,1,1,211,4,Hibernating,Dormant,0.8406381772641959,High,48.25,40.56079205299745
14477,19,7,1969.6,2010-01-04 15:41:00,2011-11-20 11:11:00,United Kingdom,5,4,4,544,13,Champions,Active High-Value,0.38169710897406456,Medium,327.4,124.96763347810872
14478,382,4,1276.66,2009-12-01 13:20:00,2010-11-22 15:29:00,United Kingdom,2,3,4,234,9,At Risk,Lapsing Mid-Value,,Inactive (>1 yr),,
14479,253,4,1124.71,2009-12-06 13:48:00,2011-03-31 09:07:00,United Kingdom,2,3,3,233,8,At Risk,Lapsing Mid-Value,0.7762201582048739,High,35.4625,27.52670736034034
14480,11,4,1299.52,2009-12-21 16:32:00,2011-11-28 16:35:00,United Kingdom,5,3,4,534,12,Potential Loyalists,Recent Developing,0.7849056844015316,High,69.7625,54.756982808061856
14481,164,5,2284.69,2010-01-31 12:43:00,2011-06-28 10:38:00,United Kingdom,3,4,4,344,11,Loyal Customers,Lapsing Mid-Value,0.6027256348985528,High,159.1275,95.91022346731945
14482,18,12,4306.72,2010-08-26 14:13:00,2011-11-21 13:14:00,United Kingdom,5,5,5,555,15,Champions,Active High-Value,0.2053280520269156,Low,505.7025,103.83490923014128
14483,281,2,257.1,2009-12-03 10:16:00,2011-03-03 10:26:00,United Kingdom,2,2,1,221,5,Hibernating,Dormant,0.8585066441852968,High,34.275,29.425315229451044
14484,50,4,1070.98,2009-12-17 10:57:00,2011-10-20 14:11:00,United Kingdom,4,3,3,433,10,Potential Loyalists,Recent Developing,0.705545095279618,High,80.48,56.782269268103654
14485,38,1,162.8,2011-11-01 12:25:00,2011-11-01 12:25:00,United Kingdom,4,1,1,411,6,Promising,Recent Developing,0.7044431607621283,High,40.7,28.670836643018625
14486,511,2,175.5,2010-06-04 10:30:00,2010-07-16 09:42:00,United Kingdom,1,2,1,121,4,Hibernating,Dormant,,Inactive (>1 yr),,
14487,26,7,1266.27,2010-11-25 13:36:00,2011-11-13 12:17:00,United Kingdom,4,4,4,444,12,Loyal Customers,Recent Developing,0.25851107361553693,Low,260.09499999999997,67.23743769203307
14488,67,1,1064.28,2011-10-03 09:30:00,2011-10-03 09:30:00,United Kingdom,3,1,3,313,7,About to Sleep,Recent Developing,0.6745725344132356,High,266.07,179.4835142313296
14489,207,4,1574.93,2010-04-06 09:52:00,2011-05-16 14:51:00,United Kingdom,2,3,4,234,9,At Risk,Lapsing Mid-Value,0.6989423081491214,High,115.845,80.96897168753496
14490,406,2,1273.47,2010-10-07 11:36:00,2010-10-29 15:04:00,United Kingdom,2,2,4,224,8,Hibernating,Lapsing Mid-Value,,Inactive (>1 yr),,
14491,175,2,340.93,2010-12-02 12:10:00,2011-06-17 15:22:00,United Kingdom,3,2,2,322,7,About to Sleep,Dormant,0.7987452622553642,High,53.4325,42.67895622545975
14492,430,7,1921.91,2010-03-30 14:23:00,2010-10-05 13:21:00,United Kingdom,1,4,4,144,9,At Risk,Lapsing Mid-Value,,Inactive (>1 yr),,
14493,7,10,5087.86,2010-03-08 08:33:00,2011-12-02 16:14:00,United Kingdom,5,5,5,555,15,Champions,Active High-Value,0.20382202164440263,Low,595.8100000000001,121.43919871595155
14494,25,3,401.46,2009-12-08 13:25:00,2011-11-14 09:21:00,United Kingdom,4,3,2,432,9,Potential Loyalists,Recent Developing,0.8405356927033845,High,34.89,29.326290318421083
14495,50,3,174.8,2010-02-18 08:49:00,2011-10-20 12:28:00,United Kingdom,4,3,1,431,8,Potential Loyalists,Recent Developing,0.7796832545921407,High,30.95,24.131196729626755
14496,311,7,2363.89,2010-03-16 13:15:00,2011-02-01 09:01:00,United Kingdom,2,4,4,244,10,At Risk,Lapsing Mid-Value,0.7796182935569347,High,58.6175,45.69927532257362
14497,309,2,697.0600000000001,2010-02-04 09:59:00,2011-02-03 17:01:00,United Kingdom,2,2,3,223,7,Hibernating,Dormant,0.7921829565996859,High,118.8425,94.14500301969817
14498,42,10,3900.83,2010-06-07 16:05:00,2011-10-28 12:09:00,United Kingdom,4,5,5,455,14,Loyal Customers,Active High-Value,0.23922340307810033,Low,489.33,117.05918782820683
14499,26,7,2101.79,2010-08-27 11:57:00,2011-11-13 13:01:00,United Kingdom,4,4,4,444,12,Loyal Customers,Lapsing Mid-Value,0.41771337228458877,Medium,202.11,84.42404967243824
14500,88,3,356.85,2011-06-03 10:08:00,2011-09-12 16:45:00,United Kingdom,3,3,2,332,8,Need Attention,Recent Developing,0.5704066067121489,Medium,89.2125,50.88739940130759
14501,183,2,251.21,2011-01-24 10:43:00,2011-06-09 12:02:00,United Kingdom,3,2,1,321,6,About to Sleep,Dormant,0.7665813434692842,High,62.8025,48.14322482322972
14502,19,11,2426.79,2011-01-30 15:52:00,2011-11-20 11:50:00,United Kingdom,5,5,4,554,14,Champions,Active High-Value,0.13759958503486158,Low,606.6975,83.48132424168793
14503,3,6,3543.26,2011-06-14 10:00:00,2011-12-06 13:30:00,United Kingdom,5,4,5,545,14,Champions,Active High-Value,0.23338767320412254,Low,885.815,206.73830173930983
14504,47,4,673.26,2011-03-06 14:38:00,2011-10-23 16:00:00,United Kingdom,4,3,3,433,10,Potential Loyalists,Recent Developing,0.5034606617691787,Medium,168.315,84.7399812856793
14505,17,19,11873.08,2009-12-09 14:48:00,2011-11-22 15:45:00,United Kingdom,5,5,5,555,15,Champions,Active High-Value,0.11470611778353403,Low,1464.8575,168.0281169310932
14506,17,7,2960.25,2010-04-19 08:27:00,2011-11-22 13:02:00,United Kingdom,5,4,5,545,14,Champions,Active High-Value,0.30434042330265076,Medium,425.9125,129.62239053989026
14507,23,11,3216.7400000000002,2009-12-10 17:04:00,2011-11-16 12:21:00,United Kingdom,4,5,5,455,14,Loyal Customers,Active High-Value,0.22299238585381403,Low,341.97,76.25670619042879
14508,22,5,822.92,2010-06-17 13:02:00,2011-11-17 19:48:00,United Kingdom,4,4,3,443,11,Loyal Customers,Recent Developing,0.592556481343088,Medium,67.0125,39.708691206003685
14509,534,1,110.95,2010-06-23 13:21:00,2010-06-23 13:21:00,United Kingdom,1,1,1,111,3,Hibernating,Dormant,,Inactive (>1 yr),,
14510,375,3,979.85,2010-09-29 13:35:00,2010-11-29 12:46:00,United Kingdom,2,3,3,233,8,At Risk,Lapsing Mid-Value,,Inactive (>1 yr),,
14511,11,5,1314.81,2011-07-29 12:13:00,2011-11-28 17:05:00,United Kingdom,5,4,4,544,13,Champions,Recent Developing,0.2841574930766872,Low,328.7025,93.40327836803976
14512,187,7,1215.97,2009-12-07 13:49:00,2011-06-05 12:39:00,United Kingdom,2,4,4,244,10,At Risk,Lapsing Mid-Value,0.6259588273699549,High,68.82,43.078486499600295
14513,100,6,788.01,2010-05-20 17:57:00,2011-08-31 11:25:00,United Kingdom,3,4,3,343,10,Loyal Customers,Lapsing Mid-Value,0.5863474717487043,Medium,113.89750000000001,66.78351116349805
14514,61,9,4380.04,2009-12-13 13:21:00,2011-10-09 16:05:00,United Kingdom,3,5,5,355,13,Loyal Customers,Lapsing Mid-Value,0.36876899595742074,Medium,247.55,91.28876494925952
14515,17,12,3724.06,2010-06-07 12:37:00,2011-11-22 11:37:00,United Kingdom,5,5,5,555,15,Champions,Active High-Value,0.21092758176978918,Low,519.2225,109.51834632546435
14516,516,1,151.17,2010-07-11 14:07:00,2010-07-11 14:07:00,United Kingdom,1,1,1,111,3,Hibernating,Dormant,,Inactive (>1 yr),,
14517,33,2,330.45,2011-07-21 11:42:00,2011-11-06 14:20:00,United Kingdom,4,2,2,422,8,Potential Loyalists,Recent Developing,0.6842555430347539,High,82.6125,56.528061048958605
14518,64,1,174.37,2011-10-06 14:43:00,2011-10-06 14:43:00,United Kingdom,3,1,1,311,5,About to Sleep,Dormant,0.7496763787734435,High,43.5925,32.68026754168134
14519,683,2,203.14,2009-12-11 10:40:00,2010-01-25 11:18:00,United Kingdom,1,2,1,121,4,Hibernating,Dormant,,Inactive (>1 yr),,
14520,1,2,270.6,2011-02-22 09:15:00,2011-12-08 09:46:00,United Kingdom,5,2,1,521,8,Potential Loyalists,Recent Developing,0.9109599196760926,High,67.65,61.62643856608767
14521,491,1,199.45000000000002,2010-08-05 16:35:00,2010-08-05 16:35:00,United Kingdom,1,1,1,111,3,Hibernating,Dormant,,Inactive (>1 yr),,
14522,24,8,1748.42,2010-01-24 13:55:00,2011-11-15 13:24:00,United Kingdom,4,4,4,444,12,Loyal Customers,Active High-Value,0.3442397694677907,Medium,243.635,83.86885623428519
14523,108,1,241.09,2011-08-23 13:13:00,2011-08-23 13:13:00,United Kingdom,3,1,1,311,5,About to Sleep,Dormant,0.7961098497354221,High,60.2725,47.98353091817823
14524,31,13,2909.86,2010-10-19 11:44:00,2011-11-08 12:29:00,United Kingdom,4,5,5,455,14,Loyal Customers,Active High-Value,0.18251394523858935,Low,460.9575,84.13117191231704
14525,19,17,8018.59,2009-12-13 14:01:00,2011-11-20 11:37:00,United Kingdom,5,5,5,555,15,Champions,Active High-Value,0.10232819732662053,Low,1053.975,107.85136177732487
14526,389,1,258.65,2010-11-15 13:32:00,2010-11-15 13:32:00,United Kingdom,2,1,1,211,4,Hibernating,Dormant,,Inactive (>1 yr),,
14527,2,121,27191.1,2009-12-02 12:06:00,2011-12-07 12:19:00,United Kingdom,5,5,5,555,15,Champions,Active High-Value,0.014993725517946773,Low,1997.2,29.945468604443295
14528,37,1,364.21999999999997,2011-11-02 17:09:00,2011-11-02 17:09:00,United Kingdom,4,1,2,412,7,Promising,Recent Developing,0.6875113450650225,High,91.05499999999999,62.60134552489562
14529,60,3,578.61,2011-08-21 14:10:00,2011-10-10 15:27:00,United Kingdom,3,3,2,332,8,Need Attention,Recent Developing,0.43037104163418977,Medium,144.6525,62.254247099989634
14530,25,16,6088.87,2010-01-21 11:25:00,2011-11-14 10:38:00,United Kingdom,4,5,5,455,14,Loyal Customers,Active High-Value,0.16404687335440085,Low,715.5275,117.38004917409106
14531,479,1,376.34,2010-08-17 10:16:00,2010-08-17 10:16:00,United Kingdom,1,1,2,112,4,Hibernating,Dormant,,Inactive (>1 yr),,
14532,236,11,3845.78,2010-01-10 11:47:00,2011-04-17 13:05:00,United Kingdom,2,5,5,255,12,Can't Lose Them,Lapsing Mid-Value,0.5050364640528965,Medium,233.2125,117.78081637293613
14533,24,11,3382.37,2010-04-08 12:13:00,2011-11-15 12:05:00,United Kingdom,4,5,5,455,14,Loyal Customers,Active High-Value,0.1692477313223866,Low,466.43,78.94221932070079
14534,2,26,6183.06,2010-03-15 14:16:00,2011-12-07 12:19:00,United Kingdom,5,5,5,555,15,Champions,Active High-Value,0.06252592710044469,Low,1098.9125,68.71052286476741
14535,60,9,5961.89,2010-02-24 15:03:00,2011-10-10 15:39:00,United Kingdom,3,5,5,355,13,Loyal Customers,Active High-Value,0.2801285090291968,Low,713.71,199.93051817922805
14536,259,1,170.95,2011-03-25 12:21:00,2011-03-25 12:21:00,United Kingdom,2,1,1,211,4,Hibernating,Dormant,0.843865959177558,High,42.7375,36.064721430350886
14537,57,2,641.4,2010-03-26 13:44:00,2011-10-13 10:54:00,United Kingdom,4,2,3,423,9,Potential Loyalists,Recent Developing,0.8581489107014059,High,88.89,76.28085667224796
14538,64,5,1370.8400000000001,2010-01-25 15:42:00,2011-10-06 10:31:00,United Kingdom,3,4,4,344,11,Loyal Customers,Lapsing Mid-Value,0.6439226529227822,High,97.0625,62.500742499317546
14539,15,2,537.48,2011-10-26 12:03:00,2011-11-24 09:50:00,United Kingdom,5,2,2,522,9,Potential Loyalists,Recent Developing,0.49817024892222217,Medium,134.37,66.939136347679
14540,9,11,3709.64,2009-12-07 13:00:00,2011-11-30 10:15:00,United Kingdom,5,5,5,555,15,Champions,Active High-Value,0.3105258546585421,Medium,238.165,73.95639017475168
14541,58,14,2491.38,2010-01-07 11:59:00,2011-10-12 10:08:00,United Kingdom,4,5,4,454,13,Loyal Customers,Active High-Value,0.22090208143358842,Low,363.3375,80.26201001287643
14542,185,1,103.25,2011-06-07 08:19:00,2011-06-07 08:19:00,United Kingdom,3,1,1,311,5,About to Sleep,Dormant,0.8551757388738574,High,25.8125,22.074223759681445
14543,28,39,14548.22,2009-12-01 13:47:00,2011-11-11 12:45:00,United Kingdom,4,5,5,455,14,Loyal Customers,Active High-Value,0.09395527388993506,Low,890.02,83.62207286752
14544,24,3,2938.53,2010-08-26 16:00:00,2011-11-15 15:06:00,United Kingdom,4,3,5,435,12,Potential Loyalists,Recent Developing,0.6269268455484528,High,501.075,314.137369133191
14545,674,1,349.25,2010-02-03 15:23:00,2010-02-03 15:23:00,United Kingdom,1,1,2,112,4,Hibernating,Dormant,,Inactive (>1 yr),,
14546,5,11,5184.84,2009-12-06 13:10:00,2011-12-04 13:00:00,United Kingdom,5,5,5,555,15,Champions,Active High-Value,0.1991709400738575,Low,643.4825,128.163014446076
14547,3,8,3974.75,2011-10-16 14:35:00,2011-12-06 11:06:00,United Kingdom,5,4,5,545,14,Champions,Active High-Value,0.13586201089192643,Low,993.6875,135.00438194817113
14548,150,9,2541.29,2009-12-06 14:00:00,2011-07-12 12:19:00,United Kingdom,3,5,4,354,12,Loyal Customers,Lapsing Mid-Value,0.6144343458802078,High,163.2,100.27568524764992
14549,311,4,913.6,2009-12-02 14:06:00,2011-02-01 13:47:00,United Kingdom,2,3,3,233,8,At Risk,Lapsing Mid-Value,0.7319284179014773,High,72.31,52.92574389845583
14550,10,4,1345.06,2010-08-13 12:05:00,2011-11-29 12:12:00,United Kingdom,5,3,4,534,12,Potential Loyalists,Recent Developing,0.592658429749162,Medium,189.3425,112.21542873478072
14551,18,7,878.09,2010-01-27 12:06:00,2011-11-21 13:36:00,United Kingdom,5,4,3,543,12,Champions,Recent Developing,0.6337605376629537,High,46.5575,29.506306232242967
14552,151,3,507.93,2010-04-26 13:44:00,2011-07-11 12:49:00,United Kingdom,3,3,2,332,8,Need Attention,Dormant,0.7672683058544217,High,41.055,31.500200296853283
14553,19,9,1818.6,2010-07-18 12:07:00,2011-11-20 13:20:00,United Kingdom,5,5,4,554,14,Champions,Active High-Value,0.2948035544646183,Low,214.8175,63.32896256120314
14554,10,4,2279.4900000000002,2011-10-18 13:04:00,2011-11-29 16:44:00,United Kingdom,5,3,4,534,12,Potential Loyalists,Recent Developing,0.3027301301183716,Medium,569.8725000000001,172.51757607588172
14555,57,6,2304.03,2009-12-18 11:39:00,2011-10-13 16:24:00,United Kingdom,4,4,4,444,12,Loyal Customers,Lapsing Mid-Value,0.5709683207050994,Medium,78.135,44.612609738292946
14556,596,3,815.69,2010-01-20 11:49:00,2010-04-22 14:57:00,United Kingdom,1,3,3,133,7,At Risk,Lapsing Mid-Value,,Inactive (>1 yr),,
14557,85,1,788.38,2011-09-15 15:48:00,2011-09-15 15:48:00,United Kingdom,3,1,3,313,7,About to Sleep,Recent Developing,0.7740211545767005,High,197.095,152.55569946129478
14558,654,3,655.5,2009-12-08 10:41:00,2010-02-23 12:51:00,United Kingdom,1,3,3,133,7,At Risk,Dormant,,Inactive (>1 yr),,
14559,390,1,75.6,2010-11-14 16:05:00,2010-11-14 16:05:00,United Kingdom,2,1,1,211,4,Hibernating,Dormant,,Inactive (>1 yr),,
14560,7,44,6114.03,2009-12-02 10:15:00,2011-12-02 15:22:00,United Kingdom,5,5,5,555,15,Champions,Active High-Value,0.04784838935900597,Low,559.4425,26.768422563975697
14561,75,3,1080.76,2011-06-08 13:26:00,2011-09-25 12:39:00,United Kingdom,3,3,3,333,9,Need Attention,Lapsing Mid-Value,0.5749716160490856,Medium,270.19,155.35158094030245
14562,3,26,6638.150000000001,2010-02-07 14:10:00,2011-12-06 11:05:00,United Kingdom,5,5,5,555,15,Champions,Active High-Value,0.04269470159059703,Low,1251.6925,53.440637770688376
14563,509,2,625.42,2010-04-26 12:51:00,2010-07-18 12:01:00,United Kingdom,1,2,3,123,6,Hibernating,Dormant,,Inactive (>1 yr),,
14564,434,2,2605.62,2009-12-04 09:27:00,2010-10-01 09:02:00,Channel Islands,1,2,4,124,7,Hibernating,Lapsing Mid-Value,,Inactive (>1 yr),,
14565,95,5,3709.2200000000003,2010-08-23 09:48:00,2011-09-05 09:07:00,United Kingdom,3,4,5,345,12,Loyal Customers,Lapsing Mid-Value,0.39933065090407777,Medium,737.28,294.41850229855845
14566,110,4,4092.0,2010-06-24 10:34:00,2011-08-21 11:05:00,Channel Islands,3,3,5,335,11,Need Attention,Lapsing Mid-Value,0.6187686228222832,High,358.0,221.51916697037737
14567,56,2,1530.3600000000001,2011-08-01 13:48:00,2011-10-14 10:21:00,United Kingdom,4,2,4,424,10,Potential Loyalists,Recent Developing,0.5737819832688096,Medium,382.59000000000003,219.52324897881388
14568,435,1,919.7,2010-09-30 17:15:00,2010-09-30 17:15:00,Channel Islands,1,1,3,113,5,Hibernating,Dormant,,Inactive (>1 yr),,
14569,1,4,597.3299999999999,2010-04-15 11:49:00,2011-12-08 14:58:00,United Kingdom,5,3,2,532,10,Potential Loyalists,Recent Developing,0.8478239705475383,High,56.8475,48.196673165701185
14570,280,3,512.4,2010-09-22 13:07:00,2011-03-04 10:58:00,United Kingdom,2,3,2,232,7,At Risk,Dormant,0.794979808298631,High,54.3025,43.16939104013641
14571,425,1,160.0,2010-10-10 15:06:00,2010-10-10 15:06:00,United Kingdom,1,1,1,111,3,Hibernating,Dormant,,Inactive (>1 yr),,
14572,3,11,5520.9800000000005,2010-03-28 13:47:00,2011-12-06 14:40:00,United Kingdom,5,5,5,555,15,Champions,Active High-Value,0.23699393655553314,Low,701.135,166.16474370686373
14573,179,13,2163.12,2010-01-08 16:34:00,2011-06-13 11:15:00,United Kingdom,3,5,4,354,12,Loyal Customers,Lapsing Mid-Value,0.4850246105445979,Medium,309.455,150.09329085607854
14574,732,1,143.70000000000002,2009-12-07 12:42:00,2009-12-07 12:42:00,United Kingdom,1,1,1,111,3,Hibernating,Dormant,,Inactive (>1 yr),,
14575,488,1,420.22,2010-08-08 14:51:00,2010-08-08 14:51:00,United Kingdom,1,1,2,112,4,Hibernating,Dormant,,Inactive (>1 yr),,
14576,372,1,35.400000000000006,2010-12-02 17:51:00,2010-12-02 17:51:00,United Kingdom,2,1,1,211,4,Hibernating,Dormant,,Inactive (>1 yr),,
14577,12,7,1364.15,2009-12-11 12:09:00,2011-11-27 12:47:00,United Kingdom,5,4,4,544,13,Champions,Recent Developing,0.4208938768109872,Medium,214.9275,90.46166870829346
14578,3,1,168.63,2011-12-06 17:18:00,2011-12-06 17:18:00,United Kingdom,5,1,1,511,7,New Customers,Recent Developing,0.5429943811218951,Medium,42.1575,22.89128562214629
14579,432,1,105.56,2010-10-03 14:36:00,2010-10-03 14:36:00,United Kingdom,1,1,1,111,3,Hibernating,Dormant,,Inactive (>1 yr),,
14580,518,1,14.850000000000001,2010-07-09 15:20:00,2010-07-09 15:20:00,United Kingdom,1,1,1,111,3,Hibernating,Dormant,,Inactive (>1 yr),,
14581,16,2,409.65,2010-06-13 15:48:00,2011-11-23 12:39:00,United Kingdom,5,2,2,522,9,Potential Loyalists,Recent Developing,0.9070480047630317,High,34.65,31.429213365039047
14582,40,1,114.11,2011-10-30 11:56:00,2011-10-30 11:56:00,United Kingdom,4,1,1,411,6,Promising,Dormant,0.7482104364305978,High,28.5275,21.34457322527388
14583,5,8,1660.29,2010-03-28 15:16:00,2011-12-04 12:32:00,United Kingdom,5,4,4,544,13,Champions,Active High-Value,0.3909650985221426,Medium,246.74,96.46672840935348
14584,169,8,1738.16,2010-02-17 14:01:00,2011-06-23 18:33:00,United Kingdom,3,4,4,344,11,Loyal Customers,Lapsing Mid-Value,0.5086479778266253,Medium,258.265,131.36596999339338
14585,50,5,1143.27,2010-10-19 12:17:00,2011-10-20 14:33:00,United Kingdom,4,4,3,443,11,Loyal Customers,Lapsing Mid-Value,0.7404257715842271,High,39.2625,29.070966856825716
14586,276,1,237.36,2011-03-08 10:04:00,2011-03-08 10:04:00,United Kingdom,2,1,1,211,4,Hibernating,Dormant,0.8570915276433756,High,59.34,50.85981125035791
14587,18,9,1580.29,2011-01-12 13:16:00,2011-11-21 11:34:00,United Kingdom,5,5,4,554,14,Champions,Active High-Value,0.2216292558011292,Low,395.0725,87.55962416249162
14588,578,1,135.39,2010-05-10 15:08:00,2010-05-10 15:08:00,United Kingdom,1,1,1,111,3,Hibernating,Dormant,,Inactive (>1 yr),,
14589,371,1,39.75,2010-12-03 11:42:00,2010-12-03 11:42:00,United Kingdom,2,1,1,211,4,Hibernating,Dormant,,Inactive (>1 yr),,
14590,424,20,2993.37,2009-12-07 14:10:00,2010-10-11 12:06:00,United Kingdom,1,5,5,155,11,Can't Lose Them,Lapsing Mid-Value,,Inactive (>1 yr),,
14591,15,4,1320.21,2011-05-10 14:09:00,2011-11-24 13:57:00,United Kingdom,5,3,4,534,12,Potential Loyalists,Recent Developing,0.46496197432124486,Medium,330.0525,153.46186202966268
14592,35,3,557.94,2011-10-06 18:08:00,2011-11-04 16:35:00,United Kingdom,4,3,2,432,9,Potential Loyalists,Recent Developing,0.4441997045882518,Medium,139.485,61.95919579449231
14593,21,12,3658.0299999999997,2009-12-09 12:57:00,2011-11-18 12:48:00,United Kingdom,4,5,5,455,14,Loyal Customers,Active High-Value,0.4316128278075276,Medium,154.2875,66.5924641703539
14594,7,2,363.33,2010-12-01 13:54:00,2011-12-02 13:28:00,United Kingdom,5,2,2,522,9,Potential Loyalists,Recent Developing,0.9135408953011737,High,27.0825,24.740971296994037
14595,19,8,2164.45,2010-01-20 13:59:00,2011-11-20 12:12:00,United Kingdom,5,4,4,544,13,Champions,Active High-Value,0.2437823819195833,Low,435.15,106.08190349230667
14596,626,1,222.22000000000003,2010-03-23 12:13:00,2010-03-23 12:13:00,United Kingdom,1,1,1,111,3,Hibernating,Dormant,,Inactive (>1 yr),,
14597,11,6,2184.63,2010-09-28 13:17:00,2011-11-28 13:13:00,United Kingdom,5,4,4,544,13,Champions,Recent Developing,0.5806159335853661,Medium,216.56,125.73818657724689
14598,44,2,384.04,2010-05-19 13:07:00,2011-10-26 13:19:00,United Kingdom,4,2,2,422,8,Potential Loyalists,Recent Developing,0.87560838168439,High,55.4925,48.589698120621016
14599,390,2,457.89,2010-07-18 15:54:00,2010-11-14 14:49:00,United Kingdom,2,2,2,222,6,Hibernating,Dormant,,Inactive (>1 yr),,
14600,305,2,865.1700000000001,2010-11-11 15:56:00,2011-02-07 09:48:00,United Kingdom,2,2,3,223,7,Hibernating,Dormant,0.762490002083201,High,98.33250000000001,74.97754812984637
14601,10,1,213.96,2011-11-29 09:48:00,2011-11-29 09:48:00,United Kingdom,5,1,1,511,7,New Customers,Recent Developing,0.6332613911594264,High,53.49,33.873151813117715
14602,656,1,205.35999999999999,2010-02-21 15:47:00,2010-02-21 15:47:00,United Kingdom,1,1,1,111,3,Hibernating,Dormant,,Inactive (>1 yr),,
14603,274,1,660.0,2011-03-10 10:27:00,2011-03-10 10:27:00,United Kingdom,2,1,3,213,6,Hibernating,Dormant,0.8260618761132086,High,165.0,136.30020955867943
14604,633,1,136.35999999999999,2010-03-16 13:00:00,2010-03-16 13:00:00,United Kingdom,1,1,1,111,3,Hibernating,Dormant,,Inactive (>1 yr),,
14605,374,4,920.71,2009-12-08 13:59:00,2010-11-30 14:07:00,United Kingdom,2,3,3,233,8,At Risk,Lapsing Mid-Value,,Inactive (>1 yr),,
14606,1,184,29648.75,2009-12-03 12:40:00,2011-12-08 19:28:00,United Kingdom,5,5,5,555,15,Champions,Active High-Value,0.008677653629500235,Low,2829.8175,24.556176099698284
14607,15,20,22575.13,2009-12-15 11:25:00,2011-11-24 10:35:00,United Kingdom,5,5,5,555,15,Champions,Active High-Value,0.08054645007951941,Low,3755.375,302.4821249673752
14608,4,10,3342.94,2009-12-06 12:34:00,2011-12-05 16:52:00,United Kingdom,5,5,5,555,15,Champions,Active High-Value,0.3253378357714167,Medium,446.2875,145.19420938183612
14609,72,8,1078.2,2010-02-09 09:48:00,2011-09-28 12:54:00,United Kingdom,3,4,3,343,10,Loyal Customers,Lapsing Mid-Value,0.4700311358476384,Medium,114.39,53.766861629611356
14610,395,2,24.35,2010-07-13 16:06:00,2010-11-09 10:58:00,United Kingdom,2,2,1,221,5,Hibernating,Dormant,,Inactive (>1 yr),,
14611,443,2,604.3299999999999,2010-04-20 10:19:00,2010-09-22 09:19:00,United Kingdom,1,2,3,123,6,Hibernating,Dormant,,Inactive (>1 yr),,
14612,415,1,877.7,2010-10-20 16:01:00,2010-10-20 16:01:00,United Kingdom,1,1,3,113,5,Hibernating,Dormant,,Inactive (>1 yr),,
14613,680,1,76.32000000000001,2010-01-28 13:02:00,2010-01-28 13:02:00,United Kingdom,1,1,1,111,3,Hibernating,Dormant,,Inactive (>1 yr),,
14614,386,1,295.13,2010-11-18 13:04:00,2010-11-18 13:04:00,United Kingdom,2,1,2,212,5,Hibernating,Dormant,,Inactive (>1 yr),,
14615,394,5,951.76,2010-06-09 13:59:00,2010-11-10 13:36:00,United Kingdom,2,4,3,243,9,At Risk,Lapsing Mid-Value,,Inactive (>1 yr),,
14616,242,5,527.78,2010-06-09 09:42:00,2011-04-11 09:54:00,United Kingdom,2,4,2,242,8,At Risk,Lapsing Mid-Value,0.6576588737090125,High,101.52000000000001,66.76552885893896
14617,402,2,190.47000000000003,2010-10-20 10:40:00,2010-11-02 11:41:00,United Kingdom,2,2,1,221,5,Hibernating,Dormant,,Inactive (>1 yr),,
14618,9,7,1342.32,2010-06-11 10:11:00,2011-11-30 13:45:00,United Kingdom,5,4,4,544,13,Champions,Recent Developing,0.5074396453055215,Medium,138.36,70.20934932447197
14619,245,2,1291.24,2010-06-16 14:41:00,2011-04-08 07:37:00,United Kingdom,2,2,4,224,8,Hibernating,Lapsing Mid-Value,0.8033484984605814,High,98.61,79.21819543319793
14620,205,2,412.78000000000003,2011-03-01 08:30:00,2011-05-18 11:58:00,United Kingdom,2,2,2,222,6,Hibernating,Dormant,0.704513173104823,High,103.19500000000001,72.70223689855221
14621,1,9,3000.57,2010-01-25 09:08:00,2011-12-08 16:22:00,United Kingdom,5,5,5,555,15,Champions,Active High-Value,0.38793709367151036,Medium,447.09000000000003,173.44279520959557
14622,184,1,320.58000000000004,2011-06-08 12:42:00,2011-06-08 12:42:00,United Kingdom,3,1,2,312,6,About to Sleep,Dormant,0.807101226761433,High,80.14500000000001,64.68512781879505
14623,32,10,2012.3,2010-04-16 17:12:00,2011-11-07 13:56:00,United Kingdom,4,5,4,454,13,Loyal Customers,Active High-Value,0.2522350751254882,Low,220.505,55.619095240545775
14624,57,6,814.07,2010-04-14 10:44:00,2011-10-13 13:44:00,United Kingdom,4,4,3,443,11,Loyal Customers,Lapsing Mid-Value,0.6067608798124182,High,56.4625,34.25923617640866
14625,196,11,4497.88,2009-12-16 13:23:00,2011-05-27 15:32:00,United Kingdom,2,5,5,255,12,Can't Lose Them,Lapsing Mid-Value,0.5843156357970709,Medium,224.9075,131.41696885802972
14626,23,11,5410.92,2009-12-10 14:57:00,2011-11-16 10:37:00,United Kingdom,4,5,5,455,14,Loyal Customers,Active High-Value,0.19893165489919235,Low,697.8175,138.81799009261715
14627,379,1,462.75,2010-11-25 16:32:00,2010-11-25 16:32:00,United Kingdom,2,1,2,212,5,Hibernating,Dormant,,Inactive (>1 yr),,
14628,91,5,1998.0,2010-01-25 14:40:00,2011-09-09 14:58:00,United Kingdom,3,4,4,344,11,Loyal Customers,Lapsing Mid-Value,0.5843721082431983,Medium,167.99,98.16867046377489
14629,4,2,955.26,2011-10-23 16:13:00,2011-12-05 16:55:00,United Kingdom,5,2,3,523,10,Potential Loyalists,Recent Developing,0.5496543830555101,Medium,238.815,131.26571148940164
14630,484,1,338.65,2010-08-12 16:38:00,2010-08-12 16:38:00,United Kingdom,1,1,2,112,4,Hibernating,Dormant,,Inactive (>1 yr),,
14631,50,6,2025.69,2010-08-09 14:45:00,2011-10-20 11:17:00,United Kingdom,4,4,4,444,12,Loyal Customers,Lapsing Mid-Value,0.42108635426434127,Medium,251.745,106.0063842542766
14632,262,1,114.56,2011-03-22 08:49:00,2011-03-22 08:49:00,United Kingdom,2,1,1,211,4,Hibernating,Dormant,0.8622613103394872,High,28.64,24.695163928122913
14633,266,1,344.90000000000003,2011-03-18 17:07:00,2011-03-18 17:07:00,United Kingdom,2,1,2,212,5,Hibernating,Dormant,0.8231262253988537,High,86.22500000000001,70.97405878501617
14634,437,4,2124.46,2010-06-16 09:48:00,2010-09-28 10:40:00,United Kingdom,1,3,4,134,8,At Risk,Lapsing Mid-Value,,Inactive (>1 yr),,
14635,453,1,215.22,2010-09-12 10:47:00,2010-09-12 10:47:00,United Kingdom,1,1,1,111,3,Hibernating,Dormant,,Inactive (>1 yr),,
14636,36,2,609.85,2011-03-16 09:52:00,2011-11-03 16:12:00,United Kingdom,4,2,3,423,9,Potential Loyalists,Recent Developing,0.7394775197939037,High,152.4625,112.74259136157805
14637,677,1,106.67999999999999,2010-01-31 15:52:00,2010-01-31 15:52:00,United Kingdom,1,1,1,111,3,Hibernating,Dormant,,Inactive (>1 yr),,
14638,50,1,443.6,2011-10-20 10:10:00,2011-10-20 10:10:00,United Kingdom,4,1,2,412,7,Promising,Recent Developing,0.7022904622342082,High,110.9,77.88401226177369
14639,52,9,4978.96,2010-02-16 12:35:00,2011-10-18 15:06:00,United Kingdom,4,5,5,455,14,Loyal Customers,Active High-Value,0.25267135691278675,Low,746.1225,188.52378449816072
14640,24,10,3649.36,2010-01-22 15:44:00,2011-11-15 13:07:00,United Kingdom,4,5,5,455,14,Loyal Customers,Active High-Value,0.20242068979994995,Low,526.845,106.64432831765464
14641,21,1,110.46,2011-11-18 10:42:00,2011-11-18 10:42:00,United Kingdom,4,1,1,411,6,Promising,Recent Developing,0.7075021662620619,High,27.615,19.537672321326838
14642,58,1,96.12,2011-10-12 11:08:00,2011-10-12 11:08:00,United Kingdom,4,1,1,411,6,Promising,Dormant,0.7860560374335924,High,24.03,18.888926579529226
14643,170,5,1679.89,2009-12-11 11:52:00,2011-06-22 14:41:00,United Kingdom,3,4,4,344,11,Loyal Customers,Lapsing Mid-Value,0.6006644236406982,High,173.45250000000001,104.1867459415382
14644,67,7,2247.72,2009-12-03 16:24:00,2011-10-03 08:30:00,United Kingdom,3,4,4,344,11,Loyal Customers,Lapsing Mid-Value,0.557923818566241,Medium,207.69,115.87519787802259
14645,156,3,876.89,2010-03-15 11:33:00,2011-07-06 09:15:00,United Kingdom,3,3,3,333,9,Need Attention,Lapsing Mid-Value,0.6871018515478744,High,149.2725,102.56541113518009
14646,1,145,526751.52,2009-12-02 16:52:00,2011-12-08 12:12:00,Netherlands,5,5,5,555,15,Champions,Active High-Value,0.003915914191230908,Low,69784.505,273.2701334575243
14647,201,2,506.04,2010-07-04 13:27:00,2011-05-22 13:40:00,United Kingdom,2,2,2,222,6,Hibernating,Dormant,0.817381906897819,High,59.010000000000005,48.2337063260403
14648,416,15,4463.39,2009-12-10 13:59:00,2010-10-19 13:12:00,United Kingdom,1,5,5,155,11,Can't Lose Them,Lapsing Mid-Value,,Inactive (>1 yr),,
14649,4,9,3651.19,2010-01-20 13:10:00,2011-12-05 12:30:00,United Kingdom,5,5,5,555,15,Champions,Active High-Value,0.3476232111326686,Medium,350.6475,121.8932099256424
14650,589,1,62.5,2010-04-29 20:27:00,2010-04-29 20:27:00,United Kingdom,1,1,1,111,3,Hibernating,Dormant,,Inactive (>1 yr),,
14651,67,9,2025.52,2010-03-18 11:39:00,2011-10-03 15:52:00,United Kingdom,3,5,4,354,12,Loyal Customers,Lapsing Mid-Value,0.4156638213030516,Medium,163.4375,67.93505579421749
14652,77,1,114.18,2011-09-23 14:21:00,2011-09-23 14:21:00,United Kingdom,3,1,1,311,5,About to Sleep,Dormant,0.7657357642718833,High,28.545,21.857927391140908
14653,1,11,3404.8,2009-12-02 11:51:00,2011-12-08 13:45:00,United Kingdom,5,5,5,555,15,Champions,Active High-Value,0.251705345329639,Low,479.175,120.61090884832977
14654,738,1,246.86,2009-12-01 12:57:00,2009-12-01 12:57:00,United Kingdom,1,1,1,111,3,Hibernating,Dormant,,Inactive (>1 yr),,
14655,8,7,3878.51,2010-04-22 14:29:00,2011-12-01 16:28:00,United Kingdom,5,4,5,545,14,Champions,Active High-Value,0.32247918692878624,Medium,483.0575,155.77598983985217
14656,169,5,790.0,2010-04-15 12:10:00,2011-06-23 13:51:00,United Kingdom,3,4,3,343,10,Loyal Customers,Lapsing Mid-Value,0.6266556491628638,High,72.7625,45.59703167221288
14657,17,6,1450.19,2010-09-30 19:57:00,2011-11-22 12:47:00,United Kingdom,5,4,4,544,13,Champions,Recent Developing,0.39050041856312323,Medium,212.055,82.8075662584031
14658,5,2,247.15,2011-08-14 15:42:00,2011-12-04 15:35:00,United Kingdom,5,2,1,521,8,Potential Loyalists,Recent Developing,0.775562381504101,High,61.7875,47.92006064718464
14659,8,9,2529.93,2011-01-28 12:43:00,2011-12-01 12:17:00,United Kingdom,5,5,4,554,14,Champions,Active High-Value,0.13507094118288118,Low,632.4825,85.43000655670164
14660,86,2,285.74,2011-08-31 10:40:00,2011-09-14 11:34:00,United Kingdom,3,2,2,322,7,About to Sleep,Dormant,0.6269288244678172,High,71.435,44.784660575858524
14661,26,1,107.95,2011-11-13 11:51:00,2011-11-13 11:51:00,United Kingdom,4,1,1,411,6,Promising,Recent Developing,0.7290131887700599,High,26.9875,19.674243431931995
14662,28,7,1376.43,2009-12-03 16:47:00,2011-11-11 12:13:00,United Kingdom,4,4,4,444,12,Loyal Customers,Lapsing Mid-Value,0.3898170098825074,Medium,185.3425,72.24965915414863
14663,430,2,490.6,2010-10-05 13:12:00,2010-10-05 13:21:00,United Kingdom,1,2,2,122,5,Hibernating,Dormant,,Inactive (>1 yr),,
14664,19,2,636.24,2011-11-06 14:56:00,2011-11-20 10:59:00,United Kingdom,5,2,3,523,10,Potential Loyalists,Recent Developing,0.5430489965589494,Medium,159.06,86.3773733926665
14665,60,7,2749.65,2010-04-26 11:17:00,2011-10-10 09:14:00,United Kingdom,3,4,4,344,11,Loyal Customers,Lapsing Mid-Value,0.37713283085959687,Medium,458.925,173.07568440224048
14666,24,1,179.95,2011-11-15 12:57:00,2011-11-15 12:57:00,United Kingdom,4,1,1,411,6,Promising,Recent Developing,0.689519960006326,High,44.9875,31.019779200784587
14667,10,54,20359.59,2009-12-02 12:38:00,2011-11-29 11:30:00,United Kingdom,5,5,5,555,15,Champions,Active High-Value,0.031796731095018425,Low,1993.27,63.379470189767375
14668,445,1,111.63,2010-09-20 15:03:00,2010-09-20 15:03:00,United Kingdom,1,1,1,111,3,Hibernating,Dormant,,Inactive (>1 yr),,
14669,241,7,3216.78,2009-12-02 13:06:00,2011-04-12 11:43:00,United Kingdom,2,4,5,245,11,At Risk,Lapsing Mid-Value,0.57746200291981,Medium,314.81,181.7908131391854
14670,280,3,583.33,2009-12-07 13:59:00,2011-03-04 14:13:00,United Kingdom,2,3,2,232,7,At Risk,Dormant,0.7580362165890099,High,98.215,74.45052701228961
14671,549,2,1127.45,2010-05-20 18:21:00,2010-06-08 13:39:00,United Kingdom,1,2,3,123,6,Hibernating,Dormant,,Inactive (>1 yr),,
14672,234,4,1113.14,2010-01-28 11:33:00,2011-04-19 10:19:00,United Kingdom,2,3,3,233,8,At Risk,Lapsing Mid-Value,0.6168272645526957,High,191.3875,118.05302809457903
14673,3,7,3037.32,2010-10-26 10:14:00,2011-12-06 14:31:00,United Kingdom,5,4,5,545,14,Champions,Active High-Value,0.38631890217985204,Medium,340.7275,131.62947374248554
14674,509,1,173.66,2010-07-18 14:25:00,2010-07-18 14:25:00,United Kingdom,1,1,1,111,3,Hibernating,Dormant,,Inactive (>1 yr),,
14675,16,2,1015.58,2010-11-16 12:22:00,2011-11-23 12:58:00,United Kingdom,5,2,3,523,10,Potential Loyalists,Recent Developing,0.8361370181630169,High,149.09,124.65966803792419
14676,31,12,8356.79,2010-03-10 09:30:00,2011-11-08 13:29:00,United Kingdom,4,5,5,455,14,Loyal Customers,Active High-Value,0.23681016039508576,Low,637.0600000000001,150.86228078129335
14677,592,1,184.91,2010-04-26 09:48:00,2010-04-26 09:48:00,United Kingdom,1,1,1,111,3,Hibernating,Dormant,,Inactive (>1 yr),,
14678,579,1,403.39,2010-05-09 14:32:00,2010-05-09 14:32:00,United Kingdom,1,1,2,112,4,Hibernating,Dormant,,Inactive (>1 yr),,
14679,381,3,1289.44,2009-12-08 17:13:00,2010-11-23 11:51:00,United Kingdom,2,3,4,234,9,At Risk,Lapsing Mid-Value,,Inactive (>1 yr),,
14680,25,58,55688.5,2009-12-04 12:36:00,2011-11-14 16:59:00,United Kingdom,4,5,5,455,14,Loyal Customers,Active High-Value,0.06822774170369926,Low,6768.3075,461.78633588121045
14681,71,6,875.1500000000001,2010-02-24 08:54:00,2011-09-29 15:52:00,United Kingdom,3,4,3,343,10,Loyal Customers,Lapsing Mid-Value,0.47533222525769725,Medium,124.7375,59.29175344808201
14682,187,6,1514.81,2010-02-05 14:47:00,2011-06-05 12:12:00,United Kingdom,2,4,4,244,10,At Risk,Lapsing Mid-Value,0.7762178758412422,High,13.0,10.09083238593615
14683,588,1,146.56,2010-04-30 17:18:00,2010-04-30 17:18:00,United Kingdom,1,1,1,111,3,Hibernating,Dormant,,Inactive (>1 yr),,
14684,25,6,1430.03,2010-11-14 14:07:00,2011-11-14 11:33:00,United Kingdom,4,4,4,444,12,Loyal Customers,Recent Developing,0.2512934483911125,Low,300.3775,75.48289779410139
14685,576,8,4536.64,2009-12-13 11:32:00,2010-05-12 13:08:00,United Kingdom,1,4,5,145,10,At Risk,Lapsing Mid-Value,,Inactive (>1 yr),,
14686,414,5,852.53,2010-02-18 18:29:00,2010-10-21 18:31:00,United Kingdom,1,4,3,143,8,At Risk,Lapsing Mid-Value,,Inactive (>1 yr),,
14687,106,3,1402.06,2010-06-06 10:36:00,2011-08-25 11:59:00,United Kingdom,3,3,4,334,10,Need Attention,Lapsing Mid-Value,0.7212717116774383,High,157.095,113.30817954596716
14688,7,28,7190.42,2010-09-09 12:35:00,2011-12-02 12:26:00,United Kingdom,5,5,5,555,15,Champions,Active High-Value,0.05220282615918761,Low,1283.53,67.00389346010206
14689,208,1,112.8,2011-05-15 11:22:00,2011-05-15 11:22:00,United Kingdom,2,1,1,211,4,Hibernating,Dormant,0.8493078311201767,High,28.2,23.950480837588984
14690,44,4,777.68,2010-10-25 12:20:00,2011-10-26 15:39:00,United Kingdom,4,3,3,433,10,Potential Loyalists,Recent Developing,0.5887028073756421,Medium,88.7625,52.25473293968043
14691,30,5,2114.33,2011-05-11 09:55:00,2011-11-09 12:30:00,United Kingdom,4,4,4,444,12,Loyal Customers,Lapsing Mid-Value,0.3453789497718948,Medium,528.5825,182.5612687178026
14692,137,12,1715.1399999999999,2010-04-01 14:04:00,2011-07-25 15:08:00,United Kingdom,3,5,4,354,12,Loyal Customers,Lapsing Mid-Value,0.4680732402790325,Medium,147.8875,69.22218132176542
14693,264,7,1165.36,2010-07-02 08:28:00,2011-03-20 12:50:00,United Kingdom,2,4,3,243,9,At Risk,Lapsing Mid-Value,0.806875758506817,High,43.225,34.87720466145717
14694,617,1,244.31,2010-04-01 19:46:00,2010-04-01 19:46:00,United Kingdom,1,1,1,111,3,Hibernating,Dormant,,Inactive (>1 yr),,
14695,519,3,1534.22,2009-12-07 11:05:00,2010-07-08 14:18:00,United Kingdom,1,3,4,134,8,At Risk,Lapsing Mid-Value,,Inactive (>1 yr),,
14696,4,8,2473.28,2010-10-14 11:43:00,2011-12-05 13:43:00,United Kingdom,5,4,4,544,13,Champions,Active High-Value,0.25707416113907977,Low,446.0825,114.67628448632355
14697,218,2,188.60999999999999,2011-05-05 15:29:00,2011-05-05 15:39:00,United Kingdom,2,2,1,221,5,Hibernating,Dormant,0.8482947094214573,High,47.152499999999996,39.99921628599527
14698,1,5,1217.27,2011-10-19 12:54:00,2011-12-08 12:26:00,United Kingdom,5,4,4,544,13,Champions,Recent Developing,0.23605161044599693,Low,304.3175,71.83463596189966
14699,214,4,702.6,2010-07-02 12:04:00,2011-05-09 14:54:00,United Kingdom,2,3,3,233,8,At Risk,Lapsing Mid-Value,0.7830498063413125,High,27.282500000000002,21.36355634150686
14700,32,5,3076.06,2010-08-11 12:19:00,2011-11-07 14:40:00,United Kingdom,4,4,5,445,13,Loyal Customers,Lapsing Mid-Value,0.41534274768410384,Medium,548.775,227.9297163603441
14701,10,15,4487.11,2010-01-24 12:15:00,2011-11-29 12:38:00,United Kingdom,5,5,5,555,15,Champions,Active High-Value,0.18047305163233252,Low,631.5225,113.97279274947972
14702,1,29,6356.9800000000005,2009-12-10 20:22:00,2011-12-08 19:29:00,United Kingdom,5,5,5,555,15,Champions,Active High-Value,0.05359200301219948,Low,735.335,39.4080755349757
14703,14,1,318.17,2011-11-25 09:23:00,2011-11-25 09:23:00,United Kingdom,5,1,2,512,8,New Customers,Recent Developing,0.6217035060477287,High,79.5425,49.45185112980146
14704,19,9,1720.58,2010-03-25 17:21:00,2011-11-20 12:20:00,United Kingdom,5,5,4,554,14,Champions,Active High-Value,0.18922670304188974,Low,365.40500000000003,69.14438342502173
14705,198,1,179.0,2011-05-25 12:39:00,2011-05-25 12:39:00,United Kingdom,2,1,1,211,4,Hibernating,Dormant,0.8538117107726718,High,44.75,38.20807405707706
14706,618,1,367.54,2010-03-31 11:09:00,2010-03-31 11:09:00,United Kingdom,1,1,2,112,4,Hibernating,Dormant,,Inactive (>1 yr),,
14707,435,2,139.2,2010-05-12 11:07:00,2010-09-30 11:37:00,United Kingdom,1,2,1,121,4,Hibernating,Dormant,,Inactive (>1 yr),,
14708,2,5,1793.22,2010-09-10 10:26:00,2011-12-07 08:21:00,United Kingdom,5,4,4,544,13,Champions,Recent Developing,0.6729037790078916,High,176.8275,118.98789298251793
14709,15,25,8886.33,2009-12-05 15:26:00,2011-11-24 15:41:00,United Kingdom,5,5,5,555,15,Champions,Active High-Value,0.059320550439372004,Low,1230.26,72.9797003835418
14710,14,13,1899.79,2009-12-03 17:12:00,2011-11-25 14:53:00,United Kingdom,5,5,4,554,14,Champions,Active High-Value,0.2468607296185511,Low,149.87,36.99701754793225
14711,10,11,2839.62,2011-03-22 13:32:00,2011-11-29 14:58:00,United Kingdom,5,5,4,554,14,Champions,Active High-Value,0.15409466174084205,Low,709.905,109.39257084313248
14712,29,4,1328.0700000000002,2010-10-17 14:49:00,2011-11-10 12:59:00,United Kingdom,4,3,4,434,11,Potential Loyalists,Recent Developing,0.4969194324200405,Medium,229.2675,113.92747597236163
14713,9,21,5115.36,2009-12-03 19:22:00,2011-11-30 16:26:00,United Kingdom,5,5,5,555,15,Champions,Active High-Value,0.10681856361360982,Low,590.8125,63.10974261496585
14714,24,4,906.24,2010-01-21 11:51:00,2011-11-15 13:07:00,United Kingdom,4,3,3,433,10,Potential Loyalists,Recent Developing,0.765695652439542,High,40.0475,30.664196641072557
14715,24,8,1809.55,2010-01-19 12:18:00,2011-11-15 12:10:00,United Kingdom,4,4,4,444,12,Loyal Customers,Active High-Value,0.3586670055422381,Medium,216.845,77.77514681680663
14716,43,3,543.28,2010-09-21 12:07:00,2011-10-27 17:29:00,United Kingdom,4,3,2,432,9,Potential Loyalists,Recent Developing,0.6778919364250174,High,76.8775,52.11463734251428
14717,733,1,81.3,2009-12-06 13:05:00,2009-12-06 13:05:00,United Kingdom,1,1,1,111,3,Hibernating,Dormant,,Inactive (>1 yr),,
14718,410,1,226.42,2010-10-25 13:07:00,2010-10-25 13:07:00,United Kingdom,1,1,1,111,3,Hibernating,Dormant,,Inactive (>1 yr),,
14719,1,5,1581.84,2011-04-04 14:17:00,2011-12-08 12:43:00,United Kingdom,5,4,4,544,13,Champions,Recent Developing,0.36472429379857424,Medium,395.46,144.23386922558416
14720,5,3,663.81,2011-08-05 12:06:00,2011-12-04 12:02:00,United Kingdom,5,3,3,533,11,Potential Loyalists,Recent Developing,0.5185114186227168,Medium,165.9525,86.0482661989864
14721,379,1,109.07,2010-11-25 13:08:00,2010-11-25 13:08:00,United Kingdom,2,1,1,211,4,Hibernating,Dormant,,Inactive (>1 yr),,
14722,147,3,489.52,2010-08-10 13:28:00,2011-07-15 14:58:00,United Kingdom,3,3,2,332,8,Need Attention,Dormant,0.8105967847971771,High,45.105000000000004,36.56196797827668
14723,10,11,1801.3600000000001,2009-12-04 11:22:00,2011-11-29 15:23:00,United Kingdom,5,5,4,554,14,Champions,Active High-Value,0.2824596675047166,Low,218.7925,61.80005680252571
14724,590,1,341.9,2010-04-28 13:26:00,2010-04-28 13:26:00,United Kingdom,1,1,2,112,4,Hibernating,Dormant,,Inactive (>1 yr),,
14725,24,4,1246.86,2010-06-23 11:34:00,2011-11-15 12:42:00,United Kingdom,4,3,4,434,11,Potential Loyalists,Recent Developing,0.704665101144408,High,163.895,115.49108675206274
14726,654,1,116.5,2010-02-23 12:35:00,2010-02-23 12:35:00,United Kingdom,1,1,1,111,3,Hibernating,Dormant,,Inactive (>1 yr),,
14727,274,3,461.03,2010-06-11 13:23:00,2011-03-10 14:45:00,United Kingdom,2,3,2,232,7,At Risk,Dormant,0.8259293932025864,High,67.145,55.45702910658766
14728,413,1,190.58,2010-10-22 15:57:00,2010-10-22 15:57:00,United Kingdom,1,1,1,111,3,Hibernating,Dormant,,Inactive (>1 yr),,
14729,373,3,586.24,2010-03-24 13:30:00,2010-12-01 12:43:00,United Kingdom,2,3,2,232,7,At Risk,Dormant,,Inactive (>1 yr),,
14730,1,8,1897.57,2011-03-08 12:49:00,2011-12-08 14:39:00,United Kingdom,5,4,4,544,13,Champions,Active High-Value,0.24471531430119392,Low,474.3925,116.09110973962913
14731,47,3,380.02,2011-05-11 13:06:00,2011-10-23 15:54:00,United Kingdom,4,3,2,432,9,Potential Loyalists,Recent Developing,0.6329454057823537,High,95.005,60.13297827635251
14732,8,19,5517.07,2009-12-09 10:48:00,2011-12-01 14:34:00,United Kingdom,5,5,5,555,15,Champions,Active High-Value,0.11443863456009022,Low,675.6225000000001,77.31731637807457
14733,16,15,14335.15,2010-11-02 15:42:00,2011-11-23 15:39:00,United Kingdom,5,5,5,555,15,Champions,Active High-Value,0.14391852431648422,Low,1938.9725,279.0540608902442
14734,425,4,1056.42,2010-06-06 15:15:00,2010-10-10 12:04:00,United Kingdom,1,3,3,133,7,At Risk,Lapsing Mid-Value,,Inactive (>1 yr),,
14735,3,55,12225.16,2009-12-04 11:32:00,2011-12-06 12:09:00,United Kingdom,5,5,5,555,15,Champions,Active High-Value,0.02632719740905255,Low,1512.6725,39.82442752274504
14736,485,2,374.05,2010-08-11 15:13:00,2010-08-11 15:21:00,United Kingdom,1,2,2,122,5,Hibernating,Dormant,,Inactive (>1 yr),,
14737,3,4,3554.17,2010-11-04 11:29:00,2011-12-06 10:16:00,United Kingdom,5,3,5,535,13,Potential Loyalists,Recent Developing,0.6585308574146261,High,291.1375,191.7230275005507
14738,42,9,1821.9,2009-12-07 10:21:00,2011-10-28 08:56:00,United Kingdom,4,5,4,454,13,Loyal Customers,Lapsing Mid-Value,0.28994979615472666,Low,328.6125,95.28112738889511
14739,4,25,11573.62,2009-12-02 13:23:00,2011-12-05 16:54:00,United Kingdom,5,5,5,555,15,Champions,Active High-Value,0.12099705294351737,Low,797.1,96.4467509012777
14740,197,11,4161.06,2010-02-25 11:40:00,2011-05-26 18:17:00,United Kingdom,2,5,5,255,12,Can't Lose Them,Lapsing Mid-Value,0.49331248816819206,Medium,362.0525,178.60501962251436
14741,11,7,1713.09,2010-10-18 09:33:00,2011-11-28 08:48:00,United Kingdom,5,4,4,544,13,Champions,Recent Developing,0.3287933407516231,Medium,303.96,99.94002385486334
14742,435,1,579.85,2010-09-30 14:07:00,2010-09-30 14:07:00,United Kingdom,1,1,2,112,4,Hibernating,Dormant,,Inactive (>1 yr),,
14743,592,1,50.48,2010-04-26 10:26:00,2010-04-26 10:26:00,United Kingdom,1,1,1,111,3,Hibernating,Dormant,,Inactive (>1 yr),,
14744,16,14,3660.08,2010-05-18 14:06:00,2011-11-23 12:51:00,United Kingdom,5,5,5,555,15,Champions,Active High-Value,0.2898011741507022,Low,218.745,63.39255783959536
14745,112,12,2551.41,2010-03-12 10:33:00,2011-08-19 10:05:00,United Kingdom,3,5,4,354,12,Loyal Customers,Lapsing Mid-Value,0.47203509308771013,Medium,305.065,144.0013856728023
14746,406,4,593.5,2010-10-12 11:06:00,2010-10-29 14:44:00,United Kingdom,2,3,2,232,7,At Risk,Lapsing Mid-Value,,Inactive (>1 yr),,
14747,249,1,328.2,2011-04-04 14:09:00,2011-04-04 14:09:00,United Kingdom,2,1,2,212,5,Hibernating,Dormant,0.828890822520763,High,82.05,68.0104919878286
14748,29,10,2681.9,2010-03-04 17:08:00,2011-11-10 18:33:00,United Kingdom,4,5,4,454,13,Loyal Customers,Active High-Value,0.3805743074849207,Medium,236.3325,89.94207752368003
14749,479,1,310.15,2010-08-17 12:36:00,2010-08-17 12:36:00,United Kingdom,1,1,2,112,4,Hibernating,Dormant,,Inactive (>1 yr),,
14750,736,1,112.03,2009-12-03 17:57:00,2009-12-03 17:57:00,United Kingdom,1,1,1,111,3,Hibernating,Dormant,,Inactive (>1 yr),,
14751,684,2,126.45,2009-12-13 14:08:00,2010-01-24 13:37:00,United Kingdom,1,2,1,121,4,Hibernating,Dormant,,Inactive (>1 yr),,
14752,43,1,389.64,2011-10-27 11:55:00,2011-10-27 11:55:00,United Kingdom,4,1,2,412,7,Promising,Recent Developing,0.7136581923921819,High,97.41,69.51744452092244
14753,87,2,869.51,2010-09-05 11:04:00,2011-09-13 14:50:00,United Kingdom,3,2,3,323,8,About to Sleep,Recent Developing,0.7890275711080881,High,140.7875,111.08521916737995
14754,44,6,1547.93,2010-01-18 11:04:00,2011-10-26 12:01:00,United Kingdom,4,4,4,444,12,Loyal Customers,Lapsing Mid-Value,0.49552775275226124,Medium,159.5125,79.04287066089506
14755,9,25,9972.550000000001,2009-12-03 16:51:00,2011-11-30 11:24:00,United Kingdom,5,5,5,555,15,Champions,Active High-Value,0.06086557115030763,Low,1252.57,76.23838845574082
14756,15,3,2603.76,2010-10-11 11:50:00,2011-11-24 18:13:00,United Kingdom,5,3,4,534,12,Potential Loyalists,Recent Developing,0.7494110556189855,High,184.74,138.44619841505138
14757,75,1,420.5,2011-09-25 14:36:00,2011-09-25 14:36:00,United Kingdom,3,1,2,312,6,About to Sleep,Dormant,0.7278447016770291,High,105.125,76.51467426379769
14758,144,7,2864.97,2010-04-08 08:27:00,2011-07-18 08:21:00,United Kingdom,3,4,4,344,11,Loyal Customers,Lapsing Mid-Value,0.43343551303554695,Medium,371.015,160.81107686888345
14759,4,3,1625.97,2011-04-21 10:55:00,2011-12-05 12:03:00,United Kingdom,5,3,4,534,12,Potential Loyalists,Recent Developing,0.6160015773426455,High,406.4925,250.40002117795532
14760,297,1,89.2,2011-02-15 16:27:00,2011-02-15 16:27:00,United Kingdom,2,1,1,211,4,Hibernating,Dormant,0.8914202984719202,High,22.3,19.878672655923822
14761,58,3,447.92,2010-09-21 14:22:00,2011-10-12 12:10:00,United Kingdom,4,3,2,432,9,Potential Loyalists,Recent Developing,0.6982027128203329,High,63.975,44.6675185526808
14762,263,2,417.57,2010-03-23 15:36:00,2011-03-21 08:20:00,United Kingdom,2,2,2,222,6,Hibernating,Dormant,0.8083526178172031,High,75.13,60.73153217660647
14764,46,1,278.3,2011-10-24 11:54:00,2011-10-24 11:54:00,United Kingdom,4,1,1,411,6,Promising,Recent Developing,0.7353631545654981,High,69.575,51.16289147889453
14765,29,3,254.11,2011-06-16 19:49:00,2011-11-10 19:53:00,United Kingdom,4,3,1,431,8,Potential Loyalists,Recent Developing,0.5697622513147235,Medium,63.5275,36.1955714203961
14766,8,11,6375.7300000000005,2010-06-06 11:11:00,2011-12-01 16:05:00,United Kingdom,5,5,5,555,15,Champions,Active High-Value,0.19863642460673606,Low,573.2425,113.86684063262689
14767,474,1,382.81,2010-08-22 14:54:00,2010-08-22 14:54:00,United Kingdom,1,1,2,112,4,Hibernating,Dormant,,Inactive (>1 yr),,
14768,17,2,192.60000000000002,2011-08-04 13:25:00,2011-11-22 12:54:00,United Kingdom,5,2,1,521,8,Potential Loyalists,Recent Developing,0.768794693417294,High,48.150000000000006,37.01746448804271
14769,2,17,15512.46,2009-12-16 09:17:00,2011-12-07 10:24:00,United Kingdom,5,5,5,555,15,Champions,Active High-Value,0.11263974740637095,Low,2603.8325,293.2950350884994
14770,232,8,3637.64,2010-02-25 18:58:00,2011-04-21 14:21:00,United Kingdom,2,4,5,245,11,At Risk,Lapsing Mid-Value,0.5945947113125052,Medium,219.105,130.27867422212645
14771,621,2,594.62,2009-12-03 09:44:00,2010-03-28 12:52:00,United Kingdom,1,2,2,122,5,Hibernating,Dormant,,Inactive (>1 yr),,
14772,112,1,139.26,2011-08-19 15:04:00,2011-08-19 15:04:00,United Kingdom,3,1,1,311,5,About to Sleep,Dormant,0.8192892830757333,High,34.815,28.523556390281655
14773,592,1,140.55,2010-04-26 10:29:00,2010-04-26 10:29:00,United Kingdom,1,1,1,111,3,Hibernating,Dormant,,Inactive (>1 yr),,
14774,528,1,241.45,2010-06-29 12:26:00,2010-06-29 12:26:00,United Kingdom,1,1,1,111,3,Hibernating,Dormant,,Inactive (>1 yr),,
14775,58,3,1011.9,2010-12-02 16:38:00,2011-10-12 15:27:00,United Kingdom,4,3,3,433,10,Potential Loyalists,Recent Developing,0.626685777389086,High,151.33499999999998,94.83949212117733
14776,51,15,3708.3,2010-09-19 14:12:00,2011-10-19 15:34:00,United Kingdom,4,5,5,455,14,Loyal Customers,Active High-Value,0.17808369455992654,Low,634.575,113.00746047536539
14777,403,1,307.56,2010-11-01 12:50:00,2010-11-01 12:50:00,United Kingdom,2,1,2,212,5,Hibernating,Dormant,,Inactive (>1 yr),,
14778,127,2,730.86,2011-02-04 11:43:00,2011-08-04 15:23:00,United Kingdom,3,2,3,323,8,About to Sleep,Dormant,0.6966817978287316,High,182.715,127.2942146902767
14779,280,3,386.15,2011-01-20 12:04:00,2011-03-04 12:42:00,United Kingdom,2,3,2,232,7,At Risk,Dormant,0.7578946179742491,High,96.5375,73.16525168268906
14780,54,2,447.68,2011-09-21 15:15:00,2011-10-16 12:46:00,United Kingdom,4,2,2,422,8,Potential Loyalists,Recent Developing,0.5282293663043519,Medium,111.92,59.11943067678307
14782,319,1,200.10000000000002,2011-01-24 11:12:00,2011-01-24 11:12:00,United Kingdom,2,1,1,211,4,Hibernating,Dormant,0.8578672103367776,High,50.025000000000006,42.9148071970973
14783,659,1,307.3,2010-02-18 16:16:00,2010-02-18 16:16:00,United Kingdom,1,1,2,112,4,Hibernating,Dormant,,Inactive (>1 yr),,
14784,26,3,449.93,2010-11-15 09:49:00,2011-11-13 13:30:00,United Kingdom,4,3,2,432,9,Potential Loyalists,Recent Developing,0.7066701805937357,High,72.4975,51.231821417594354
14785,10,2,77.4,2011-11-24 13:40:00,2011-11-29 13:21:00,United Kingdom,5,2,1,521,8,Potential Loyalists,Recent Developing,0.647019508834949,High,19.35,12.519827495956264
14786,550,1,90.96,2010-06-07 13:42:00,2010-06-07 13:42:00,United Kingdom,1,1,1,111,3,Hibernating,Dormant,,Inactive (>1 yr),,
14787,471,1,110.65,2010-08-25 14:38:00,2010-08-25 14:38:00,United Kingdom,1,1,1,111,3,Hibernating,Dormant,,Inactive (>1 yr),,
14788,7,3,1156.32,2010-04-22 18:16:00,2011-12-02 17:06:00,United Kingdom,5,3,3,533,11,Potential Loyalists,Recent Developing,0.7516321372467081,High,169.85999999999999,127.67223483272582
14789,28,1,197.64,2011-11-11 08:59:00,2011-11-11 08:59:00,United Kingdom,4,1,1,411,6,Promising,Recent Developing,0.7074907932335327,High,49.41,34.95712009366885
14790,16,10,2526.62,2009-12-11 14:37:00,2011-11-23 09:28:00,United Kingdom,5,5,4,554,14,Champions,Active High-Value,0.3498127773387264,Medium,186.265,65.15787697099786
14791,606,1,303.63,2010-04-12 10:24:00,2010-04-12 10:24:00,United Kingdom,1,1,2,112,4,Hibernating,Dormant,,Inactive (>1 yr),,
14792,63,1,6.2,2011-10-07 09:19:00,2011-10-07 09:19:00,United Kingdom,3,1,1,311,5,About to Sleep,Dormant,0.8888536180612272,High,1.55,1.3777231079949022
14793,21,2,625.9,2010-06-22 16:54:00,2011-11-18 14:50:00,United Kingdom,4,2,3,423,9,Potential Loyalists,Recent Developing,0.8934352719577205,High,57.2475,51.14693573139961
14794,2,10,1953.9,2010-08-09 15:44:00,2011-12-07 10:11:00,United Kingdom,5,5,4,554,14,Champions,Active High-Value,0.26699872456337226,Low,329.9775,88.10357163461018
14795,166,1,131.45000000000002,2011-06-26 13:04:00,2011-06-26 13:04:00,United Kingdom,3,1,1,311,5,About to Sleep,Dormant,0.8425799464238206,High,32.862500000000004,27.689283489352807
14796,1,27,10167.77,2009-12-14 15:06:00,2011-12-08 15:31:00,United Kingdom,5,5,5,555,15,Champions,Active High-Value,0.062133190556341165,Low,1825.68,113.43532333490094
14797,507,1,300.31,2010-07-20 14:07:00,2010-07-20 14:07:00,United Kingdom,1,1,2,112,4,Hibernating,Dormant,,Inactive (>1 yr),,
14798,52,8,724.31,2010-03-01 08:38:00,2011-10-18 10:58:00,United Kingdom,4,4,3,443,11,Loyal Customers,Lapsing Mid-Value,0.5225040470706019,Medium,43.435,22.694963284511598
14799,51,2,338.15,2009-12-02 11:18:00,2011-10-19 16:16:00,United Kingdom,4,2,2,422,8,Potential Loyalists,Recent Developing,0.892640621800915,High,39.425,35.19235651450107
14800,47,17,7180.08,2010-09-30 14:38:00,2011-10-23 12:46:00,United Kingdom,4,5,5,455,14,Loyal Customers,Active High-Value,0.13075789713221309,Low,943.9875,123.433820419095
14801,61,1,189.34,2011-10-09 15:24:00,2011-10-09 15:24:00,United Kingdom,3,1,1,311,5,About to Sleep,Dormant,0.7259444177600105,High,47.335,34.3625790146701
14803,162,3,845.55,2011-02-20 13:21:00,2011-06-30 13:58:00,United Kingdom,3,3,3,333,9,Need Attention,Lapsing Mid-Value,0.5947117076470874,Medium,211.3875,125.71462110024868
14804,8,1,353.27,2011-12-01 11:20:00,2011-12-01 11:20:00,United Kingdom,5,1,2,512,8,New Customers,Recent Developing,0.5885214122398449,Medium,88.3175,51.9767398254925
14805,15,7,1082.55,2010-03-28 12:34:00,2011-11-24 16:20:00,United Kingdom,5,4,3,543,12,Champions,Recent Developing,0.3804035732419177,Medium,136.6,51.96312810484596
14806,75,2,303.43,2010-09-26 15:50:00,2011-09-25 15:32:00,United Kingdom,3,2,2,322,7,About to Sleep,Dormant,0.8304726193029984,High,48.347500000000004,40.15127496175172
14807,390,2,504.14,2010-02-28 11:33:00,2010-11-14 12:47:00,United Kingdom,2,2,2,222,6,Hibernating,Dormant,,Inactive (>1 yr),,
14808,39,8,2718.6,2011-06-20 12:53:00,2011-10-31 12:21:00,United Kingdom,4,4,4,444,12,Loyal Customers,Lapsing Mid-Value,0.315691690736887,Medium,679.65,214.55985760932526
14809,621,2,686.76,2010-03-28 15:42:00,2010-03-28 15:44:00,United Kingdom,1,2,3,123,6,Hibernating,Dormant,,Inactive (>1 yr),,
14810,40,13,2354.03,2010-10-06 13:12:00,2011-10-30 11:19:00,United Kingdom,4,5,4,454,13,Loyal Customers,Active High-Value,0.20073170914295882,Low,476.86,95.72092282191134
14811,387,1,170.5,2010-11-17 13:09:00,2010-11-17 13:09:00,United Kingdom,2,1,1,211,4,Hibernating,Dormant,,Inactive (>1 yr),,
14812,598,1,178.85,2010-04-20 12:13:00,2010-04-20 12:13:00,United Kingdom,1,1,1,111,3,Hibernating,Dormant,,Inactive (>1 yr),,
14813,369,4,888.91,2010-04-08 11:49:00,2010-12-05 11:57:00,United Kingdom,2,3,3,233,8,At Risk,Lapsing Mid-Value,,Inactive (>1 yr),,
14814,581,1,152.96,2010-05-07 14:10:00,2010-05-07 14:10:00,United Kingdom,1,1,1,111,3,Hibernating,Dormant,,Inactive (>1 yr),,
14815,36,2,778.5,2011-10-03 11:36:00,2011-11-03 11:36:00,United Kingdom,4,2,3,423,9,Potential Loyalists,Recent Developing,0.4871293137434408,Medium,194.625,94.80754268731717
14816,197,1,271.85,2011-05-26 13:16:00,2011-05-26 13:16:00,United Kingdom,2,1,1,211,4,Hibernating,Dormant,0.8324275572415364,High,67.9625,56.573857859027925
14817,200,7,3609.86,2010-03-22 12:10:00,2011-05-23 13:35:00,United Kingdom,2,4,5,245,11,At Risk,Lapsing Mid-Value,0.5480183626114679,Medium,252.585,138.42121812021762
14818,73,6,1153.56,2010-03-02 12:48:00,2011-09-27 11:01:00,United Kingdom,3,4,3,343,10,Loyal Customers,Lapsing Mid-Value,0.4514432067961763,Medium,164.45,74.23983535763118
14819,64,4,456.41,2009-12-21 15:54:00,2011-10-06 13:41:00,United Kingdom,3,3,2,332,8,Need Attention,Recent Developing,0.6446691809658118,High,68.0175,43.8487860163421
14820,21,9,1274.76,2010-01-31 12:49:00,2011-11-18 15:41:00,United Kingdom,4,5,4,454,13,Loyal Customers,Active High-Value,0.34812817166683124,Medium,126.8225,44.150485051216705
14821,366,7,1230.15,2010-02-01 13:33:00,2010-12-08 08:43:00,United Kingdom,2,4,4,244,10,At Risk,Lapsing Mid-Value,,Inactive (>1 yr),,
14822,485,1,157.70000000000002,2010-08-11 12:52:00,2010-08-11 12:52:00,United Kingdom,1,1,1,111,3,Hibernating,Dormant,,Inactive (>1 yr),,
14823,180,3,321.43,2011-05-29 12:48:00,2011-06-12 13:12:00,United Kingdom,3,3,2,332,8,Need Attention,Dormant,0.7633090258716985,High,80.3575,61.33760504648501
14824,10,10,4022.9100000000003,2010-03-12 13:07:00,2011-11-29 14:20:00,United Kingdom,5,5,5,555,15,Champions,Active High-Value,0.33161069490736783,Medium,281.9275,93.49017418849695
14825,3,24,4735.08,2010-04-06 14:14:00,2011-12-06 11:38:00,United Kingdom,5,5,5,555,15,Champions,Active High-Value,0.07975145389094859,Low,509.2275,40.61163348625303
14826,581,2,385.2,2010-01-13 13:08:00,2010-05-07 09:00:00,United Kingdom,1,2,2,122,5,Hibernating,Dormant,,Inactive (>1 yr),,
14828,196,13,9839.460000000001,2009-12-07 11:19:00,2011-05-27 10:16:00,United Kingdom,2,5,5,255,12,Can't Lose Them,Lapsing Mid-Value,0.47187042863947326,Medium,534.94,252.42236709639985
14829,29,7,1455.8700000000001,2010-09-29 13:14:00,2011-11-10 16:16:00,United Kingdom,4,4,4,444,12,Loyal Customers,Lapsing Mid-Value,0.5023411549761935,Medium,115.145,57.84207228973379
14830,53,1,188.03,2011-10-17 14:29:00,2011-10-17 14:29:00,United Kingdom,4,1,1,411,6,Promising,Dormant,0.723122076999982,High,47.0075,33.992161034576654
14831,680,3,1676.57,2009-12-02 09:21:00,2010-01-28 14:31:00,United Kingdom,1,3,4,134,8,At Risk,Lapsing Mid-Value,,Inactive (>1 yr),,
14833,498,1,94.8,2010-07-29 10:06:00,2010-07-29 10:06:00,United Kingdom,1,1,1,111,3,Hibernating,Dormant,,Inactive (>1 yr),,
14834,17,7,2206.16,2010-10-28 17:37:00,2011-11-22 10:30:00,United Kingdom,5,4,4,544,13,Champions,Active High-Value,0.23903232953010548,Low,430.075,102.80182912266011
14835,528,2,297.0,2010-04-01 19:34:00,2010-06-29 10:08:00,United Kingdom,1,2,2,122,5,Hibernating,Dormant,,Inactive (>1 yr),,
14836,10,3,102.44999999999999,2011-11-09 13:26:00,2011-11-29 16:45:00,United Kingdom,5,3,1,531,9,Potential Loyalists,Recent Developing,0.6115060249507354,High,25.612499999999997,15.662198064050708
14837,89,9,3460.32,2010-01-24 10:20:00,2011-09-11 10:58:00,United Kingdom,3,5,5,355,13,Loyal Customers,Lapsing Mid-Value,0.3414278125094357,Medium,412.375,140.79629418357854
14838,423,2,769.9200000000001,2009-12-03 09:52:00,2010-10-12 15:46:00,United Kingdom,1,2,3,123,6,Hibernating,Dormant,,Inactive (>1 yr),,
14839,418,3,915.28,2010-01-04 16:29:00,2010-10-17 13:01:00,United Kingdom,1,3,3,133,7,At Risk,Lapsing Mid-Value,,Inactive (>1 yr),,
14840,267,2,362.71,2010-06-18 15:42:00,2011-03-17 12:00:00,United Kingdom,2,2,2,222,6,Hibernating,Dormant,0.8774556748712884,High,15.7125,13.78702229141512
14841,53,14,7163.0,2009-12-02 16:49:00,2011-10-17 15:03:00,United Kingdom,4,5,5,455,14,Loyal Customers,Active High-Value,0.20748137254126586,Low,823.94,170.9522020916506
14842,43,4,2824.69,2011-02-04 15:32:00,2011-10-27 12:37:00,United Kingdom,4,3,4,434,11,Potential Loyalists,Lapsing Mid-Value,0.3997422490712622,Medium,706.1725,282.28698338227593
14843,436,1,211.79999999999998,2010-09-29 12:39:00,2010-09-29 12:39:00,United Kingdom,1,1,1,111,3,Hibernating,Dormant,,Inactive (>1 yr),,
14844,63,10,6702.43,2010-04-12 12:50:00,2011-10-07 10:41:00,United Kingdom,3,5,5,355,13,Loyal Customers,Active High-Value,0.30643858770861776,Medium,797.4525,244.3702178647065
14845,599,1,150.0,2010-04-19 10:19:00,2010-04-19 10:19:00,United Kingdom,1,1,1,111,3,Hibernating,Dormant,,Inactive (>1 yr),,
14846,427,1,437.4,2010-10-08 17:07:00,2010-10-08 17:07:00,United Kingdom,1,1,2,112,4,Hibernating,Dormant,,Inactive (>1 yr),,
14847,148,3,1348.95,2010-05-24 12:29:00,2011-07-14 10:52:00,United Kingdom,3,3,4,334,10,Need Attention,Lapsing Mid-Value,0.7629463841167623,High,77.35,59.01390281143156
14848,404,1,310.56,2010-10-31 12:22:00,2010-10-31 12:22:00,United Kingdom,2,1,2,212,5,Hibernating,Dormant,,Inactive (>1 yr),,
14849,21,43,15407.61,2010-01-10 11:40:00,2011-11-18 10:58:00,United Kingdom,4,5,5,455,14,Loyal Customers,Active High-Value,0.03909916010767072,Low,1893.675,74.04110201689335
14850,311,7,1770.96,2010-05-20 13:28:00,2011-02-01 11:21:00,United Kingdom,2,4,4,244,10,At Risk,Lapsing Mid-Value,0.8521063960145167,High,81.4375,69.3934146254322
14851,23,3,829.4100000000001,2010-03-19 11:52:00,2011-11-16 14:20:00,United Kingdom,4,3,3,433,10,Potential Loyalists,Recent Developing,0.7450845385923736,High,127.8375,95.24974470230256
14852,58,18,6132.43,2010-03-05 14:51:00,2011-10-12 13:20:00,United Kingdom,4,5,5,455,14,Loyal Customers,Active High-Value,0.2392327148260015,Low,709.1725,169.65726245494255
14853,24,5,1376.87,2010-04-13 09:26:00,2011-11-15 16:56:00,United Kingdom,4,4,4,444,12,Loyal Customers,Recent Developing,0.6036755610483571,High,118.95,71.80720798670208
14854,78,11,4303.06,2010-01-22 09:48:00,2011-09-22 17:00:00,United Kingdom,3,5,5,355,13,Loyal Customers,Lapsing Mid-Value,0.2603209707995524,Low,685.0075,178.3218174049744
14855,119,7,6520.3,2010-04-08 10:30:00,2011-08-12 14:02:00,United Kingdom,3,4,5,345,12,Loyal Customers,Lapsing Mid-Value,0.6358518565779784,High,161.4125,102.63443779989294
14856,36,3,1290.53,2011-10-14 09:35:00,2011-11-03 14:53:00,United Kingdom,4,3,4,434,11,Potential Loyalists,Recent Developing,0.43260749404158727,Medium,322.6325,139.5732373213724
14857,59,7,3651.85,2010-03-15 11:00:00,2011-10-11 09:23:00,United Kingdom,3,4,5,345,12,Loyal Customers,Lapsing Mid-Value,0.505204691042974,Medium,293.28,148.16643178908342
14858,505,1,180.75,2010-07-22 10:51:00,2010-07-22 10:51:00,United Kingdom,1,1,1,111,3,Hibernating,Dormant,,Inactive (>1 yr),,
14859,12,5,1705.64,2010-06-03 10:26:00,2011-11-27 11:18:00,United Kingdom,5,4,4,544,13,Champions,Recent Developing,0.458789994974544,Medium,338.435,155.2705919492098
14860,19,1,170.32,2011-11-20 14:17:00,2011-11-20 14:17:00,United Kingdom,5,1,1,511,7,New Customers,Recent Developing,0.6794994452753911,High,42.58,28.93308637982615
14861,52,10,1380.73,2009-12-08 12:12:00,2011-10-18 12:54:00,United Kingdom,4,5,4,454,13,Loyal Customers,Lapsing Mid-Value,0.604143927309588,High,31.4475,18.99881615406827
14862,25,2,841.1999999999999,2011-07-14 11:20:00,2011-11-14 10:01:00,United Kingdom,4,2,3,423,9,Potential Loyalists,Recent Developing,0.6647160046077146,High,210.29999999999998,139.78977576900238
14863,29,1,266.76,2011-11-10 15:04:00,2011-11-10 15:04:00,United Kingdom,4,1,1,411,6,Promising,Recent Developing,0.6902145970374818,High,66.69,46.030411476429656
14865,7,4,92.52000000000001,2009-12-01 16:05:00,2011-12-02 16:25:00,United Kingdom,5,3,1,531,9,Potential Loyalists,Recent Developing,0.8928361618742083,High,3.75,3.348135607028281
14866,10,17,20700.04,2010-09-21 15:14:00,2011-11-29 11:45:00,United Kingdom,5,5,5,555,15,Champions,Active High-Value,0.0938839009593752,Low,3562.43,334.45482529470695
14867,185,16,2952.06,2009-12-05 15:47:00,2011-06-07 11:39:00,United Kingdom,3,5,5,355,13,Loyal Customers,Lapsing Mid-Value,0.5538381164615969,Medium,177.57,98.34503434008575
14868,3,12,4184.01,2010-10-15 14:52:00,2011-12-06 14:49:00,United Kingdom,5,5,5,555,15,Champions,Active High-Value,0.1712761111663092,Low,738.3975,126.4698522949248
14869,8,6,2778.14,2009-12-16 11:43:00,2011-12-01 12:36:00,United Kingdom,5,4,4,544,13,Champions,Active High-Value,0.5783659107947491,Medium,180.3625,104.31552158571793
14870,261,6,1838.95,2010-01-25 09:05:00,2011-03-23 10:51:00,United Kingdom,2,4,4,244,10,At Risk,Lapsing Mid-Value,0.7476102567673856,High,81.8125,61.16386413178173
14871,3,9,1228.17,2009-12-01 11:57:00,2011-12-06 13:42:00,United Kingdom,5,5,4,554,14,Champions,Active High-Value,0.47857043531293064,Medium,125.32000000000001,59.974446953416475
14872,483,3,816.6,2010-03-16 14:41:00,2010-08-13 12:34:00,United Kingdom,1,3,3,133,7,At Risk,Lapsing Mid-Value,,Inactive (>1 yr),,
14873,210,2,854.13,2010-03-16 10:51:00,2011-05-13 13:52:00,United Kingdom,2,2,3,223,7,Hibernating,Dormant,0.798622147871887,High,129.92,103.75698945151555
14874,535,1,116.18,2010-06-22 14:58:00,2010-06-22 14:58:00,United Kingdom,1,1,1,111,3,Hibernating,Dormant,,Inactive (>1 yr),,
14875,107,3,2862.4,2010-09-24 10:28:00,2011-08-24 12:20:00,United Kingdom,3,3,4,334,10,Need Attention,Lapsing Mid-Value,0.6130754652107764,High,366.33000000000004,224.58793517066374
14876,521,2,256.7,2010-05-27 13:49:00,2010-07-06 14:57:00,United Kingdom,1,2,1,121,4,Hibernating,Dormant,,Inactive (>1 yr),,
14877,418,2,425.85,2010-03-07 12:25:00,2010-10-17 13:09:00,United Kingdom,1,2,2,122,5,Hibernating,Dormant,,Inactive (>1 yr),,
14878,12,25,4076.5,2010-02-21 11:14:00,2011-11-27 11:15:00,United Kingdom,5,5,5,555,15,Champions,Active High-Value,0.1067125636884062,Low,369.0225,39.37933703370488
14879,684,1,185.06,2010-01-24 11:35:00,2010-01-24 11:35:00,United Kingdom,1,1,1,111,3,Hibernating,Dormant,,Inactive (>1 yr),,
14880,77,3,690.59,2011-02-24 12:27:00,2011-09-23 13:42:00,United Kingdom,3,3,3,333,9,Need Attention,Recent Developing,0.5525924444973563,Medium,172.6475,95.40370406135733
14881,19,1,255.4,2011-11-20 11:06:00,2011-11-20 11:06:00,United Kingdom,5,1,1,511,7,New Customers,Recent Developing,0.6561879053039096,High,63.85,41.89759775365463
14882,26,14,3546.65,2010-03-30 15:02:00,2011-11-13 12:47:00,United Kingdom,4,5,5,455,14,Loyal Customers,Active High-Value,0.491419192019819,Medium,147.425,72.44747438352182
14883,18,6,761.59,2011-05-12 09:49:00,2011-11-21 10:23:00,United Kingdom,5,4,3,543,12,Champions,Recent Developing,0.2515393045042322,Low,190.3975,47.89245472934455
14884,669,1,120.6,2010-02-08 12:56:00,2010-02-08 12:56:00,United Kingdom,1,1,1,111,3,Hibernating,Dormant,,Inactive (>1 yr),,
14885,131,3,1598.12,2010-08-31 10:11:00,2011-07-31 12:05:00,United Kingdom,3,3,4,334,10,Need Attention,Lapsing Mid-Value,0.705529291427423,High,191.32999999999998,134.98891932880883
14886,252,1,364.8,2011-04-01 08:56:00,2011-04-01 08:56:00,United Kingdom,2,1,2,212,5,Hibernating,Dormant,0.8199429159207245,High,91.2,74.77879393197009
14887,79,1,1862.0,2011-09-21 15:32:00,2011-09-21 15:32:00,United Kingdom,3,1,4,314,8,About to Sleep,Recent Developing,0.6953363854977961,High,465.5,323.6790874492241
14888,207,1,369.2,2011-05-16 14:58:00,2011-05-16 14:58:00,United Kingdom,2,1,2,212,5,Hibernating,Dormant,0.8088275777000645,High,92.3,74.65478542171596
14889,336,1,135.9,2011-01-07 15:19:00,2011-01-07 15:19:00,United Kingdom,2,1,1,211,4,Hibernating,Dormant,0.8655655238067226,High,33.975,29.4075886713334
14890,253,3,817.25,2010-02-18 09:00:00,2011-03-31 11:57:00,United Kingdom,2,3,3,233,8,At Risk,Lapsing Mid-Value,0.8143328165423772,High,31.4125,25.580229599637427
14891,148,4,1106.73,2010-09-29 12:41:00,2011-07-14 18:08:00,United Kingdom,3,3,3,333,9,Need Attention,Lapsing Mid-Value,0.6211584725355364,High,138.595,86.08945850106267
14892,690,1,202.35000000000002,2010-01-18 08:58:00,2010-01-18 08:58:00,United Kingdom,1,1,1,111,3,Hibernating,Dormant,,Inactive (>1 yr),,
14893,9,3,1809.6100000000001,2010-04-01 09:03:00,2011-11-30 12:31:00,United Kingdom,5,3,4,534,12,Potential Loyalists,Recent Developing,0.7718015763058329,High,309.46250000000003,238.84364530754385
14894,85,3,1492.81,2009-12-02 10:42:00,2011-09-15 13:51:00,United Kingdom,3,3,4,334,10,Need Attention,Lapsing Mid-Value,0.7381201853034085,High,163.9375,121.00557787817753
14895,7,38,25119.54,2009-12-10 14:22:00,2011-12-02 09:23:00,United Kingdom,5,5,5,555,15,Champions,Active High-Value,0.03513871414058225,Low,2784.6775000000002,97.84998664621124
14896,204,8,1826.0,2009-12-06 12:42:00,2011-05-19 10:20:00,United Kingdom,2,4,4,244,10,At Risk,Lapsing Mid-Value,0.7332185449255122,High,52.8875,38.778095794748026
14897,7,8,3140.54,2009-12-15 17:05:00,2011-12-02 10:32:00,United Kingdom,5,4,5,545,14,Champions,Active High-Value,0.3284659384727001,Medium,341.595,112.20232225258201
14898,23,14,3365.95,2009-12-03 16:40:00,2011-11-16 14:54:00,United Kingdom,4,5,5,455,14,Loyal Customers,Active High-Value,0.24149815593788293,Low,292.7025,70.68711398840817
14899,395,1,1331.38,2010-11-09 15:20:00,2010-11-09 15:20:00,United Kingdom,2,1,4,214,7,Hibernating,Dormant,,Inactive (>1 yr),,
14900,522,1,13.919999999999998,2010-07-05 15:09:00,2010-07-05 15:09:00,United Kingdom,1,1,1,111,3,Hibernating,Dormant,,Inactive (>1 yr),,
14901,11,12,1919.0,2010-07-29 11:11:00,2011-11-28 17:09:00,United Kingdom,5,5,4,554,14,Champions,Active High-Value,0.22044500718576657,Low,264.7225,58.356753414734094
14902,25,3,1035.6200000000001,2010-06-04 12:35:00,2011-11-14 10:34:00,United Kingdom,4,3,3,433,10,Potential Loyalists,Recent Developing,0.7848095813948515,High,83.165,65.26868883670282
14903,21,5,2795.33,2011-03-06 11:50:00,2011-11-18 16:07:00,United Kingdom,4,4,4,444,12,Loyal Customers,Recent Developing,0.30241989157554955,Medium,698.8325,211.34084887947023
14904,2,4,1630.49,2010-10-08 12:48:00,2011-12-07 12:55:00,United Kingdom,5,3,4,534,12,Potential Loyalists,Recent Developing,0.6963987357476962,High,256.36,178.5287798962794
14905,157,8,1971.39,2009-12-03 14:36:00,2011-07-05 12:41:00,United Kingdom,3,4,4,344,11,Loyal Customers,Lapsing Mid-Value,0.541143353782739,Medium,154.0375,83.35636935830865
14907,3,16,5547.72,2010-04-16 13:40:00,2011-12-06 14:14:00,United Kingdom,5,5,5,555,15,Champions,Active High-Value,0.2496201654305588,Low,720.7575,179.91560638531598
14908,74,2,381.9,2010-09-02 16:39:00,2011-09-26 12:56:00,United Kingdom,3,2,2,322,7,About to Sleep,Recent Developing,0.8260317080561018,High,69.45,57.367902124496275
14909,437,3,1404.68,2010-02-14 15:47:00,2010-09-28 16:56:00,United Kingdom,1,3,4,134,8,At Risk,Lapsing Mid-Value,,Inactive (>1 yr),,
14910,2,4,434.35,2011-10-16 11:06:00,2011-12-07 10:06:00,United Kingdom,5,3,2,532,10,Potential Loyalists,Recent Developing,0.35126962690913904,Medium,108.5875,38.143490611996135
14911,1,373,272252.79,2009-12-01 11:41:00,2011-12-08 15:54:00,EIRE,5,5,5,555,15,Champions,Active High-Value,0.0021937204250180847,Low,32975.0625,72.3380681224979
14912,16,5,1849.58,2010-04-28 09:41:00,2011-11-23 09:20:00,Italy,5,4,4,544,13,Champions,Recent Developing,0.5917412533842817,Medium,216.9625,128.38566168738723
14913,35,8,4073.13,2010-08-11 08:40:00,2011-11-04 08:29:00,United Kingdom,4,4,5,445,13,Loyal Customers,Active High-Value,0.32188996346933785,Medium,306.8575,98.77434946529235
14915,91,11,1811.25,2009-12-03 10:17:00,2011-09-09 13:34:00,United Kingdom,3,5,4,354,12,Loyal Customers,Lapsing Mid-Value,0.547247332085318,Medium,76.87,42.066902417398396
14916,70,8,3042.95,2010-04-01 10:57:00,2011-09-30 09:20:00,United Kingdom,3,4,5,345,12,Loyal Customers,Lapsing Mid-Value,0.41723146251842463,Medium,317.245,132.36459532665762
14917,596,2,1123.75,2010-04-22 09:44:00,2010-04-22 11:28:00,United Kingdom,1,2,3,123,6,Hibernating,Dormant,,Inactive (>1 yr),,
14918,115,9,5955.81,2010-04-08 11:18:00,2011-08-16 11:50:00,United Kingdom,3,5,5,355,13,Loyal Customers,Lapsing Mid-Value,0.4690563785035312,Medium,402.5375,188.8127819618652
14919,539,1,359.35,2010-06-18 13:06:00,2010-06-18 13:06:00,United Kingdom,1,1,2,112,4,Hibernating,Dormant,,Inactive (>1 yr),,
14920,212,3,1607.17,2010-05-23 15:25:00,2011-05-11 10:32:00,United Kingdom,2,3,4,234,9,At Risk,Lapsing Mid-Value,0.7155588641856677,High,244.4425,174.91299765870508
14921,30,2,1316.07,2011-05-22 12:51:00,2011-11-09 13:17:00,United Kingdom,4,2,4,424,10,Potential Loyalists,Recent Developing,0.6646668801846719,High,329.0175,218.68703525116027
14922,393,2,843.74,2010-07-20 09:45:00,2010-11-11 11:14:00,United Kingdom,2,2,3,223,7,Hibernating,Dormant,,Inactive (>1 yr),,
14923,50,1,749.1,2011-10-20 11:51:00,2011-10-20 11:51:00,United Kingdom,4,1,3,413,8,Promising,Recent Developing,0.6666268575396439,High,187.275,124.84254474573682
14924,245,3,931.01,2010-03-10 12:51:00,2011-04-08 09:25:00,United Kingdom,2,3,3,233,8,At Risk,Lapsing Mid-Value,0.7674074524001564,High,77.5125,59.48367015416712
14926,381,2,359.4,2010-04-20 09:59:00,2010-11-23 07:13:00,United Kingdom,2,2,2,222,6,Hibernating,Dormant,,Inactive (>1 yr),,
14927,396,1,308.2,2010-11-08 12:30:00,2010-11-08 12:30:00,United Kingdom,2,1,2,212,5,Hibernating,Dormant,,Inactive (>1 yr),,
14928,627,1,223.91000000000003,2010-03-22 09:14:00,2010-03-22 09:14:00,United Kingdom,1,1,1,111,3,Hibernating,Dormant,,Inactive (>1 yr),,
14929,32,2,836.69,2010-10-14 12:22:00,2011-11-07 17:21:00,United Kingdom,4,2,3,423,9,Potential Loyalists,Recent Developing,0.8695369086785903,High,55.97,48.6679807787407
14930,108,6,5236.7300000000005,2010-04-12 11:22:00,2011-08-23 10:31:00,Channel Islands,3,4,5,345,12,Loyal Customers,Lapsing Mid-Value,0.4363203858501833,Medium,590.74,257.7519047371373
14931,4,4,864.6800000000001,2011-04-13 09:32:00,2011-12-05 10:19:00,Channel Islands,5,3,3,533,11,Potential Loyalists,Recent Developing,0.42213861805418357,Medium,216.17000000000002,91.25370506477287
14932,365,2,566.13,2010-11-19 09:16:00,2010-12-09 11:48:00,Channel Islands,2,2,2,222,6,Hibernating,Dormant,,Inactive (>1 yr),,
14933,443,4,1770.0,2010-09-21 17:29:00,2010-09-22 10:47:00,Channel Islands,1,3,4,134,8,At Risk,Lapsing Mid-Value,,Inactive (>1 yr),,
14934,81,5,3403.5,2010-09-24 12:08:00,2011-09-19 10:10:00,Channel Islands,3,4,5,345,12,Loyal Customers,Lapsing Mid-Value,0.5015921638804411,Medium,472.735,237.12017159202034
14935,297,2,2849.83,2010-03-30 11:48:00,2011-02-15 14:44:00,Channel Islands,2,2,4,224,8,Hibernating,Lapsing Mid-Value,0.7184236706819301,High,446.1775,320.5444773256869
14936,33,12,12410.81,2010-05-05 12:26:00,2011-11-06 10:30:00,Channel Islands,4,5,5,455,14,Loyal Customers,Active High-Value,0.1141971104258237,Low,2034.255,232.306042869284
14937,56,3,1621.88,2011-08-01 14:16:00,2011-10-14 12:29:00,Channel Islands,4,3,4,434,11,Potential Loyalists,Lapsing Mid-Value,0.46443009058937257,Medium,405.47,188.3124688312729
14938,562,2,2322.43,2010-05-26 13:35:00,2010-05-26 13:38:00,Channel Islands,1,2,4,124,7,Hibernating,Lapsing Mid-Value,,Inactive (>1 yr),,
14940,417,2,531.49,2009-12-06 15:46:00,2010-10-18 10:47:00,United Kingdom,1,2,2,122,5,Hibernating,Dormant,,Inactive (>1 yr),,
14941,578,1,182.1,2010-05-10 11:30:00,2010-05-10 11:30:00,United Kingdom,1,1,1,111,3,Hibernating,Dormant,,Inactive (>1 yr),,
14942,401,4,746.56,2009-12-10 10:32:00,2010-11-03 10:51:00,United Kingdom,2,3,3,233,8,At Risk,Lapsing Mid-Value,,Inactive (>1 yr),,
14943,663,1,107.62,2010-02-14 16:04:00,2010-02-14 16:04:00,United Kingdom,1,1,1,111,3,Hibernating,Dormant,,Inactive (>1 yr),,
14944,29,19,9684.67,2010-02-17 08:47:00,2011-11-10 09:10:00,United Kingdom,4,5,5,455,14,Loyal Customers,Active High-Value,0.09958845702502837,Low,1475.0625,146.8991983904809
14945,413,1,179.4,2010-10-22 11:26:00,2010-10-22 11:26:00,United Kingdom,1,1,1,111,3,Hibernating,Dormant,,Inactive (>1 yr),,
14946,14,1,100.9,2011-11-25 13:33:00,2011-11-25 13:33:00,United Kingdom,5,1,1,511,7,New Customers,Recent Developing,0.6960454163911342,High,25.225,17.55774562846636
14947,72,6,1049.79,2010-03-25 11:29:00,2011-09-28 15:48:00,United Kingdom,3,4,3,343,10,Loyal Customers,Lapsing Mid-Value,0.5481590549645242,Medium,72.705,39.85390409119573
14948,23,6,1101.97,2011-05-04 14:52:00,2011-11-16 17:16:00,United Kingdom,4,4,3,443,11,Loyal Customers,Recent Developing,0.29174058226433713,Low,275.4925,80.3723423594579
14949,469,4,515.0,2009-12-18 15:28:00,2010-08-27 15:38:00,United Kingdom,1,3,2,132,6,At Risk,Dormant,,Inactive (>1 yr),,
14950,19,1,371.2,2011-11-20 13:48:00,2011-11-20 13:48:00,United Kingdom,5,1,2,512,8,New Customers,Recent Developing,0.642345773357453,High,92.8,59.609687767571636
14951,79,1,311.69,2011-09-21 15:15:00,2011-09-21 15:15:00,United Kingdom,3,1,2,312,6,About to Sleep,Dormant,0.7403860565662362,High,77.9225,57.69273249278254
14952,59,32,17629.35,2009-12-03 15:34:00,2011-10-11 10:33:00,United Kingdom,3,5,5,355,13,Loyal Customers,Active High-Value,0.12482348223438433,Low,2024.8725,252.75163653064337
14953,25,4,968.82,2010-09-30 12:16:00,2011-11-14 14:59:00,United Kingdom,4,3,3,433,10,Potential Loyalists,Recent Developing,0.7129737537603865,High,71.4175,50.91880305918241
14954,12,2,462.12,2010-01-05 16:38:00,2011-11-27 14:30:00,United Kingdom,5,2,2,522,9,Potential Loyalists,Recent Developing,0.9049218494354562,High,73.7125,66.70405182651106
14955,732,1,163.77,2009-12-07 11:35:00,2009-12-07 11:35:00,United Kingdom,1,1,1,111,3,Hibernating,Dormant,,Inactive (>1 yr),,
14956,421,1,1325.0,2010-10-14 16:40:00,2010-10-14 16:40:00,United Kingdom,1,1,4,114,6,Hibernating,Dormant,,Inactive (>1 yr),,
14957,253,2,261.69,2010-03-05 10:50:00,2011-03-31 17:59:00,United Kingdom,2,2,1,221,5,Hibernating,Dormant,0.8816473208311091,High,14.6225,12.891887948852894
14958,147,6,941.99,2009-12-03 16:02:00,2011-07-15 14:20:00,United Kingdom,3,4,3,343,10,Loyal Customers,Lapsing Mid-Value,0.5476797598328957,Medium,120.93249999999999,66.23228255599166
14959,64,4,695.42,2011-02-16 13:00:00,2011-10-06 18:23:00,United Kingdom,3,3,3,333,9,Need Attention,Recent Developing,0.4659645098735218,Medium,173.855,81.01025986406113
14960,8,2,221.27,2011-06-21 13:38:00,2011-12-01 12:54:00,United Kingdom,5,2,1,521,8,Potential Loyalists,Recent Developing,0.8011895998038735,High,55.3175,44.319805687150776
14961,10,22,16410.15,2009-12-04 11:32:00,2011-11-29 09:42:00,United Kingdom,5,5,5,555,15,Champions,Active High-Value,0.12593742598973304,Low,1761.17,221.79721653033815
14962,270,4,366.91,2010-05-04 14:57:00,2011-03-14 09:42:00,United Kingdom,2,3,2,232,7,At Risk,Dormant,0.8223197711217861,High,31.675,26.046978750282577
14963,9,12,3123.57,2010-07-02 12:43:00,2011-11-30 12:16:00,United Kingdom,5,5,5,555,15,Champions,Active High-Value,0.2261340933408553,Low,368.085,83.23656774736872
14964,247,1,206.21,2011-04-06 14:13:00,2011-04-06 14:13:00,United Kingdom,2,1,1,211,4,Hibernating,Dormant,0.8396237033735959,High,51.5525,43.28470096816731
14965,96,2,596.09,2011-09-04 13:15:00,2011-09-04 13:20:00,United Kingdom,3,2,2,322,7,About to Sleep,Recent Developing,0.7369866927817399,High,149.0225,109.82759942506684
14966,14,6,1064.26,2009-12-15 13:48:00,2011-11-25 12:20:00,United Kingdom,5,4,3,543,12,Champions,Recent Developing,0.786947379934814,High,45.755,36.00677736891742
14967,49,6,1982.6100000000001,2009-12-03 14:07:00,2011-10-21 11:06:00,United Kingdom,4,4,4,444,12,Loyal Customers,Lapsing Mid-Value,0.6889599419871973,High,115.95,79.88490527341554
14968,30,2,497.49,2010-09-07 13:28:00,2011-11-09 13:58:00,United Kingdom,4,2,2,422,8,Potential Loyalists,Recent Developing,0.8763575963954708,High,36.8975,32.33540441300189
14969,703,1,906.23,2010-01-05 12:43:00,2010-01-05 12:43:00,United Kingdom,1,1,3,113,5,Hibernating,Dormant,,Inactive (>1 yr),,
14970,68,12,4919.35,2010-02-14 13:37:00,2011-10-02 13:44:00,United Kingdom,3,5,5,355,13,Loyal Customers,Active High-Value,0.3741499941388895,Medium,398.015,148.9173099171901
14971,35,3,1097.98,2011-10-27 13:33:00,2011-11-04 17:07:00,United Kingdom,4,3,3,433,10,Potential Loyalists,Recent Developing,0.4669145092335195,Medium,274.495,128.16569821205493
14972,128,2,145.07,2010-11-23 16:17:00,2011-08-03 14:54:00,United Kingdom,3,2,1,321,6,About to Sleep,Dormant,0.8247490093843894,High,28.6925,23.664110951761593
14973,107,3,1314.45,2011-04-28 12:22:00,2011-08-24 15:51:00,United Kingdom,3,3,4,334,10,Need Attention,Lapsing Mid-Value,0.5468645799327577,Medium,328.6125,179.70653677315335
14974,37,1,89.94,2011-11-02 13:01:00,2011-11-02 13:01:00,United Kingdom,4,1,1,411,6,Promising,Dormant,0.7373577217330008,High,22.485,16.579488373166523
14975,57,2,472.39,2010-10-14 14:11:00,2011-10-13 14:08:00,United Kingdom,4,2,2,422,8,Potential Loyalists,Recent Developing,0.82747440388673,High,69.985,57.9107961560128
14976,57,6,774.86,2011-01-17 11:09:00,2011-10-13 16:33:00,United Kingdom,4,4,3,443,11,Loyal Customers,Lapsing Mid-Value,0.3460867685798493,Medium,193.715,67.04219837544551
14977,725,1,31.929999999999996,2009-12-14 10:37:00,2009-12-14 10:37:00,United Kingdom,1,1,1,111,3,Hibernating,Dormant,,Inactive (>1 yr),,
14978,72,10,3112.19,2010-04-28 10:50:00,2011-09-28 13:07:00,United Kingdom,3,5,5,355,13,Loyal Customers,Lapsing Mid-Value,0.30734760847515513,Medium,480.34250000000003,147.63211862397722
14979,735,1,429.66,2009-12-04 12:54:00,2009-12-04 12:54:00,United Kingdom,1,1,2,112,4,Hibernating,Dormant,,Inactive (>1 yr),,
14980,737,1,150.68,2009-12-02 14:09:00,2009-12-02 14:09:00,United Kingdom,1,1,1,111,3,Hibernating,Dormant,,Inactive (>1 yr),,
14981,246,2,372.92,2010-10-12 11:04:00,2011-04-07 13:45:00,United Kingdom,2,2,2,222,6,Hibernating,Dormant,0.8483627354093597,High,25.53,21.658700635000955
14982,572,1,234.88,2010-05-16 15:52:00,2010-05-16 15:52:00,United Kingdom,1,1,1,111,3,Hibernating,Dormant,,Inactive (>1 yr),,
14983,689,1,183.20000000000002,2010-01-19 17:32:00,2010-01-19 17:32:00,United Kingdom,1,1,1,111,3,Hibernating,Dormant,,Inactive (>1 yr),,
14984,19,6,1260.51,2010-01-11 13:22:00,2011-11-20 14:28:00,United Kingdom,5,4,4,544,13,Champions,Recent Developing,0.6628122326906668,High,50.5925,33.53332788240256
14985,198,2,292.01,2010-12-16 19:51:00,2011-05-25 14:29:00,United Kingdom,2,2,2,222,6,Hibernating,Dormant,0.7198075130002901,High,73.0025,52.54774796780368
14986,376,2,563.1,2010-01-24 15:54:00,2010-11-28 15:25:00,United Kingdom,2,2,2,222,6,Hibernating,Dormant,,Inactive (>1 yr),,
14987,15,8,1550.6499999999999,2009-12-02 14:56:00,2011-11-24 09:59:00,United Kingdom,5,4,4,544,13,Champions,Active High-Value,0.7873560870905918,High,40.8,32.12412835329614
14988,211,7,2038.65,2010-04-16 13:34:00,2011-05-12 12:05:00,United Kingdom,2,4,4,244,10,At Risk,Lapsing Mid-Value,0.7274273848883088,High,83.635,60.83838933513371
14989,661,1,342.4,2010-02-16 10:40:00,2010-02-16 10:40:00,United Kingdom,1,1,2,112,4,Hibernating,Dormant,,Inactive (>1 yr),,
14990,612,2,304.17,2009-12-09 13:31:00,2010-04-06 13:54:00,United Kingdom,1,2,2,122,5,Hibernating,Dormant,,Inactive (>1 yr),,
14991,430,1,314.67,2010-10-05 13:01:00,2010-10-05 13:01:00,United Kingdom,1,1,2,112,4,Hibernating,Dormant,,Inactive (>1 yr),,
14992,442,1,210.5,2010-09-23 17:48:00,2010-09-23 17:48:00,United Kingdom,1,1,1,111,3,Hibernating,Dormant,,Inactive (>1 yr),,
14993,563,1,36.13,2010-05-25 12:47:00,2010-05-25 12:47:00,United Kingdom,1,1,1,111,3,Hibernating,Dormant,,Inactive (>1 yr),,
14994,382,5,942.77,2010-03-26 14:16:00,2010-11-22 12:59:00,United Kingdom,2,4,3,243,9,At Risk,Lapsing Mid-Value,,Inactive (>1 yr),,
14995,38,2,231.98000000000002,2011-03-04 13:14:00,2011-11-01 11:39:00,United Kingdom,4,2,1,421,7,Potential Loyalists,Recent Developing,0.7616948318587307,High,57.995000000000005,44.17449177364709
14996,481,2,442.28999999999996,2010-08-15 13:41:00,2010-08-15 13:44:00,United Kingdom,1,2,2,122,5,Hibernating,Dormant,,Inactive (>1 yr),,
14997,46,4,776.5999999999999,2010-02-22 12:11:00,2011-10-24 13:28:00,United Kingdom,4,3,3,433,10,Potential Loyalists,Recent Developing,0.5456977683226014,Medium,136.54999999999998,74.51503026445121
14998,170,4,753.18,2010-04-13 16:07:00,2011-06-22 17:30:00,United Kingdom,3,3,3,333,9,Need Attention,Lapsing Mid-Value,0.6348107208754602,High,103.7175,65.84098094240055
14999,592,1,129.48000000000002,2010-04-26 10:47:00,2010-04-26 10:47:00,United Kingdom,1,1,1,111,3,Hibernating,Dormant,,Inactive (>1 yr),,
15000,47,1,490.52,2011-10-23 11:42:00,2011-10-23 11:42:00,United Kingdom,4,1,2,412,7,Promising,Recent Developing,0.669247191564314,High,122.63,82.06978310153183
15001,394,2,197.10999999999999,2010-11-10 13:31:00,2010-11-10 13:51:00,United Kingdom,2,2,1,221,5,Hibernating,Dormant,,Inactive (>1 yr),,
15002,115,9,4138.08,2010-01-12 11:40:00,2011-08-16 10:44:00,United Kingdom,3,5,5,355,13,Loyal Customers,Lapsing Mid-Value,0.4533651507967041,Medium,252.5275,114.48716811781469
15003,473,6,1027.03,2010-01-26 13:04:00,2010-08-23 15:44:00,United Kingdom,1,4,3,143,8,At Risk,Lapsing Mid-Value,,Inactive (>1 yr),,
15004,147,1,1220.38,2011-07-15 14:05:00,2011-07-15 14:05:00,United Kingdom,3,1,4,314,8,About to Sleep,Dormant,0.7154023299969368,High,305.095,218.26567387041544
15005,15,56,13752.58,2009-12-01 14:19:00,2011-11-24 12:25:00,United Kingdom,5,5,5,555,15,Champions,Active High-Value,0.03132193802017865,Low,1517.7925,47.540202612492
15006,51,2,752.83,2010-09-12 13:03:00,2011-10-19 15:08:00,United Kingdom,4,2,3,423,9,Potential Loyalists,Recent Developing,0.803523425420083,High,118.8575,95.50478553686752
15007,159,1,156.91,2011-07-03 16:00:00,2011-07-03 16:00:00,United Kingdom,3,1,1,311,5,About to Sleep,Dormant,0.8289352006221172,High,39.2275,32.517055582404105
15008,480,2,360.0,2010-03-12 11:13:00,2010-08-16 13:09:00,United Kingdom,1,2,2,122,5,Hibernating,Dormant,,Inactive (>1 yr),,
15009,12,3,1259.43,2011-11-14 17:40:00,2011-11-27 13:35:00,United Kingdom,5,3,4,534,12,Potential Loyalists,Recent Developing,0.45240160505375354,Medium,314.8575,142.44203836321222
15010,35,1,308.94,2011-11-04 12:42:00,2011-11-04 12:42:00,United Kingdom,4,1,2,412,7,Promising,Recent Developing,0.6881765919086041,High,77.235,53.15131907606104
15011,395,2,416.6,2010-10-19 12:05:00,2010-11-09 11:10:00,United Kingdom,2,2,2,222,6,Hibernating,Dormant,,Inactive (>1 yr),,
15012,53,3,646.26,2010-05-12 11:49:00,2011-10-17 12:22:00,United Kingdom,4,3,3,433,10,Potential Loyalists,Recent Developing,0.7504941278668013,High,54.12,40.61674220015128
15013,487,10,1610.82,2010-01-31 12:15:00,2010-08-09 12:05:00,United Kingdom,1,5,4,154,10,Can't Lose Them,Lapsing Mid-Value,,Inactive (>1 yr),,
15014,43,2,257.67,2011-06-16 19:40:00,2011-10-27 20:07:00,United Kingdom,4,2,1,421,7,Potential Loyalists,Recent Developing,0.705010911905849,High,64.4175,45.41504041769503
15015,501,13,2344.47,2009-12-14 14:46:00,2010-07-26 13:50:00,United Kingdom,1,5,4,154,10,Can't Lose Them,Lapsing Mid-Value,,Inactive (>1 yr),,
15016,172,5,620.89,2010-06-14 13:06:00,2011-06-20 12:06:00,United Kingdom,3,4,3,343,10,Loyal Customers,Lapsing Mid-Value,0.7425703907575266,High,42.51,31.566667311102456
15017,33,1,125.58,2011-11-06 10:33:00,2011-11-06 10:33:00,United Kingdom,4,1,1,411,6,Promising,Recent Developing,0.7165627599041815,High,31.395,22.496487847191776
15018,38,3,496.21000000000004,2010-12-07 10:47:00,2011-11-01 12:47:00,United Kingdom,4,3,2,432,9,Potential Loyalists,Recent Developing,0.668652045412386,High,96.24,64.35107285048802
15019,266,1,252.81,2011-03-18 12:35:00,2011-03-18 12:35:00,United Kingdom,2,1,1,211,4,Hibernating,Dormant,0.8201136812694262,High,63.2025,51.833234940430906
15020,379,1,198.47,2010-11-25 13:29:00,2010-11-25 13:29:00,United Kingdom,2,1,1,211,4,Hibernating,Dormant,,Inactive (>1 yr),,
15021,8,12,2500.59,2010-07-29 16:35:00,2011-12-01 11:53:00,United Kingdom,5,5,4,554,14,Champions,Active High-Value,0.13815352141922155,Low,418.42,57.806196432230685
15022,11,5,1133.44,2010-01-31 16:02:00,2011-11-28 12:35:00,United Kingdom,5,4,3,543,12,Champions,Recent Developing,0.5348348916324601,Medium,213.0975,113.97197831964817
15023,3,20,11555.5,2010-02-03 15:45:00,2011-12-06 17:23:00,United Kingdom,5,5,5,555,15,Champions,Active High-Value,0.08617528975597313,Low,1568.0275,135.12522415783417
15024,9,16,3559.39,2010-10-11 16:14:00,2011-11-30 12:06:00,United Kingdom,5,5,5,555,15,Champions,Active High-Value,0.19171710059328825,Low,286.3025,54.88908519260991
15025,33,2,971.84,2010-05-20 13:28:00,2011-11-06 15:20:00,United Kingdom,4,2,3,423,9,Potential Loyalists,Recent Developing,0.8631620133216601,High,90.49,78.10753058547702
15026,80,5,1044.09,2010-09-17 13:52:00,2011-09-20 13:52:00,United Kingdom,3,4,3,343,10,Loyal Customers,Lapsing Mid-Value,0.5001009888513958,Medium,116.05,58.03671975620448
15027,30,10,3195.6,2010-03-25 14:39:00,2011-11-09 10:16:00,United Kingdom,4,5,5,455,14,Loyal Customers,Active High-Value,0.3795191598060612,Medium,266.53749999999997,101.15608805680803
15028,8,6,962.94,2010-11-10 14:32:00,2011-12-01 14:06:00,United Kingdom,5,4,3,543,12,Champions,Recent Developing,0.4963759244893257,Medium,110.29,54.74530071192773
15029,619,1,365.1,2010-03-30 12:16:00,2010-03-30 12:16:00,United Kingdom,1,1,2,112,4,Hibernating,Dormant,,Inactive (>1 yr),,
15030,71,8,1979.91,2010-03-04 17:10:00,2011-09-29 10:50:00,United Kingdom,3,4,4,344,11,Loyal Customers,Lapsing Mid-Value,0.5514287966402035,Medium,129.57,71.44862918067116
15031,4,14,3102.94,2009-12-08 13:38:00,2011-12-05 14:19:00,United Kingdom,5,5,5,555,15,Champions,Active High-Value,0.31245404840440727,Medium,163.2975,51.0229649693187
15032,256,8,11010.05,2009-12-10 15:27:00,2011-03-28 15:03:00,United Kingdom,2,4,5,245,11,At Risk,Lapsing Mid-Value,0.6211771508538504,High,547.125,339.8615486609129
15033,4,10,2553.88,2011-01-14 13:28:00,2011-12-05 12:40:00,United Kingdom,5,5,4,554,14,Champions,Active High-Value,0.1334230177475661,Low,638.47,85.18659414128852
15034,15,14,8231.2,2010-05-11 13:30:00,2011-11-24 12:11:00,United Kingdom,5,5,5,555,15,Champions,Active High-Value,0.12213497932018431,Low,1068.54,130.50611080278975
15035,89,1,252.73000000000002,2011-09-11 11:08:00,2011-09-11 11:08:00,United Kingdom,3,1,1,311,5,About to Sleep,Dormant,0.7507523969070333,High,63.182500000000005,47.43441331757864
15036,72,3,429.56,2011-06-13 12:19:00,2011-09-28 15:42:00,United Kingdom,3,3,2,332,8,Need Attention,Recent Developing,0.6032871802348391,High,107.39,64.78701028541937
15037,376,2,397.76,2010-11-28 12:14:00,2010-11-28 13:05:00,United Kingdom,2,2,2,222,6,Hibernating,Dormant,,Inactive (>1 yr),,
15038,58,9,1146.53,2010-10-10 14:35:00,2011-10-12 11:33:00,United Kingdom,4,5,3,453,12,Loyal Customers,Lapsing Mid-Value,0.32587929087029055,Medium,141.715,46.18198370568323
15039,9,93,39141.48,2009-12-10 11:39:00,2011-11-30 11:31:00,United Kingdom,5,5,5,555,15,Champions,Active High-Value,0.019645004213444717,Low,4795.295,94.20359047971039
15040,541,1,7.49,2010-06-16 11:40:00,2010-06-16 11:40:00,United Kingdom,1,1,1,111,3,Hibernating,Dormant,,Inactive (>1 yr),,
15041,170,2,288.98,2010-09-21 13:16:00,2011-06-22 16:16:00,United Kingdom,3,2,2,322,7,About to Sleep,Dormant,0.8010678159401523,High,44.9825,36.0340330305279
15042,199,2,315.45,2010-04-23 14:01:00,2011-05-24 16:25:00,United Kingdom,2,2,2,222,6,Hibernating,Dormant,0.8605764418962851,High,33.9825,29.24453893674051
15043,31,6,2855.3199999999997,2010-06-24 15:50:00,2011-11-08 14:26:00,United Kingdom,4,4,4,444,12,Loyal Customers,Lapsing Mid-Value,0.613978699785254,High,134.25,82.42664044617035
15044,19,32,15769.01,2009-12-16 15:13:00,2011-11-20 13:20:00,United Kingdom,5,5,5,555,15,Champions,Active High-Value,0.05248544053113619,Low,1908.6825000000001,100.17804184657037
15045,151,2,735.66,2011-03-27 11:44:00,2011-07-11 11:33:00,United Kingdom,3,2,3,323,8,About to Sleep,Dormant,0.696763526793808,High,183.915,128.1452640302832
15046,9,25,7604.84,2010-01-14 14:29:00,2011-11-30 15:50:00,United Kingdom,5,5,5,555,15,Champions,Active High-Value,0.05676140005922459,Low,1267.8675,71.96593438958894
15047,269,1,343.62,2011-03-15 10:49:00,2011-03-15 10:49:00,United Kingdom,2,1,2,212,5,Hibernating,Dormant,0.8227453471812815,High,85.905,70.67793904960799
15048,65,4,381.0,2010-12-06 12:15:00,2011-10-05 14:55:00,United Kingdom,3,3,2,332,8,Need Attention,Recent Developing,0.5310235092089892,Medium,70.575,37.476984162424415
15049,273,1,121.17000000000002,2011-03-11 12:13:00,2011-03-11 12:13:00,United Kingdom,2,1,1,211,4,Hibernating,Dormant,0.8696696532761063,High,30.292500000000004,26.344467971866454
15050,25,5,4087.19,2010-08-16 12:00:00,2011-11-14 16:17:00,United Kingdom,4,4,5,445,13,Loyal Customers,Lapsing Mid-Value,0.4260658106489971,Medium,434.4225,185.09257462666395
15051,23,9,3926.91,2009-12-01 13:29:00,2011-11-16 15:38:00,United Kingdom,4,5,5,455,14,Loyal Customers,Active High-Value,0.2911569322104004,Low,345.84000000000003,100.69371343564488
15052,319,1,207.73000000000002,2011-01-24 15:52:00,2011-01-24 15:52:00,United Kingdom,2,1,1,211,4,Hibernating,Dormant,0.843259942450663,High,51.932500000000005,43.79259696131906
15053,4,3,693.95,2011-03-03 12:06:00,2011-12-05 12:08:00,United Kingdom,5,3,3,533,11,Potential Loyalists,Recent Developing,0.6832360619077043,High,173.4875,118.53291629021285
15054,12,2,302.1,2011-10-30 14:33:00,2011-11-27 15:02:00,United Kingdom,5,2,2,522,9,Potential Loyalists,Recent Developing,0.5055089909090418,Medium,75.525,38.178566538405384
15055,474,3,549.12,2009-12-16 15:48:00,2010-08-22 11:06:00,United Kingdom,1,3,2,132,6,At Risk,Dormant,,Inactive (>1 yr),,
15056,520,1,113.64999999999999,2010-07-07 15:58:00,2010-07-07 15:58:00,United Kingdom,1,1,1,111,3,Hibernating,Dormant,,Inactive (>1 yr),,
15057,275,5,3255.96,2009-12-05 15:27:00,2011-03-09 15:17:00,United Kingdom,2,4,5,245,11,At Risk,Lapsing Mid-Value,0.5916542105148759,Medium,372.375,220.3172366404769
15058,25,16,3387.58,2010-02-24 14:07:00,2011-11-14 14:57:00,United Kingdom,4,5,5,455,14,Loyal Customers,Active High-Value,0.11190545051427134,Low,525.635,58.82142148106902
15059,40,19,3490.4,2009-12-06 12:17:00,2011-10-30 11:35:00,United Kingdom,4,5,5,455,14,Loyal Customers,Active High-Value,0.16131375406650597,Low,334.43,53.948158772461596
15060,8,4,293.0,2011-11-30 14:03:00,2011-12-01 13:47:00,United Kingdom,5,3,2,532,10,Potential Loyalists,Recent Developing,0.3571181904504559,Medium,73.25,26.158907450495896
15061,3,127,126387.56999999999,2009-12-01 12:18:00,2011-12-06 12:06:00,United Kingdom,5,5,5,555,15,Champions,Active High-Value,0.017091830886489023,Low,10776.16,184.18430432574755
15062,71,8,2585.62,2010-04-08 15:41:00,2011-09-29 16:51:00,United Kingdom,3,4,4,344,11,Loyal Customers,Lapsing Mid-Value,0.38953526233893443,Medium,246.965,96.20157606353494
15063,213,1,370.79999999999995,2011-05-10 13:25:00,2011-05-10 13:25:00,United Kingdom,2,1,2,212,5,Hibernating,Dormant,0.8245300240000076,High,92.69999999999999,76.4339332248007
15064,410,4,1154.41,2009-12-22 16:17:00,2010-10-25 14:32:00,United Kingdom,1,3,3,133,7,At Risk,Lapsing Mid-Value,,Inactive (>1 yr),,
15065,37,5,3326.86,2010-10-25 09:13:00,2011-11-02 09:45:00,United Kingdom,4,4,5,445,13,Loyal Customers,Lapsing Mid-Value,0.3379079123784341,Medium,789.5325,266.78927882992605
15066,53,1,893.59,2011-10-17 13:25:00,2011-10-17 13:25:00,United Kingdom,4,1,3,413,8,Promising,Recent Developing,0.6781433749497965,High,223.3975,151.49553460534716
15067,78,5,3862.88,2010-04-11 15:54:00,2011-09-22 13:20:00,United Kingdom,3,4,5,345,12,Loyal Customers,Lapsing Mid-Value,0.4498127193344387,Medium,436.19,196.20381004648883
15068,46,4,1174.9,2010-03-28 13:18:00,2011-10-24 14:47:00,United Kingdom,4,3,3,433,10,Potential Loyalists,Recent Developing,0.5972160868823763,Medium,138.34,82.61887345930793
15069,179,1,1109.53,2011-06-13 14:16:00,2011-06-13 14:16:00,United Kingdom,3,1,3,313,7,About to Sleep,Dormant,0.7436871781085176,High,277.3825,206.28580868168586
15070,372,3,737.0500000000001,2009-12-15 13:49:00,2010-12-02 11:23:00,United Kingdom,2,3,3,233,8,At Risk,Lapsing Mid-Value,,Inactive (>1 yr),,
15071,93,4,1455.56,2010-05-18 12:45:00,2011-09-07 11:43:00,United Kingdom,3,3,4,334,10,Need Attention,Lapsing Mid-Value,0.5865248379621755,Medium,245.5175,144.0021119043784
15072,479,1,187.51999999999998,2010-08-17 15:46:00,2010-08-17 15:46:00,United Kingdom,1,1,1,111,3,Hibernating,Dormant,,Inactive (>1 yr),,
15073,9,8,2788.02,2010-01-27 08:48:00,2011-11-30 10:44:00,United Kingdom,5,4,4,544,13,Champions,Active High-Value,0.4913401735739619,Medium,260.8525,128.1673126272019
15074,105,3,1553.1299999999999,2010-08-29 11:47:00,2011-08-26 14:45:00,United Kingdom,3,3,4,334,10,Need Attention,Lapsing Mid-Value,0.6888946704280505,High,183.9175,126.69978554845098
15075,77,1,773.03,2011-09-23 12:27:00,2011-09-23 12:27:00,United Kingdom,3,1,3,313,7,About to Sleep,Recent Developing,0.7029517615729147,High,193.2575,135.85070006217757
15076,172,3,1447.74,2010-07-05 14:11:00,2011-06-20 08:23:00,United Kingdom,3,3,4,334,10,Need Attention,Lapsing Mid-Value,0.6775394281962711,High,220.2125,149.20265133167135
15077,494,2,2428.08,2009-12-09 17:10:00,2010-08-02 11:13:00,United Kingdom,1,2,4,124,7,Hibernating,Lapsing Mid-Value,,Inactive (>1 yr),,
15078,7,52,17276.73,2009-12-04 12:03:00,2011-12-02 15:41:00,United Kingdom,5,5,5,555,15,Champions,Active High-Value,0.024291566980536416,Low,2316.9900000000002,56.28331777823308
15079,212,11,3625.4,2009-12-08 11:22:00,2011-05-11 12:45:00,United Kingdom,2,5,5,255,12,Can't Lose Them,Lapsing Mid-Value,0.587676353422691,Medium,188.415,110.72704013013632
15080,427,2,546.25,2010-07-26 10:03:00,2010-10-08 11:52:00,United Kingdom,1,2,2,122,5,Hibernating,Dormant,,Inactive (>1 yr),,
15081,22,12,1854.57,2010-06-22 10:25:00,2011-11-17 17:08:00,United Kingdom,4,5,4,454,13,Loyal Customers,Active High-Value,0.2528799880293113,Low,98.4125,24.886551821934596
15082,668,1,93.35000000000001,2010-02-09 10:23:00,2010-02-09 10:23:00,United Kingdom,1,1,1,111,3,Hibernating,Dormant,,Inactive (>1 yr),,
15083,256,1,88.2,2011-03-28 12:18:00,2011-03-28 12:18:00,United Kingdom,2,1,1,211,4,Hibernating,Dormant,0.8714424233768681,High,22.05,19.215305435459943
15084,379,2,965.2,2010-03-04 10:45:00,2010-11-25 11:58:00,United Kingdom,2,2,3,223,7,Hibernating,Dormant,,Inactive (>1 yr),,
15085,729,1,347.54,2009-12-10 11:47:00,2009-12-10 11:47:00,United Kingdom,1,1,2,112,4,Hibernating,Dormant,,Inactive (>1 yr),,
15086,564,2,218.53,2010-03-24 13:56:00,2010-05-24 12:27:00,United Kingdom,1,2,1,121,4,Hibernating,Dormant,,Inactive (>1 yr),,
15087,281,1,306.94,2011-03-03 10:34:00,2011-03-03 10:34:00,United Kingdom,2,1,2,212,5,Hibernating,Dormant,0.8322050155005281,High,76.735,63.85925186443302
15088,21,2,1160.07,2011-10-03 14:05:00,2011-11-18 13:14:00,United Kingdom,4,2,3,423,9,Potential Loyalists,Recent Developing,0.497683534265152,Medium,290.0175,144.33693439874372
15089,10,6,2420.84,2011-08-03 14:14:00,2011-11-29 16:31:00,United Kingdom,5,4,4,544,13,Champions,Active High-Value,0.21942196936726088,Low,605.21,132.79637008075997
15090,308,1,381.32,2011-02-04 14:03:00,2011-02-04 14:03:00,United Kingdom,2,1,2,212,5,Hibernating,Dormant,0.8253467019955423,High,95.33,78.68030110123505
15091,67,3,1046.6100000000001,2010-02-03 11:46:00,2011-10-03 12:47:00,United Kingdom,3,3,3,333,9,Need Attention,Lapsing Mid-Value,0.7970495016026328,High,120.1775,95.78741647885039
15092,215,3,776.46,2010-09-03 12:33:00,2011-05-08 14:10:00,United Kingdom,2,3,3,233,8,At Risk,Lapsing Mid-Value,0.6883355368546891,High,114.4525,78.7817230318613
15093,18,23,13702.38,2009-12-08 12:46:00,2011-11-21 13:09:00,United Kingdom,5,5,5,555,15,Champions,Active High-Value,0.15823841487304355,Low,993.3225,157.1817778577288
15094,463,2,83.0,2010-03-05 12:56:00,2010-09-02 16:55:00,United Kingdom,1,2,1,121,4,Hibernating,Dormant,,Inactive (>1 yr),,
15095,103,10,3141.64,2010-01-21 09:37:00,2011-08-28 12:01:00,United Kingdom,3,5,5,355,13,Loyal Customers,Lapsing Mid-Value,0.4134079037632231,Medium,342.65,141.6542182244684
15096,42,1,219.39000000000001,2011-10-28 10:27:00,2011-10-28 10:27:00,United Kingdom,4,1,1,411,6,Promising,Recent Developing,0.721304846714436,High,54.847500000000004,39.56176758017003
15097,4,3,908.35,2010-05-05 14:22:00,2011-12-05 14:03:00,United Kingdom,5,3,3,533,11,Potential Loyalists,Recent Developing,0.9116560315923211,High,62.02,56.54090707935576
15098,182,3,39916.5,2011-06-10 15:22:00,2011-06-10 15:33:00,United Kingdom,3,3,5,335,11,Need Attention,Lapsing Mid-Value,0.7139439258641271,High,9979.125,7124.535679188858
15099,84,1,410.48,2011-09-16 13:13:00,2011-09-16 13:13:00,United Kingdom,3,1,2,312,6,About to Sleep,Dormant,0.7330076963613831,High,102.62,75.22124980060514
15100,333,7,2193.8999999999996,2010-01-07 14:33:00,2011-01-10 10:35:00,United Kingdom,2,4,4,244,10,At Risk,Lapsing Mid-Value,0.8762367323368917,High,43.8,38.379168876355855
15101,8,6,1477.94,2010-04-28 15:00:00,2011-12-01 10:18:00,United Kingdom,5,4,4,544,13,Champions,Recent Developing,0.6678557831499342,High,79.3825,53.016061705899645
15102,530,2,554.67,2010-06-11 10:16:00,2010-06-27 12:16:00,United Kingdom,1,2,2,122,5,Hibernating,Dormant,,Inactive (>1 yr),,
15103,31,2,703.36,2011-09-14 13:54:00,2011-11-08 14:53:00,United Kingdom,4,2,3,423,9,Potential Loyalists,Recent Developing,0.5400140656773516,Medium,175.84,94.9560733087055
15104,196,2,993.54,2011-03-02 14:16:00,2011-05-27 12:29:00,United Kingdom,2,2,3,223,7,Hibernating,Lapsing Mid-Value,0.6454569564259677,High,248.385,160.32182612186398
15105,18,9,3094.91,2010-03-23 12:18:00,2011-11-21 16:54:00,United Kingdom,5,5,5,555,15,Champions,Active High-Value,0.20295843031769997,Low,574.7325,116.64680605256748
15106,17,5,1422.52,2011-03-15 12:52:00,2011-11-22 09:16:00,United Kingdom,5,4,4,544,13,Champions,Recent Developing,0.3014248496356241,Medium,355.63,107.195719275917
15107,311,9,824.35,2010-09-14 10:47:00,2011-02-01 14:46:00,United Kingdom,2,5,3,253,10,Can't Lose Them,Lapsing Mid-Value,0.8085139793182647,High,50.875,41.13314869781672
15108,141,3,1159.25,2011-04-26 10:54:00,2011-07-21 10:24:00,European Community,3,3,3,333,9,Need Attention,Lapsing Mid-Value,0.532874366701523,Medium,289.8125,154.43365239968514
15109,245,3,983.1,2009-12-04 12:33:00,2011-04-08 09:58:00,United Kingdom,2,3,3,233,8,At Risk,Lapsing Mid-Value,0.740245607808535,High,121.2375,89.74552687668726
15110,23,6,1505.8500000000001,2010-08-11 15:49:00,2011-11-16 11:16:00,United Kingdom,4,4,4,444,12,Loyal Customers,Recent Developing,0.373774500097238,Medium,249.025,93.0791948867147
15111,29,5,2442.37,2010-04-26 13:12:00,2011-11-10 16:58:00,United Kingdom,4,4,4,444,12,Loyal Customers,Lapsing Mid-Value,0.45866500560822304,Medium,319.745,146.6558422182013
15112,611,1,209.4,2010-04-07 14:17:00,2010-04-07 14:17:00,United Kingdom,1,1,1,111,3,Hibernating,Dormant,,Inactive (>1 yr),,
15113,9,3,3509.04,2011-10-16 15:27:00,2011-11-30 08:23:00,United Kingdom,5,3,5,535,13,Potential Loyalists,Recent Developing,0.35085508337978,Medium,877.26,307.7911304457458
15114,30,12,3400.12,2010-10-14 16:44:00,2011-11-09 15:05:00,United Kingdom,4,5,5,455,14,Loyal Customers,Active High-Value,0.13333490101982162,Low,690.14,92.0197485898197
15115,18,2,531.85,2009-12-07 11:20:00,2011-11-21 14:59:00,United Kingdom,5,2,2,522,9,Potential Loyalists,Recent Developing,0.9022075108947242,High,85.0275,76.71244913260117
15116,17,4,1352.75,2011-05-19 08:50:00,2011-11-22 12:25:00,United Kingdom,5,3,4,534,12,Potential Loyalists,Recent Developing,0.36992652728222575,Medium,338.1875,125.10452744525772
15117,14,8,2485.9700000000003,2010-03-15 13:39:00,2011-11-25 08:12:00,United Kingdom,5,4,4,544,13,Champions,Active High-Value,0.31052007460563685,Medium,387.945,120.46471034288379
15118,134,1,244.8,2011-07-28 14:54:00,2011-07-28 14:54:00,United Kingdom,3,1,1,311,5,About to Sleep,Dormant,0.8281290918556488,High,61.2,50.68150042156571
15119,245,1,266.4,2011-04-08 09:08:00,2011-04-08 09:08:00,United Kingdom,2,1,1,211,4,Hibernating,Dormant,0.8309808605599909,High,66.6,55.34332531329539
15120,133,1,358.82,2011-07-29 09:48:00,2011-07-29 09:48:00,United Kingdom,3,1,2,312,6,About to Sleep,Dormant,0.7893220128203057,High,89.705,70.80613116004552
15121,50,2,457.72,2011-02-24 12:41:00,2011-10-20 14:51:00,United Kingdom,4,2,2,422,8,Potential Loyalists,Recent Developing,0.7349179343280904,High,114.43,84.09665922516339
15122,114,11,4487.27,2010-03-30 14:05:00,2011-08-17 16:48:00,United Kingdom,3,5,5,355,13,Loyal Customers,Lapsing Mid-Value,0.4136913968049279,Medium,408.445,168.97018256798876
15123,7,5,4656.17,2010-03-16 09:49:00,2011-12-02 13:12:00,United Kingdom,5,4,5,545,14,Champions,Active High-Value,0.5670188785278054,Medium,549.8275,311.7625724337469
15124,22,4,450.82,2010-02-26 10:49:00,2011-11-17 10:09:00,United Kingdom,4,3,2,432,9,Potential Loyalists,Recent Developing,0.7118375081610773,High,46.0475,32.7783376570472
15125,25,24,17024.87,2010-03-31 13:29:00,2011-11-14 13:57:00,United Kingdom,4,5,5,455,14,Loyal Customers,Active High-Value,0.0833614307485464,Low,2882.12,240.25764678900055
15126,536,2,449.49,2010-01-21 17:09:00,2010-06-21 12:31:00,United Kingdom,1,2,2,122,5,Hibernating,Dormant,,Inactive (>1 yr),,
15127,65,2,711.5,2010-07-08 10:07:00,2011-10-05 10:30:00,United Kingdom,3,2,3,323,8,About to Sleep,Recent Developing,0.8319954733658737,High,101.6325,84.55777994685715
15128,60,5,1783.68,2010-10-05 16:46:00,2011-10-10 13:54:00,United Kingdom,3,4,4,344,11,Loyal Customers,Lapsing Mid-Value,0.39721031294413084,Medium,367.75,146.0740925852041
15129,50,23,6860.18,2010-04-08 17:15:00,2011-10-20 14:40:00,United Kingdom,4,5,5,455,14,Loyal Customers,Active High-Value,0.17913179187926176,Low,861.85,154.38473483114174
15130,169,1,330.11,2011-06-23 10:15:00,2011-06-23 10:15:00,United Kingdom,3,1,2,312,6,About to Sleep,Dormant,0.8012710088846255,High,82.5275,66.12689318572593
15131,394,1,80.28,2010-11-10 12:07:00,2010-11-10 12:07:00,United Kingdom,2,1,1,211,4,Hibernating,Dormant,,Inactive (>1 yr),,
15132,18,5,977.9300000000001,2011-03-22 12:02:00,2011-11-21 17:10:00,United Kingdom,5,4,3,543,12,Champions,Recent Developing,0.3147810624810935,Medium,244.48250000000002,76.95846110803394
15133,127,5,1806.9,2010-07-07 12:31:00,2011-08-04 10:44:00,United Kingdom,3,4,4,344,11,Loyal Customers,Lapsing Mid-Value,0.5279341121123313,Medium,245.605,129.66325760534912
15134,14,10,1596.29,2010-10-13 12:44:00,2011-11-25 08:55:00,United Kingdom,5,5,4,554,14,Champions,Active High-Value,0.15871727075259395,Low,346.9975,55.07449615797322
15135,239,2,305.68,2010-06-01 13:33:00,2011-04-14 19:16:00,United Kingdom,2,2,2,222,6,Hibernating,Dormant,0.8441995490078058,High,34.7625,29.346486822383852
15136,2,4,1286.7,2011-09-04 16:05:00,2011-12-07 12:26:00,United Kingdom,5,3,4,534,12,Potential Loyalists,Recent Developing,0.3794555150162422,Medium,321.675,122.06135279284972
15137,520,2,823.4,2010-01-28 15:45:00,2010-07-07 09:41:00,United Kingdom,1,2,3,123,6,Hibernating,Dormant,,Inactive (>1 yr),,
15138,393,1,502.52,2010-11-11 09:16:00,2010-11-11 09:16:00,United Kingdom,2,1,2,212,5,Hibernating,Dormant,,Inactive (>1 yr),,
15139,239,2,178.96,2011-01-07 12:44:00,2011-04-14 11:39:00,United Kingdom,2,2,1,221,5,Hibernating,Dormant,0.7554318057759567,High,44.74,33.7980189904163
15140,52,8,3243.69,2010-09-23 13:07:00,2011-10-18 14:07:00,United Kingdom,4,4,5,445,13,Loyal Customers,Lapsing Mid-Value,0.24020898569533497,Low,588.5625,141.3780011433106
15141,457,7,1388.47,2010-03-28 15:58:00,2010-09-08 11:33:00,United Kingdom,1,4,4,144,9,At Risk,Lapsing Mid-Value,,Inactive (>1 yr),,
15142,46,6,2619.92,2010-07-27 09:05:00,2011-10-24 12:51:00,United Kingdom,4,4,4,444,12,Loyal Customers,Lapsing Mid-Value,0.6377201409930902,High,124.685,79.51413577972345
15143,225,2,563.63,2010-10-03 13:58:00,2011-04-28 12:03:00,United Kingdom,2,2,2,222,6,Hibernating,Dormant,0.798589326282112,High,64.8625,51.79850017597349
15144,8,29,12160.31,2009-12-13 11:35:00,2011-12-01 15:12:00,United Kingdom,5,5,5,555,15,Champions,Active High-Value,0.047402484943952834,Low,1645.11,77.98230200614624
15145,4,4,1194.73,2011-04-05 15:20:00,2011-12-05 17:21:00,United Kingdom,5,3,3,533,11,Potential Loyalists,Recent Developing,0.5250026173236223,Medium,298.6825,156.80909424876282
15146,164,2,1327.16,2011-02-21 13:07:00,2011-06-28 12:09:00,United Kingdom,3,2,4,324,9,About to Sleep,Lapsing Mid-Value,0.6326932664178294,High,331.79,209.92129886477164
15147,240,1,623.5,2011-04-13 15:57:00,2011-04-13 15:57:00,United Kingdom,2,1,3,213,6,Hibernating,Dormant,0.7962122183053904,High,155.875,124.10957952835273
15148,10,1,301.29,2011-11-29 08:21:00,2011-11-29 08:21:00,United Kingdom,5,1,2,512,8,New Customers,Recent Developing,0.6018071579543441,High,75.3225,45.32961965501609
15149,133,4,1524.6100000000001,2010-02-28 11:13:00,2011-07-29 10:58:00,United Kingdom,3,3,4,334,10,Need Attention,Lapsing Mid-Value,0.7303587177187495,High,130.20000000000002,95.0927050469812
15150,17,13,8977.94,2010-06-14 12:01:00,2011-11-22 12:52:00,United Kingdom,5,5,5,555,15,Champions,Active High-Value,0.11737953977754943,Low,1322.8325,155.27347005278517
15151,423,2,2085.61,2010-07-18 12:19:00,2010-10-12 16:37:00,United Kingdom,1,2,4,124,7,Hibernating,Lapsing Mid-Value,,Inactive (>1 yr),,
15152,9,14,5263.83,2010-01-07 15:15:00,2011-11-30 12:32:00,United Kingdom,5,5,5,555,15,Champions,Active High-Value,0.12486797448093677,Low,1186.4225,148.1461744536092
15153,31,1,329.25,2011-11-08 17:09:00,2011-11-08 17:09:00,United Kingdom,4,1,2,412,7,Promising,Recent Developing,0.6760350911866359,High,82.3125,55.64613844329996
15154,75,3,1343.72,2010-08-18 17:41:00,2011-09-25 16:05:00,United Kingdom,3,3,4,334,10,Need Attention,Lapsing Mid-Value,0.7935400613051818,High,63.57,50.44534169717041
15155,383,1,383.96999999999997,2010-11-21 12:59:00,2010-11-21 12:59:00,United Kingdom,2,1,2,212,5,Hibernating,Dormant,,Inactive (>1 yr),,
15156,1,3,961.49,2011-11-06 12:41:00,2011-12-08 18:22:00,United Kingdom,5,3,3,533,11,Potential Loyalists,Recent Developing,0.42251732998440766,Medium,240.3725,101.56154690167703
15157,3,5,2654.11,2009-12-10 14:44:00,2011-12-06 11:28:00,United Kingdom,5,4,4,544,13,Champions,Active High-Value,0.597519283159317,Medium,484.0175,289.2097896365647
15158,45,2,606.02,2010-11-03 13:46:00,2011-10-25 13:53:00,United Kingdom,4,2,3,423,9,Potential Loyalists,Recent Developing,0.8455313947032341,High,100.35000000000001,84.84907545846956
15159,1,34,22116.73,2010-10-04 09:31:00,2011-12-08 12:05:00,United Kingdom,5,5,5,555,15,Champions,Active High-Value,0.025748689233064396,Low,4660.2525000000005,119.99539337011144
15160,357,4,589.27,2010-10-14 15:26:00,2010-12-17 14:15:00,United Kingdom,2,3,2,232,7,At Risk,Lapsing Mid-Value,0.8587517079496139,High,39.54,33.95504253232773
15161,388,1,119.92,2010-11-16 16:08:00,2010-11-16 16:08:00,United Kingdom,2,1,1,211,4,Hibernating,Dormant,,Inactive (>1 yr),,
15162,731,1,312.9,2009-12-08 13:14:00,2009-12-08 13:14:00,United Kingdom,1,1,2,112,4,Hibernating,Dormant,,Inactive (>1 yr),,
15163,18,2,304.47,2011-05-31 15:22:00,2011-11-21 13:10:00,United Kingdom,5,2,2,522,9,Potential Loyalists,Recent Developing,0.7590986689048754,High,76.1175,57.78069293036686
15164,68,9,2028.1100000000001,2010-01-18 13:34:00,2011-10-02 12:05:00,United Kingdom,3,5,4,354,12,Loyal Customers,Lapsing Mid-Value,0.3535163123710522,Medium,206.145,72.87562021373056
15165,373,1,487.75,2010-12-01 14:03:00,2010-12-01 14:03:00,United Kingdom,2,1,2,212,5,Hibernating,Dormant,,Inactive (>1 yr),,
15166,467,1,167.16,2010-08-29 12:31:00,2010-08-29 12:31:00,United Kingdom,1,1,1,111,3,Hibernating,Dormant,,Inactive (>1 yr),,
15167,320,5,1627.62,2010-02-04 14:13:00,2011-01-23 12:41:00,United Kingdom,2,4,4,244,10,At Risk,Lapsing Mid-Value,0.801864012989963,High,39.7,31.834001315701535
15168,25,1,106.56,2011-11-14 11:26:00,2011-11-14 11:26:00,United Kingdom,4,1,1,411,6,Promising,Recent Developing,0.724236700032673,High,26.64,19.29366568887041
15169,382,2,569.22,2009-12-13 11:16:00,2010-11-22 13:04:00,United Kingdom,2,2,2,222,6,Hibernating,Dormant,,Inactive (>1 yr),,
15170,406,1,81.15,2010-10-29 10:34:00,2010-10-29 10:34:00,United Kingdom,2,1,1,211,4,Hibernating,Dormant,,Inactive (>1 yr),,
15171,331,1,1289.5,2011-01-12 15:36:00,2011-01-12 15:36:00,United Kingdom,2,1,4,214,7,Hibernating,Dormant,0.8176039102122891,High,322.375,263.5750605546867
15172,8,5,1624.05,2011-04-17 11:56:00,2011-12-01 11:51:00,United Kingdom,5,4,4,544,13,Champions,Recent Developing,0.3074662881752843,Medium,406.0125,124.83515632776762
15173,380,7,1494.6,2010-04-01 12:26:00,2010-11-24 10:21:00,United Kingdom,2,4,4,244,10,At Risk,Lapsing Mid-Value,,Inactive (>1 yr),,
15174,322,2,481.46,2010-10-25 09:40:00,2011-01-21 09:06:00,United Kingdom,2,2,2,222,6,Hibernating,Dormant,0.8204344219784504,High,33.9375,27.84349319589366
15175,71,1,224.14,2011-09-29 11:31:00,2011-09-29 11:31:00,United Kingdom,3,1,1,311,5,About to Sleep,Dormant,0.7427390096121106,High,56.035,41.61938040361461
15176,667,1,988.04,2010-02-10 10:36:00,2010-02-10 10:36:00,United Kingdom,1,1,3,113,5,Hibernating,Dormant,,Inactive (>1 yr),,
15177,425,1,948.93,2010-10-10 12:48:00,2010-10-10 12:48:00,United Kingdom,1,1,3,113,5,Hibernating,Dormant,,Inactive (>1 yr),,
15178,260,1,40.5,2011-03-24 15:12:00,2011-03-24 15:12:00,United Kingdom,2,1,1,211,4,Hibernating,Dormant,0.8923308380716765,High,10.125,9.034849735475724
15179,18,13,7491.92,2009-12-03 12:27:00,2011-11-21 12:53:00,United Kingdom,5,5,5,555,15,Champions,Active High-Value,0.19132882013222904,Low,551.7375,105.56328489770571
15180,367,3,816.9300000000001,2010-04-29 15:27:00,2010-12-07 14:57:00,United Kingdom,2,3,3,233,8,At Risk,Lapsing Mid-Value,,Inactive (>1 yr),,
15181,66,5,1200.2,2009-12-08 19:02:00,2011-10-04 13:58:00,United Kingdom,3,4,3,343,10,Loyal Customers,Lapsing Mid-Value,0.5590076447022332,Medium,172.36999999999998,96.35614771732392
15182,154,11,2998.9500000000003,2010-02-21 12:03:00,2011-07-08 13:37:00,United Kingdom,3,5,5,355,13,Loyal Customers,Lapsing Mid-Value,0.6209934078163117,High,155.7125,96.69643601459744
15183,547,3,639.93,2010-05-04 11:31:00,2010-06-10 10:43:00,United Kingdom,1,3,3,133,7,At Risk,Dormant,,Inactive (>1 yr),,
15184,29,4,685.39,2009-12-16 12:06:00,2011-11-10 13:41:00,United Kingdom,4,3,3,433,10,Potential Loyalists,Recent Developing,0.6536791884012438,High,100.55,65.72744239374506
15185,70,1,310.62,2011-09-30 14:06:00,2011-09-30 14:06:00,United Kingdom,3,1,2,312,6,About to Sleep,Dormant,0.732321282202759,High,77.655,56.868409169455255
15186,14,5,1403.2,2010-01-12 10:14:00,2011-11-25 14:58:00,United Kingdom,5,4,4,544,13,Champions,Recent Developing,0.6544517048687043,High,102.8525,67.31199397500842
15187,1,15,4762.18,2011-05-11 13:49:00,2011-12-08 11:56:00,United Kingdom,5,5,5,555,15,Champions,Active High-Value,0.07324696288757959,Low,1190.545,87.20380543099346
15188,725,1,310.43,2009-12-14 13:30:00,2009-12-14 13:30:00,United Kingdom,1,1,2,112,4,Hibernating,Dormant,,Inactive (>1 yr),,
15189,1,46,17524.38,2010-07-18 13:37:00,2011-12-08 13:22:00,United Kingdom,5,5,5,555,15,Champions,Active High-Value,0.027507823557478186,Low,4056.3475,111.58129131781774
15190,434,1,834.4399999999999,2010-10-01 13:09:00,2010-10-01 13:09:00,United Kingdom,1,1,3,113,5,Hibernating,Dormant,,Inactive (>1 yr),,
15191,463,3,588.05,2010-01-20 12:35:00,2010-09-02 15:37:00,United Kingdom,1,3,2,132,6,At Risk,Dormant,,Inactive (>1 yr),,
15192,119,5,1666.39,2010-01-29 10:13:00,2011-08-12 11:41:00,United Kingdom,3,4,4,344,11,Loyal Customers,Lapsing Mid-Value,0.5773548423752484,Medium,182.33,105.26910841027905
15193,60,1,499.32,2011-10-10 08:23:00,2011-10-10 08:23:00,United Kingdom,3,1,2,312,6,About to Sleep,Recent Developing,0.7074776323231351,High,124.83,88.31443284289695
15194,3,28,12021.53,2009-12-03 10:37:00,2011-12-06 15:10:00,United Kingdom,5,5,5,555,15,Champions,Active High-Value,0.06548305023997818,Low,1802.5925,118.03925523970786
15195,2,1,3861.0,2011-12-07 12:20:00,2011-12-07 12:20:00,United Kingdom,5,1,5,515,11,New Customers,Recent Developing,0.43433343369907,Medium,965.25,419.2403468780273
15196,432,2,313.7,2009-12-13 11:14:00,2010-10-03 10:50:00,United Kingdom,1,2,2,122,5,Hibernating,Dormant,,Inactive (>1 yr),,
15197,10,6,1877.51,2009-12-11 12:56:00,2011-11-29 10:00:00,United Kingdom,5,4,4,544,13,Champions,Recent Developing,0.5377531105613698,Medium,269.90250000000003,145.1409089232901
15198,92,5,571.35,2010-01-19 10:01:00,2011-09-08 14:42:00,United Kingdom,3,4,2,342,9,Loyal Customers,Lapsing Mid-Value,0.6631672676345816,High,48.41,32.10392742619009
15199,59,10,3122.4,2010-05-13 10:14:00,2011-10-11 15:12:00,United Kingdom,3,5,5,355,13,Loyal Customers,Lapsing Mid-Value,0.32721621264449713,Medium,317.175,103.78480224551838
15200,494,1,549.05,2010-08-02 09:38:00,2010-08-02 09:38:00,United Kingdom,1,1,2,112,4,Hibernating,Dormant,,Inactive (>1 yr),,
15201,87,7,1842.95,2010-04-07 14:50:00,2011-09-13 14:53:00,United Kingdom,3,4,4,344,11,Loyal Customers,Lapsing Mid-Value,0.41958561018955276,Medium,309.135,129.70859760594738
15203,25,15,4400.18,2009-12-08 18:06:00,2011-11-14 08:16:00,United Kingdom,4,5,5,455,14,Loyal Customers,Active High-Value,0.15863417874536137,Low,456.95,72.48788797769288
15204,357,1,316.58,2010-12-17 13:49:00,2010-12-17 13:49:00,United Kingdom,2,1,2,212,5,Hibernating,Dormant,0.8465818470438629,High,79.145,67.00272028428653
15205,85,2,653.24,2011-08-04 16:07:00,2011-09-15 19:36:00,United Kingdom,3,2,3,323,8,About to Sleep,Recent Developing,0.5827455208884867,Medium,163.31,95.16817101629877
15206,10,4,420.29999999999995,2011-03-09 08:59:00,2011-11-29 13:41:00,United Kingdom,5,3,2,532,10,Potential Loyalists,Recent Developing,0.5747171103525358,Medium,105.07499999999999,60.38840037029269
15207,416,3,683.9200000000001,2010-06-10 17:29:00,2010-10-19 13:29:00,United Kingdom,1,3,3,133,7,At Risk,Dormant,,Inactive (>1 yr),,
15208,1,6,970.52,2010-10-12 12:17:00,2011-12-08 17:24:00,United Kingdom,5,4,3,543,12,Champions,Recent Developing,0.43971334302491194,Medium,217.53,95.65084350820909
15209,730,1,178.98000000000002,2009-12-09 17:26:00,2009-12-09 17:26:00,United Kingdom,1,1,1,111,3,Hibernating,Dormant,,Inactive (>1 yr),,
15210,225,3,1176.19,2010-05-13 14:42:00,2011-04-28 16:11:00,United Kingdom,2,3,3,233,8,At Risk,Lapsing Mid-Value,0.7534778213829139,High,82.795,62.384196221398355
15211,60,2,894.4100000000001,2010-12-09 16:08:00,2011-10-10 13:31:00,United Kingdom,3,2,3,323,8,About to Sleep,Recent Developing,0.7874344447117249,High,127.83500000000001,100.66168223972335
15212,241,2,208.28,2010-11-28 10:45:00,2011-04-12 13:45:00,United Kingdom,2,2,1,221,5,Hibernating,Dormant,0.8333928878538243,High,25.45,21.209848995879828
15213,318,2,328.35,2011-01-14 11:05:00,2011-01-25 12:21:00,United Kingdom,2,2,2,222,6,Hibernating,Dormant,0.836963246470831,High,82.0875,68.70422049467435
15214,1,8,1661.44,2011-04-11 09:46:00,2011-12-08 12:07:00,United Kingdom,5,4,4,544,13,Champions,Active High-Value,0.19877207591979465,Low,415.36,82.56196945404591
15215,46,7,2422.43,2010-04-06 11:21:00,2011-10-24 11:41:00,United Kingdom,4,4,4,444,12,Loyal Customers,Lapsing Mid-Value,0.4492023299175736,Medium,183.735,82.53419008740539
15216,87,2,486.09,2010-03-31 09:52:00,2011-09-13 11:41:00,United Kingdom,3,2,2,322,7,About to Sleep,Recent Developing,0.885640259791542,High,24.15,21.38821227396574
15217,563,1,426.24,2010-05-25 13:51:00,2010-05-25 13:51:00,United Kingdom,1,1,2,112,4,Hibernating,Dormant,,Inactive (>1 yr),,
15218,10,22,11453.83,2010-01-26 11:33:00,2011-11-29 11:48:00,United Kingdom,5,5,5,555,15,Champions,Active High-Value,0.07854922487632376,Low,1439.2225,113.04981179956488
15219,176,2,685.45,2010-03-01 11:33:00,2011-06-16 16:57:00,United Kingdom,3,2,3,323,8,About to Sleep,Dormant,0.8392140636771269,High,76.4375,64.1474249923204
15220,51,6,1778.96,2011-03-04 10:24:00,2011-10-19 12:39:00,United Kingdom,4,4,4,444,12,Loyal Customers,Lapsing Mid-Value,0.2994615809098379,Low,444.74,133.1825434938413
15221,366,4,2062.2000000000003,2010-03-12 10:40:00,2010-12-08 13:08:00,United Kingdom,2,3,4,234,9,At Risk,Lapsing Mid-Value,,Inactive (>1 yr),,
15222,318,11,3550.91,2009-12-16 13:49:00,2011-01-25 08:03:00,United Kingdom,2,5,5,255,12,Can't Lose Them,Lapsing Mid-Value,0.7255560657994409,High,146.25,106.11257462316823
15223,225,5,1417.95,2009-12-05 11:19:00,2011-04-28 11:31:00,United Kingdom,2,4,4,244,10,At Risk,Lapsing Mid-Value,0.6825861511593896,High,188.9375,128.96612093467718
15224,358,5,871.36,2010-01-15 16:14:00,2010-12-16 15:02:00,United Kingdom,2,4,3,243,9,At Risk,Lapsing Mid-Value,0.7596137072054006,High,80.52,61.16409570417885
15225,234,1,409.40000000000003,2011-04-19 14:51:00,2011-04-19 14:51:00,United Kingdom,2,1,2,212,5,Hibernating,Dormant,0.8098953113990219,High,102.35000000000001,82.8927851216899
15226,310,1,154.41,2011-02-02 11:41:00,2011-02-02 11:41:00,United Kingdom,2,1,1,211,4,Hibernating,Dormant,0.8611126304190424,High,38.6025,33.24110031575108
15227,36,9,2488.4900000000002,2010-03-16 08:23:00,2011-11-03 11:59:00,United Kingdom,4,5,4,454,13,Loyal Customers,Active High-Value,0.2753349042887856,Low,304.85,83.93584557243629
15228,66,6,5580.2699999999995,2010-07-28 10:21:00,2011-10-04 13:56:00,United Kingdom,3,4,5,345,12,Loyal Customers,Lapsing Mid-Value,0.3360006719046327,Medium,846.6775,284.48420888653465
15229,586,1,160.5,2010-05-02 13:50:00,2010-05-02 13:50:00,United Kingdom,1,1,1,111,3,Hibernating,Dormant,,Inactive (>1 yr),,
15230,239,2,429.6,2011-04-13 11:04:00,2011-04-14 14:39:00,United Kingdom,2,2,2,222,6,Hibernating,Dormant,0.9145297580634505,High,107.4,98.2204960160146
15231,621,1,250.26,2010-03-28 15:12:00,2010-03-28 15:12:00,United Kingdom,1,1,1,111,3,Hibernating,Dormant,,Inactive (>1 yr),,
15232,113,2,612.06,2011-07-22 12:21:00,2011-08-18 16:27:00,United Kingdom,3,2,3,323,8,About to Sleep,Dormant,0.6372307919741038,High,153.015,97.50586963391748
15233,401,1,59.400000000000006,2010-11-03 13:36:00,2010-11-03 13:36:00,United Kingdom,2,1,1,211,4,Hibernating,Dormant,,Inactive (>1 yr),,
15234,276,1,197.0,2011-03-08 08:53:00,2011-03-08 08:53:00,United Kingdom,2,1,1,211,4,Hibernating,Dormant,0.8449605333642919,High,49.25,41.61430626819138
15235,217,16,2772.76,2010-11-16 12:48:00,2011-05-06 09:44:00,United Kingdom,2,5,4,254,11,Can't Lose Them,Lapsing Mid-Value,0.6220918488011663,High,520.615,323.8703478636192
15236,298,1,321.05,2011-02-14 10:52:00,2011-02-14 10:52:00,United Kingdom,2,1,2,212,5,Hibernating,Dormant,0.8334942086144143,High,80.2625,66.89832891891443
15237,1,4,1412.32,2011-04-26 15:04:00,2011-12-08 09:46:00,United Kingdom,5,3,4,534,12,Potential Loyalists,Recent Developing,0.4913981527040326,Medium,353.08,173.5028597567398
15238,29,3,1071.99,2011-06-08 16:00:00,2011-11-10 14:28:00,United Kingdom,4,3,3,433,10,Potential Loyalists,Recent Developing,0.5013775415629987,Medium,267.9975,134.36792769502975
15239,10,2,780.59,2011-09-22 09:53:00,2011-11-29 14:14:00,United Kingdom,5,2,3,523,10,Potential Loyalists,Recent Developing,0.5941349463770775,Medium,195.1475,115.94394944812075
15240,44,12,4459.98,2009-12-05 14:57:00,2011-10-26 09:50:00,United Kingdom,4,5,5,455,14,Loyal Customers,Active High-Value,0.22161008298965967,Low,426.6425,94.54827983191588
15241,66,11,3050.16,2010-02-23 13:59:00,2011-10-04 09:05:00,United Kingdom,3,5,5,355,13,Loyal Customers,Lapsing Mid-Value,0.21043644154367264,Low,439.11,92.4047458462421
15242,422,1,302.04,2010-10-13 15:33:00,2010-10-13 15:33:00,United Kingdom,1,1,2,112,4,Hibernating,Dormant,,Inactive (>1 yr),,
15243,74,2,927.2800000000001,2010-09-30 17:28:00,2011-09-26 14:12:00,United Kingdom,3,2,3,323,8,About to Sleep,Recent Developing,0.82021665685604,High,79.17,64.93655272329268
15244,65,3,912.08,2010-02-11 14:48:00,2011-10-05 13:19:00,United Kingdom,3,3,3,333,9,Need Attention,Recent Developing,0.6914770276421472,High,157.8925,109.17903658698775
15245,134,8,4610.84,2010-04-23 14:23:00,2011-07-28 18:56:00,United Kingdom,3,4,5,345,12,Loyal Customers,Lapsing Mid-Value,0.43278294042186083,Medium,628.96,272.2031582077336
15246,238,3,780.4,2010-06-02 11:28:00,2011-04-15 14:45:00,United Kingdom,2,3,3,233,8,At Risk,Lapsing Mid-Value,0.6862902017818827,High,128.5375,88.21402681153874
15247,122,3,976.06,2010-06-20 14:08:00,2011-08-09 12:52:00,United Kingdom,3,3,3,333,9,Need Attention,Lapsing Mid-Value,0.7607469681941202,High,89.0,67.7064801692767
15248,411,3,1893.93,2010-06-23 14:34:00,2010-10-24 13:09:00,United Kingdom,1,3,4,134,8,At Risk,Lapsing Mid-Value,,Inactive (>1 yr),,
15249,31,18,9266.0,2010-03-26 14:51:00,2011-11-08 11:45:00,United Kingdom,4,5,5,455,14,Loyal Customers,Active High-Value,0.10282321810268198,Low,1672.115,171.9322453377661
15250,640,1,60.0,2010-03-09 07:35:00,2010-03-09 07:35:00,United Kingdom,1,1,1,111,3,Hibernating,Dormant,,Inactive (>1 yr),,
15251,9,21,20324.54,2010-01-29 12:42:00,2011-11-30 15:02:00,United Kingdom,5,5,5,555,15,Champions,Active High-Value,0.07038122259928642,Low,2621.2475,184.486603785323
15252,36,5,2103.41,2010-04-07 10:24:00,2011-11-03 13:30:00,United Kingdom,4,4,4,444,12,Loyal Customers,Lapsing Mid-Value,0.5456140916526593,Medium,185.195,101.04500170361423
15253,16,8,2055.09,2010-05-02 11:17:00,2011-11-23 16:22:00,United Kingdom,5,4,4,544,13,Champions,Active High-Value,0.30611706694175106,Medium,229.54999999999998,70.26917271647895
15254,127,3,1088.35,2010-05-28 10:08:00,2011-08-04 15:04:00,United Kingdom,3,3,3,333,9,Need Attention,Lapsing Mid-Value,0.7572693590694379,High,75.09,56.8633561725241
15255,66,9,3706.02,2009-12-03 09:10:00,2011-10-04 12:43:00,United Kingdom,3,5,5,355,13,Loyal Customers,Lapsing Mid-Value,0.5045337057690309,Medium,222.7125,112.36596294608529
15256,148,2,170.4,2010-05-27 11:41:00,2011-07-14 11:47:00,United Kingdom,3,2,1,321,6,About to Sleep,Dormant,0.8715204676051224,High,24.6125,21.450297508931076
15257,283,2,685.9,2010-10-21 14:03:00,2011-03-01 12:58:00,United Kingdom,2,2,3,223,7,Hibernating,Dormant,0.8012719071706623,High,79.2875,63.53084633979388
15258,168,2,623.16,2011-05-06 14:16:00,2011-06-24 12:30:00,United Kingdom,3,2,3,323,8,About to Sleep,Dormant,0.6600043093505272,High,155.79,102.82207135371863
15259,512,4,1182.3799999999999,2010-01-26 09:41:00,2010-07-15 08:47:00,United Kingdom,1,3,3,133,7,At Risk,Lapsing Mid-Value,,Inactive (>1 yr),,
15260,100,25,8767.73,2009-12-06 11:45:00,2011-08-31 13:55:00,United Kingdom,3,5,5,355,13,Loyal Customers,Active High-Value,0.36224074418683666,Medium,347.5675,125.90310985515835
15261,135,4,1508.0,2010-10-01 11:59:00,2011-07-27 15:20:00,United Kingdom,3,3,4,334,10,Need Attention,Lapsing Mid-Value,0.7622128187886442,High,63.705,48.55676762093058
15262,323,3,418.82,2010-08-08 15:55:00,2011-01-20 12:16:00,United Kingdom,2,3,2,232,7,At Risk,Dormant,0.7897865569897983,High,44.737500000000004,35.3330760933311
15263,106,1,156.51,2011-08-25 10:26:00,2011-08-25 10:26:00,United Kingdom,3,1,1,311,5,About to Sleep,Dormant,0.8097986291602164,High,39.1275,31.685395862466365
15264,64,2,848.4,2010-06-27 13:29:00,2011-10-06 13:49:00,United Kingdom,3,2,3,323,8,About to Sleep,Recent Developing,0.8335115560267495,High,98.435,82.0467100174931
15265,151,4,3345.64,2009-12-01 17:08:00,2011-07-11 14:46:00,United Kingdom,3,3,5,335,11,Need Attention,Lapsing Mid-Value,0.5750292942652229,Medium,376.53000000000003,216.51578016968438
15266,338,5,852.21,2010-01-07 12:19:00,2011-01-05 13:40:00,United Kingdom,2,4,3,243,9,At Risk,Lapsing Mid-Value,0.8271257830681013,High,29.825,24.66902648000612
15267,22,5,1717.36,2011-06-10 10:24:00,2011-11-17 15:59:00,United Kingdom,4,4,4,444,12,Loyal Customers,Recent Developing,0.3074501879102343,Medium,429.34,132.00066367738
15268,478,3,961.9000000000001,2010-04-13 11:27:00,2010-08-18 10:33:00,United Kingdom,1,3,3,133,7,At Risk,Lapsing Mid-Value,,Inactive (>1 yr),,
15269,23,3,1225.3600000000001,2010-11-14 12:58:00,2011-11-16 09:32:00,United Kingdom,4,3,4,434,11,Potential Loyalists,Recent Developing,0.8041810861428413,High,102.2,82.18730700379838
15270,15,21,8524.86,2009-12-17 15:02:00,2011-11-24 09:24:00,United Kingdom,5,5,5,555,15,Champions,Active High-Value,0.24119239117615862,Low,594.8725,143.47872071993942
15271,7,24,4528.54,2010-08-05 14:57:00,2011-12-02 14:11:00,United Kingdom,5,5,5,555,15,Champions,Active High-Value,0.07069951663131548,Low,595.3975,42.09431545349366
15272,57,6,2030.95,2010-02-14 13:39:00,2011-10-13 12:59:00,United Kingdom,4,4,4,444,12,Loyal Customers,Lapsing Mid-Value,0.4253819313116661,Medium,180.485,76.77505787278605
15273,599,1,228.96,2010-04-19 11:31:00,2010-04-19 11:31:00,United Kingdom,1,1,1,111,3,Hibernating,Dormant,,Inactive (>1 yr),,
15274,4,2,716.57,2011-11-21 14:17:00,2011-12-05 16:57:00,United Kingdom,5,2,3,523,10,Potential Loyalists,Recent Developing,0.43748700142783864,Medium,179.1425,78.37251515328659
15275,37,1,615.14,2011-11-02 11:20:00,2011-11-02 11:20:00,United Kingdom,4,1,3,413,8,Promising,Recent Developing,0.6550646003493181,High,153.785,100.73910956471988
15276,66,4,619.8,2010-10-01 12:24:00,2011-10-04 16:39:00,United Kingdom,3,3,3,333,9,Need Attention,Recent Developing,0.7350185783859334,High,32.1575,23.636359934445654
15277,46,2,476.34,2010-10-10 16:02:00,2011-10-24 10:08:00,United Kingdom,4,2,2,422,8,Potential Loyalists,Recent Developing,0.8426581569905157,High,63.974999999999994,53.90905559346824
15278,561,4,496.15999999999997,2010-02-12 14:53:00,2010-05-27 10:03:00,United Kingdom,1,3,2,132,6,At Risk,Dormant,,Inactive (>1 yr),,
15279,354,5,1580.54,2010-02-02 10:15:00,2010-12-20 10:48:00,United Kingdom,2,4,4,244,10,At Risk,Lapsing Mid-Value,0.7533292326721927,High,72.6275,54.71241884589967
15280,172,3,397.52,2010-05-17 14:17:00,2011-06-20 17:14:00,United Kingdom,3,3,2,332,8,Need Attention,Dormant,0.7943973329982335,High,28.28,22.465556577190043
15281,58,16,8543.57,2010-10-08 12:14:00,2011-10-12 09:10:00,United Kingdom,4,5,5,455,14,Loyal Customers,Active High-Value,0.30090156925760575,Medium,583.0375,175.43689868603133
15282,570,1,348.59,2010-05-18 16:27:00,2010-05-18 16:27:00,United Kingdom,1,1,2,112,4,Hibernating,Dormant,,Inactive (>1 yr),,
15283,390,3,148.33,2010-07-09 15:46:00,2010-11-14 14:54:00,United Kingdom,2,3,1,231,6,At Risk,Dormant,,Inactive (>1 yr),,
15284,500,1,24.75,2010-07-27 13:25:00,2010-07-27 13:25:00,United Kingdom,1,1,1,111,3,Hibernating,Dormant,,Inactive (>1 yr),,
15285,407,1,94.92,2010-10-28 09:46:00,2010-10-28 09:46:00,United Kingdom,2,1,1,211,4,Hibernating,Dormant,,Inactive (>1 yr),,
15286,49,1,240.55,2011-10-21 11:08:00,2011-10-21 11:08:00,United Kingdom,4,1,1,411,6,Promising,Recent Developing,0.7443377695206087,High,60.1375,44.76261261454561
15287,22,5,856.03,2009-12-02 12:13:00,2011-11-17 15:34:00,United Kingdom,4,4,3,443,11,Loyal Customers,Recent Developing,0.5663440747096374,Medium,121.6725,68.90849943010836
15288,43,10,3706.53,2010-02-12 15:27:00,2011-10-27 16:58:00,United Kingdom,4,5,5,455,14,Loyal Customers,Active High-Value,0.2747416458880185,Low,535.2175,147.04653685807054
15289,29,5,1593.09,2010-03-28 11:45:00,2011-11-10 13:49:00,United Kingdom,4,4,4,444,12,Loyal Customers,Recent Developing,0.5001134673511045,Medium,234.945,117.49915858680525
15290,4,26,10496.28,2010-02-24 10:15:00,2011-12-05 11:39:00,United Kingdom,5,5,5,555,15,Champions,Active High-Value,0.04399379831297506,Low,1985.805,87.36310465889744
15291,25,39,13472.76,2009-12-03 11:09:00,2011-11-14 11:02:00,United Kingdom,4,5,5,455,14,Loyal Customers,Active High-Value,0.10620068814792277,Low,1073.625,114.01971381281359
15292,201,1,178.39,2011-05-22 15:00:00,2011-05-22 15:00:00,United Kingdom,2,1,1,211,4,Hibernating,Dormant,0.8285606284792949,High,44.5975,36.95173262860535
15293,665,1,247.5,2010-02-12 11:54:00,2010-02-12 11:54:00,United Kingdom,1,1,1,111,3,Hibernating,Dormant,,Inactive (>1 yr),,
15294,410,1,233.35,2010-10-25 11:45:00,2010-10-25 11:45:00,United Kingdom,1,1,1,111,3,Hibernating,Dormant,,Inactive (>1 yr),,
15295,654,1,207.04,2010-02-23 13:03:00,2010-02-23 13:03:00,United Kingdom,1,1,1,111,3,Hibernating,Dormant,,Inactive (>1 yr),,
15296,50,12,10323.03,2010-01-21 13:48:00,2011-10-20 11:47:00,United Kingdom,4,5,5,455,14,Loyal Customers,Active High-Value,0.25359429137083467,Low,918.215,232.85408225107096
15297,10,3,641.94,2011-10-07 09:42:00,2011-11-29 16:32:00,United Kingdom,5,3,3,533,11,Potential Loyalists,Recent Developing,0.45004937191026845,Medium,160.485,72.22617345101943
15298,2,23,9061.77,2009-12-08 17:04:00,2011-12-07 17:17:00,United Kingdom,5,5,5,555,15,Champions,Active High-Value,0.07440183571978394,Low,1100.575,81.88480034730121
15299,67,9,5556.53,2010-01-12 11:34:00,2011-10-03 14:19:00,United Kingdom,3,5,5,355,13,Loyal Customers,Active High-Value,0.4262219842621274,Medium,518.0,220.78298784778198
15300,64,1,496.44,2011-10-06 17:08:00,2011-10-06 17:08:00,United Kingdom,3,1,2,312,6,About to Sleep,Recent Developing,0.7059921538404682,High,124.11,87.6206862131405
15301,50,17,6909.67,2010-09-15 15:41:00,2011-10-20 09:57:00,United Kingdom,4,5,5,455,14,Loyal Customers,Active High-Value,0.1326369407826678,Low,1094.145,145.12404557265205
15302,730,1,308.0,2009-12-09 13:11:00,2009-12-09 13:11:00,United Kingdom,1,1,2,112,4,Hibernating,Dormant,,Inactive (>1 yr),,
15303,290,3,1224.18,2010-01-25 09:42:00,2011-02-22 13:59:00,United Kingdom,2,3,4,234,9,At Risk,Lapsing Mid-Value,0.7308255565650474,High,143.505,104.87712149486713
15304,60,9,796.4000000000001,2010-10-14 10:24:00,2011-10-10 10:23:00,United Kingdom,3,5,3,353,11,Loyal Customers,Lapsing Mid-Value,0.3156611205510435,Medium,142.8125,45.0803537786959
15305,555,1,93.6,2010-06-02 13:50:00,2010-06-02 13:50:00,United Kingdom,1,1,1,111,3,Hibernating,Dormant,,Inactive (>1 yr),,
15306,64,9,3484.73,2010-02-18 17:12:00,2011-10-06 12:56:00,United Kingdom,3,5,5,355,13,Loyal Customers,Lapsing Mid-Value,0.4113722009464256,Medium,293.5875,120.77373604535872
15307,95,1,205.3,2011-09-05 11:38:00,2011-09-05 11:38:00,United Kingdom,3,1,1,311,5,About to Sleep,Dormant,0.7950400424960191,High,51.325,40.805430181108186
15308,274,1,310.47,2011-03-10 13:08:00,2011-03-10 13:08:00,United Kingdom,2,1,2,212,5,Hibernating,Dormant,0.8299034517002205,High,77.6175,64.41503116234188
15309,610,4,797.96,2009-12-04 13:01:00,2010-04-08 11:11:00,United Kingdom,1,3,3,133,7,At Risk,Lapsing Mid-Value,,Inactive (>1 yr),,
15310,478,1,1634.64,2010-08-18 11:38:00,2010-08-18 11:38:00,United Kingdom,1,1,4,114,6,Hibernating,Dormant,,Inactive (>1 yr),,
15311,0,207,114671.42,2009-12-01 11:21:00,2011-12-09 12:00:00,United Kingdom,5,5,5,555,15,Champions,Active High-Value,0.005596736279027958,Low,14755.92,82.58499279443421
15312,75,12,2930.19,2009-12-16 09:23:00,2011-09-25 13:10:00,United Kingdom,3,5,5,355,13,Loyal Customers,Lapsing Mid-Value,0.31712575686683114,Medium,231.2125,73.3234390595722
15313,110,1,52.0,2011-08-21 16:02:00,2011-08-21 16:02:00,United Kingdom,3,1,1,311,5,About to Sleep,Dormant,0.8628871407637132,High,13.0,11.217532829928272
15314,199,3,820.4499999999999,2010-10-07 15:41:00,2011-05-24 14:39:00,United Kingdom,2,3,3,233,8,At Risk,Lapsing Mid-Value,0.7935755471371162,High,81.9925,65.06724304864001
15315,64,2,570.5,2011-08-15 15:17:00,2011-10-06 12:51:00,United Kingdom,3,2,2,322,7,About to Sleep,Recent Developing,0.5978417228307651,Medium,142.625,85.26717571873787
15316,326,1,165.0,2011-01-17 11:34:00,2011-01-17 11:34:00,United Kingdom,2,1,1,211,4,Hibernating,Dormant,0.8746427306120492,High,41.25,36.07901263774703
15317,677,1,129.75,2010-01-31 15:55:00,2010-01-31 15:55:00,United Kingdom,1,1,1,111,3,Hibernating,Dormant,,Inactive (>1 yr),,
15318,3,1,312.62,2011-12-06 11:30:00,2011-12-06 11:30:00,United Kingdom,5,1,2,512,8,New Customers,Recent Developing,0.51068913683621,Medium,78.155,39.91290948943399
15319,283,1,204.5,2011-03-01 12:48:00,2011-03-01 12:48:00,United Kingdom,2,1,1,211,4,Hibernating,Dormant,0.8436984010107108,High,51.125,43.13408075167259
15320,44,1,267.13,2011-10-26 13:27:00,2011-10-26 13:27:00,United Kingdom,4,1,1,411,6,Promising,Recent Developing,0.6995042050792597,High,66.7825,46.71463957570566
15321,70,12,6709.7300000000005,2010-02-03 09:47:00,2011-09-30 09:40:00,United Kingdom,3,5,5,355,13,Loyal Customers,Active High-Value,0.36797786987472514,Medium,687.0775,252.82931488885146
15322,85,2,1390.86,2010-08-20 13:10:00,2011-09-15 09:34:00,United Kingdom,3,2,4,324,9,About to Sleep,Lapsing Mid-Value,0.7930147911693157,High,169.92,134.7490733154901
15323,562,3,434.6,2010-02-16 09:21:00,2010-05-26 10:01:00,United Kingdom,1,3,2,132,6,At Risk,Dormant,,Inactive (>1 yr),,
15324,701,1,140.22000000000003,2010-01-07 14:37:00,2010-01-07 14:37:00,United Kingdom,1,1,1,111,3,Hibernating,Dormant,,Inactive (>1 yr),,
15325,103,8,1601.46,2010-02-16 13:30:00,2011-08-28 11:55:00,United Kingdom,3,4,4,344,11,Loyal Customers,Lapsing Mid-Value,0.6901681108055694,High,40.435,27.9069475604232
15326,333,5,1700.52,2009-12-01 13:19:00,2011-01-10 11:38:00,United Kingdom,2,4,4,244,10,At Risk,Lapsing Mid-Value,0.7814099265020943,High,77.9275,60.89332204749195
15327,52,1,208.75,2011-10-18 11:55:00,2011-10-18 11:55:00,United Kingdom,4,1,1,411,6,Promising,Dormant,0.737635511429942,High,52.1875,38.4953532527501
15328,407,1,107.24,2010-10-28 09:05:00,2010-10-28 09:05:00,United Kingdom,2,1,1,211,4,Hibernating,Dormant,,Inactive (>1 yr),,
15329,39,11,2958.83,2009-12-14 12:18:00,2011-10-31 15:36:00,United Kingdom,4,5,5,455,14,Loyal Customers,Active High-Value,0.3292016080181944,Medium,262.425,86.39073198417468
15330,32,2,714.96,2011-10-10 12:30:00,2011-11-07 17:50:00,United Kingdom,4,2,3,423,9,Potential Loyalists,Recent Developing,0.5134044053545762,Medium,178.74,91.76590341307696
15331,499,3,767.91,2010-04-09 14:26:00,2010-07-28 09:42:00,United Kingdom,1,3,3,133,7,At Risk,Lapsing Mid-Value,,Inactive (>1 yr),,
15332,366,6,4892.68,2010-07-14 13:01:00,2010-12-08 14:43:00,Lithuania,2,4,5,245,11,At Risk,Lapsing Mid-Value,,Inactive (>1 yr),,
15333,208,1,1028.56,2011-05-15 13:27:00,2011-05-15 13:27:00,United Kingdom,2,1,3,213,6,Hibernating,Dormant,0.7755777574326125,High,257.14,199.43206454622197
15334,156,3,347.87,2011-06-19 13:51:00,2011-07-06 11:22:00,United Kingdom,3,3,2,332,8,Need Attention,Dormant,0.7405108583446961,High,86.9675,64.40037807309236
15335,53,1,170.22,2011-10-17 12:50:00,2011-10-17 12:50:00,United Kingdom,4,1,1,411,6,Promising,Dormant,0.7281796067915083,High,42.555,30.987683167012634
15336,401,1,240.5,2010-11-03 12:39:00,2010-11-03 12:39:00,United Kingdom,2,1,1,211,4,Hibernating,Dormant,,Inactive (>1 yr),,
15337,411,1,373.02,2010-10-24 15:29:00,2010-10-24 15:29:00,United Kingdom,1,1,2,112,4,Hibernating,Dormant,,Inactive (>1 yr),,
15338,677,1,277.93,2010-01-31 14:25:00,2010-01-31 14:25:00,United Kingdom,1,1,1,111,3,Hibernating,Dormant,,Inactive (>1 yr),,
15339,66,7,1821.02,2010-02-08 13:38:00,2011-10-04 12:51:00,United Kingdom,3,4,4,344,11,Loyal Customers,Lapsing Mid-Value,0.5079768586487869,Medium,143.5175,72.90356881112729
15340,561,1,105.5,2010-05-27 10:27:00,2010-05-27 10:27:00,United Kingdom,1,1,1,111,3,Hibernating,Dormant,,Inactive (>1 yr),,
15341,80,2,2402.7200000000003,2010-09-16 16:41:00,2011-09-20 09:40:00,United Kingdom,3,2,4,324,9,About to Sleep,Lapsing Mid-Value,0.7537192527661181,High,505.13,380.7262061497492
15342,129,1,406.09,2011-08-02 10:19:00,2011-08-02 10:19:00,United Kingdom,3,1,2,312,6,About to Sleep,Dormant,0.7810637557352142,High,101.5225,79.29554514162828
15343,87,1,364.5,2011-09-13 13:55:00,2011-09-13 13:55:00,United Kingdom,3,1,2,312,6,About to Sleep,Dormant,0.7404433642090947,High,91.125,67.47290156355376
15344,0,3,563.94,2011-09-26 14:48:00,2011-12-09 10:45:00,United Kingdom,5,3,2,532,10,Potential Loyalists,Recent Developing,0.5634298079903798,Medium,140.985,79.4351514795237
15345,45,1,393.54,2011-10-25 11:28:00,2011-10-25 11:28:00,United Kingdom,4,1,2,412,7,Promising,Recent Developing,0.7020339977685587,High,98.385,69.06961487045965
15346,332,3,596.12,2010-10-04 15:11:00,2011-01-11 11:18:00,United Kingdom,2,3,2,232,7,At Risk,Dormant,0.829717635848765,High,63.105000000000004,52.35933141023632
15347,366,4,1162.0,2010-09-28 12:50:00,2010-12-08 15:25:00,United Kingdom,2,3,3,233,8,At Risk,Lapsing Mid-Value,,Inactive (>1 yr),,
15348,72,1,158.04,2011-09-28 13:17:00,2011-09-28 13:17:00,United Kingdom,3,1,1,311,5,About to Sleep,Dormant,0.7671287478613984,High,39.51,30.30925682800385
15349,158,2,463.90999999999997,2011-06-05 15:46:00,2011-07-04 16:06:00,United Kingdom,3,2,2,322,7,About to Sleep,Dormant,0.6578917848899251,High,115.97749999999999,76.30064448207128
15350,373,2,547.6,2010-11-21 15:14:00,2010-12-01 13:33:00,United Kingdom,2,2,2,222,6,Hibernating,Dormant,,Inactive (>1 yr),,
15351,12,10,3430.22,2010-10-03 12:18:00,2011-11-27 12:52:00,United Kingdom,5,5,5,555,15,Champions,Active High-Value,0.23622773666110927,Low,414.9975,98.0339201450187
15352,548,1,111.15,2010-06-09 11:28:00,2010-06-09 11:28:00,United Kingdom,1,1,1,111,3,Hibernating,Dormant,,Inactive (>1 yr),,
15353,254,7,2794.4700000000003,2009-12-02 11:33:00,2011-03-30 12:15:00,United Kingdom,2,4,4,244,10,At Risk,Lapsing Mid-Value,0.6480858757458461,High,114.6175,74.28198286329952
15355,29,2,277.05,2011-10-17 15:22:00,2011-11-10 13:44:00,United Kingdom,4,2,1,421,7,Potential Loyalists,Recent Developing,0.5409227053489468,Medium,69.2625,37.465658879231434
15356,31,13,3239.57,2010-10-13 13:12:00,2011-11-08 13:11:00,United Kingdom,4,5,5,455,14,Loyal Customers,Active High-Value,0.13834632593416507,Low,643.7275,89.05733452778524
15358,4,42,16425.86,2009-12-07 12:19:00,2011-12-05 09:04:00,United Kingdom,5,5,5,555,15,Champions,Active High-Value,0.029519294549674693,Low,1930.6625,56.991795013511314
15359,662,8,181.35,2010-01-15 11:30:00,2010-02-15 10:47:00,United Kingdom,1,4,1,141,6,At Risk,Dormant,,Inactive (>1 yr),,
15360,39,1,427.93,2011-10-31 09:35:00,2011-10-31 09:35:00,United Kingdom,4,1,2,412,7,Promising,Recent Developing,0.6901740039179016,High,106.9825,73.8365403741469
15361,361,4,689.07,2010-06-14 13:27:00,2010-12-13 09:52:00,United Kingdom,2,3,3,233,8,At Risk,Lapsing Mid-Value,0.7962799581585389,High,104.73,83.39440001794378
15362,448,2,613.08,2009-12-01 09:08:00,2010-09-17 10:37:00,United Kingdom,1,2,3,123,6,Hibernating,Dormant,,Inactive (>1 yr),,
15363,372,2,678.11,2010-08-04 08:41:00,2010-12-02 12:28:00,United Kingdom,2,2,3,223,7,Hibernating,Dormant,,Inactive (>1 yr),,
15364,95,2,913.19,2011-03-30 13:39:00,2011-09-05 09:46:00,United Kingdom,3,2,3,323,8,About to Sleep,Lapsing Mid-Value,0.6801934977780113,High,228.2975,155.28647505897555
15365,25,13,4557.13,2010-02-04 16:43:00,2011-11-14 08:29:00,United Kingdom,4,5,5,455,14,Loyal Customers,Active High-Value,0.231875748207909,Low,578.58,134.158670398132
15366,75,7,2389.08,2010-02-26 10:10:00,2011-09-25 15:01:00,United Kingdom,3,4,4,344,11,Loyal Customers,Lapsing Mid-Value,0.48555856582808177,Medium,150.6275,73.13847287426938
15367,57,11,5081.33,2009-12-10 14:20:00,2011-10-13 14:13:00,United Kingdom,4,5,5,455,14,Loyal Customers,Active High-Value,0.28636911162911505,Low,469.3975,134.42094507592753
15368,21,2,722.74,2010-11-10 15:52:00,2011-11-18 14:42:00,United Kingdom,4,2,3,423,9,Potential Loyalists,Recent Developing,0.8619497894962469,High,111.73500000000001,96.30995972936316
15369,492,11,6251.26,2009-12-08 07:43:00,2010-08-04 13:54:00,United Kingdom,1,5,5,155,11,Can't Lose Them,Lapsing Mid-Value,,Inactive (>1 yr),,
15370,40,8,3739.01,2010-10-25 12:08:00,2011-10-30 10:58:00,United Kingdom,4,4,5,445,13,Loyal Customers,Active High-Value,0.21125594788366314,Low,596.5125,126.01681361195362
15371,662,1,59.400000000000006,2010-02-15 13:14:00,2010-02-15 13:14:00,United Kingdom,1,1,1,111,3,Hibernating,Dormant,,Inactive (>1 yr),,
15372,137,8,6017.06,2010-02-14 11:24:00,2011-07-25 16:39:00,United Kingdom,3,4,5,345,12,Loyal Customers,Lapsing Mid-Value,0.6566043451899054,High,501.84999999999997,329.516890633554
15373,8,17,3084.54,2010-05-02 11:57:00,2011-12-01 15:05:00,United Kingdom,5,5,5,555,15,Champions,Active High-Value,0.11716438937663422,Low,520.4025,60.97264114257389
15374,128,2,307.32,2010-03-25 12:03:00,2011-08-03 09:59:00,United Kingdom,3,2,2,322,7,About to Sleep,Dormant,0.8698532700273767,High,42.0,36.53383734114982
15375,690,1,60.959999999999994,2010-01-18 15:38:00,2010-01-18 15:38:00,United Kingdom,1,1,1,111,3,Hibernating,Dormant,,Inactive (>1 yr),,
15376,40,3,1221.56,2011-05-01 13:45:00,2011-10-30 15:04:00,United Kingdom,4,3,4,434,11,Potential Loyalists,Recent Developing,0.48949066566010807,Medium,305.39,149.4855543859404
15377,382,4,1211.75,2010-10-20 11:42:00,2010-11-22 08:55:00,United Kingdom,2,3,4,234,9,At Risk,Lapsing Mid-Value,,Inactive (>1 yr),,
15378,462,2,246.5,2010-07-26 08:47:00,2010-09-03 11:30:00,United Kingdom,1,2,1,121,4,Hibernating,Dormant,,Inactive (>1 yr),,
15379,169,8,4877.84,2010-11-04 11:59:00,2011-06-23 13:13:00,United Kingdom,3,4,5,345,12,Loyal Customers,Lapsing Mid-Value,0.4209119169960503,Medium,925.8225,389.68972327307574
15380,8,11,3248.96,2009-12-01 13:50:00,2011-12-01 12:13:00,United Kingdom,5,5,5,555,15,Champions,Active High-Value,0.26775819714653526,Low,365.04,97.74245228637123
15381,213,5,1890.5700000000002,2010-05-05 14:35:00,2011-05-10 11:55:00,United Kingdom,2,4,4,244,10,At Risk,Lapsing Mid-Value,0.650458939013802,High,149.2125,97.05660443759695
15382,14,12,13733.550000000001,2009-12-04 14:13:00,2011-11-25 10:58:00,United Kingdom,5,5,5,555,15,Champions,Active High-Value,0.18207548454233477,Low,1488.9275,271.09719601090717
15384,169,4,2027.79,2010-04-26 12:38:00,2011-06-23 10:57:00,United Kingdom,3,3,4,334,10,Need Attention,Lapsing Mid-Value,0.6387717698940439,High,160.6025,102.58834317440818
15385,40,3,942.08,2010-01-31 13:02:00,2011-10-30 15:11:00,United Kingdom,4,3,3,433,10,Potential Loyalists,Recent Developing,0.795459946603159,High,79.22,63.016336969902255
15386,186,1,394.14,2011-06-06 13:47:00,2011-06-06 13:47:00,United Kingdom,3,1,2,312,6,About to Sleep,Dormant,0.7960026986589022,High,98.535,78.43412591235492
15387,492,1,468.65,2010-08-04 16:05:00,2010-08-04 16:05:00,United Kingdom,1,1,2,112,4,Hibernating,Dormant,,Inactive (>1 yr),,
15388,270,1,140.54,2011-03-14 13:53:00,2011-03-14 13:53:00,Canada,2,1,1,211,4,Hibernating,Dormant,0.8410272554496788,High,35.135,29.549492620224463
15389,172,5,2733.8,2010-01-27 12:44:00,2011-06-20 16:18:00,United Kingdom,3,4,4,344,11,Loyal Customers,Lapsing Mid-Value,0.7230777294507365,High,125.0,90.38471618134206
15390,396,2,1216.66,2010-10-26 17:23:00,2010-11-08 15:19:00,Canada,2,2,4,224,8,Hibernating,Lapsing Mid-Value,,Inactive (>1 yr),,
15391,584,1,289.87,2010-05-04 15:04:00,2010-05-04 15:04:00,United Kingdom,1,1,2,112,4,Hibernating,Dormant,,Inactive (>1 yr),,
15392,4,7,2911.62,2010-10-04 12:50:00,2011-12-05 11:01:00,United Kingdom,5,4,5,545,14,Champions,Active High-Value,0.350682442562049,Medium,383.8825,134.62085275682577
15393,16,5,891.34,2009-12-15 17:56:00,2011-11-23 16:48:00,United Kingdom,5,4,3,543,12,Champions,Recent Developing,0.6745701571687951,High,57.965,39.10145916028921
15394,9,11,5286.8,2009-12-15 19:05:00,2011-11-30 11:49:00,United Kingdom,5,5,5,555,15,Champions,Active High-Value,0.25055581587457176,Low,545.885,136.7746615486906
15395,325,1,107.45,2011-01-18 12:40:00,2011-01-18 12:40:00,United Kingdom,2,1,1,211,4,Hibernating,Dormant,0.8728408785082415,High,26.8625,23.446688098927638
15396,112,2,796.38,2010-05-05 09:04:00,2011-08-19 10:56:00,United Kingdom,3,2,3,323,8,About to Sleep,Lapsing Mid-Value,0.858625319055575,High,72.045,61.8596611113589
15397,289,1,94.0,2011-02-23 09:25:00,2011-02-23 09:25:00,United Kingdom,2,1,1,211,4,Hibernating,Dormant,0.8729537358728048,High,23.5,20.514412793010912
15398,16,2,1345.53,2011-09-22 14:56:00,2011-11-23 16:47:00,United Kingdom,5,2,4,524,11,Potential Loyalists,Recent Developing,0.5326064717125638,Medium,336.3825,179.15949647085148
15399,1,3,815.77,2011-09-21 15:57:00,2011-12-08 13:04:00,United Kingdom,5,3,3,533,11,Potential Loyalists,Recent Developing,0.4755660903726428,Medium,203.9425,96.9881373858227
15400,92,8,1302.3,2010-05-28 08:33:00,2011-09-08 13:57:00,United Kingdom,3,4,4,344,11,Loyal Customers,Lapsing Mid-Value,0.46543614087330715,Medium,179.05,83.33634102336565
15401,452,2,216.95000000000002,2010-05-20 10:56:00,2010-09-13 13:42:00,United Kingdom,1,2,1,121,4,Hibernating,Dormant,,Inactive (>1 yr),,
15402,148,6,1830.12,2010-04-27 12:12:00,2011-07-14 12:17:00,United Kingdom,3,4,4,344,11,Loyal Customers,Lapsing Mid-Value,0.5659485572344001,Medium,156.5875,88.62046970594163
15403,491,2,170.88,2009-12-09 12:45:00,2010-08-05 12:21:00,United Kingdom,1,2,1,121,4,Hibernating,Dormant,,Inactive (>1 yr),,
15404,375,1,257.06,2010-11-29 11:03:00,2010-11-29 11:03:00,United Kingdom,2,1,1,211,4,Hibernating,Dormant,,Inactive (>1 yr),,
15405,189,2,659.84,2010-05-12 15:56:00,2011-06-03 14:44:00,United Kingdom,2,2,3,223,7,Hibernating,Dormant,0.8167205524893102,High,87.275,71.27928621850455
15406,31,4,975.87,2010-09-12 13:06:00,2011-11-08 13:22:00,United Kingdom,4,3,3,433,10,Potential Loyalists,Recent Developing,0.6506793691746473,High,127.67750000000001,83.07711515779604
15407,33,4,1046.74,2011-02-07 13:18:00,2011-11-06 11:55:00,United Kingdom,4,3,3,433,10,Potential Loyalists,Recent Developing,0.4277400482844238,Medium,261.685,111.93315453530944
15408,264,1,267.18,2011-03-20 15:02:00,2011-03-20 15:02:00,United Kingdom,2,1,1,211,4,Hibernating,Dormant,0.8250014215768503,High,66.795,55.10596995422572
15409,721,1,131.25,2009-12-18 15:35:00,2009-12-18 15:35:00,United Kingdom,1,1,1,111,3,Hibernating,Dormant,,Inactive (>1 yr),,
15410,84,10,4685.72,2010-04-19 08:57:00,2011-09-16 14:47:00,United Kingdom,3,5,5,355,13,Loyal Customers,Lapsing Mid-Value,0.27029604286379083,Low,862.71,233.187099139021
15411,26,4,1348.93,2011-06-10 12:30:00,2011-11-13 15:19:00,United Kingdom,4,3,4,434,11,Potential Loyalists,Recent Developing,0.343755965495087,Medium,337.2325,115.92568363382195
15412,171,1,190.53,2011-06-21 15:24:00,2011-06-21 15:24:00,United Kingdom,3,1,1,311,5,About to Sleep,Dormant,0.8281820391876723,High,47.6325,39.4483809816068
15413,691,5,6798.72,2009-12-01 10:18:00,2010-01-17 11:33:00,United Kingdom,1,4,5,145,10,At Risk,Lapsing Mid-Value,,Inactive (>1 yr),,
15414,9,3,774.9000000000001,2011-04-11 13:45:00,2011-11-30 09:50:00,United Kingdom,5,3,3,533,11,Potential Loyalists,Recent Developing,0.6520278532725707,High,193.72500000000002,126.31409587522879
15415,313,1,559.61,2011-01-30 14:13:00,2011-01-30 14:13:00,United Kingdom,2,1,2,212,5,Hibernating,Dormant,0.805952052549102,High,139.9025,112.75470703175074
15416,64,7,4572.82,2010-02-01 11:55:00,2011-10-06 09:38:00,United Kingdom,3,4,5,345,12,Loyal Customers,Lapsing Mid-Value,0.3263940908979677,Medium,996.08,325.1146260616477
15417,85,1,508.8,2011-09-15 15:26:00,2011-09-15 15:26:00,United Kingdom,3,1,2,312,6,About to Sleep,Dormant,0.7235591067571499,High,127.2,92.03671837950947
15418,425,2,449.42,2010-05-02 11:31:00,2010-10-10 13:38:00,United Kingdom,1,2,2,122,5,Hibernating,Dormant,,Inactive (>1 yr),,
15419,24,1,135.86,2011-11-15 09:23:00,2011-11-15 09:23:00,United Kingdom,4,1,1,411,6,Promising,Recent Developing,0.7068430049872888,High,33.965,24.007922664393266
15420,434,6,743.0,2009-12-05 13:29:00,2010-10-01 15:46:00,United Kingdom,1,4,3,143,8,At Risk,Lapsing Mid-Value,,Inactive (>1 yr),,
15421,58,10,3805.34,2009-12-07 15:10:00,2011-10-12 09:20:00,United Kingdom,4,5,5,455,14,Loyal Customers,Active High-Value,0.3455463861708249,Medium,237.59,82.09836589032629
15422,323,7,1619.97,2010-02-07 11:52:00,2011-01-20 16:17:00,United Kingdom,2,4,4,244,10,At Risk,Lapsing Mid-Value,0.8266338703626567,High,24.425,20.19053228360789
15423,38,3,266.89,2010-03-28 13:42:00,2011-11-01 14:01:00,United Kingdom,4,3,1,431,8,Potential Loyalists,Recent Developing,0.8661462290771355,High,10.875,9.419340241213849
15424,254,3,597.78,2010-09-02 17:17:00,2011-03-30 13:02:00,United Kingdom,2,3,2,232,7,At Risk,Dormant,0.7659985039747261,High,95.835,73.40946662841787
15425,400,4,1941.1200000000001,2010-02-14 12:36:00,2010-11-04 18:13:00,United Kingdom,2,3,4,234,9,At Risk,Lapsing Mid-Value,,Inactive (>1 yr),,
15426,19,9,2156.35,2010-05-02 15:10:00,2011-11-20 15:36:00,United Kingdom,5,5,4,554,14,Champions,Active High-Value,0.3077517076248176,Medium,255.375,78.5920923346878
15427,33,3,1430.54,2011-10-23 14:47:00,2011-11-06 14:29:00,United Kingdom,4,3,4,434,11,Potential Loyalists,Recent Developing,0.4098151123305855,Medium,357.635,146.56422769834893
15428,15,4,762.75,2009-12-17 17:46:00,2011-11-24 16:54:00,United Kingdom,5,3,3,533,11,Potential Loyalists,Recent Developing,0.8191897880393422,High,23.445,19.205904580582377
15429,26,2,397.35,2011-09-25 13:42:00,2011-11-13 12:28:00,United Kingdom,4,2,2,422,8,Potential Loyalists,Recent Developing,0.5460003975887355,Medium,99.3375,54.238314495471016
15430,467,2,954.75,2010-06-29 15:04:00,2010-08-29 10:42:00,United Kingdom,1,2,3,123,6,Hibernating,Dormant,,Inactive (>1 yr),,
15431,502,1,153.24,2010-07-25 12:44:00,2010-07-25 12:44:00,United Kingdom,1,1,1,111,3,Hibernating,Dormant,,Inactive (>1 yr),,
15432,23,2,320.76,2010-06-16 14:34:00,2011-11-16 16:30:00,United Kingdom,4,2,2,422,8,Potential Loyalists,Recent Developing,0.8980263591845403,High,42.7975,38.43328310720037
15433,213,2,533.3,2011-03-17 14:12:00,2011-05-10 10:45:00,United Kingdom,2,2,2,222,6,Hibernating,Dormant,0.6971457805843049,High,133.325,92.94696119640244
15434,8,11,2567.06,2010-01-24 15:35:00,2011-12-01 13:33:00,United Kingdom,5,5,4,554,14,Champions,Active High-Value,0.31957706045530476,Medium,260.37,83.2082792307477
15435,22,1,149.29,2011-11-17 16:39:00,2011-11-17 16:39:00,United Kingdom,4,1,1,411,6,Promising,Recent Developing,0.6778971625020114,High,37.3225,25.300816847481318
15436,12,3,1067.75,2011-04-19 16:52:00,2011-11-27 16:05:00,United Kingdom,5,3,3,533,11,Potential Loyalists,Recent Developing,0.4974989259979392,Medium,266.9375,132.8011195585749
15437,262,2,393.45,2010-03-09 10:45:00,2011-03-22 13:11:00,United Kingdom,2,2,2,222,6,Hibernating,Dormant,0.8243700228919476,High,50.04,41.25147594551306
15438,131,1,156.57999999999998,2011-07-31 14:19:00,2011-07-31 14:19:00,United Kingdom,3,1,1,311,5,About to Sleep,Dormant,0.8119801357810424,High,39.144999999999996,31.784962415148904
15439,404,4,1269.05,2010-02-24 12:05:00,2010-10-31 10:38:00,United Kingdom,2,3,4,234,9,At Risk,Lapsing Mid-Value,,Inactive (>1 yr),,
15440,54,3,383.68,2011-05-15 11:30:00,2011-10-16 12:16:00,United Kingdom,4,3,2,432,9,Potential Loyalists,Recent Developing,0.5469864396374798,Medium,95.92,52.466939290027064
15441,396,3,1254.21,2009-12-09 14:55:00,2010-11-08 15:50:00,United Kingdom,2,3,4,234,9,At Risk,Lapsing Mid-Value,,Inactive (>1 yr),,
15442,248,1,594.0,2011-04-05 12:24:00,2011-04-05 12:24:00,United Kingdom,2,1,2,212,5,Hibernating,Dormant,0.8247025501735198,High,148.5,122.46832870076769
15443,1,14,5114.23,2010-03-07 12:10:00,2011-12-08 10:40:00,United Kingdom,5,5,5,555,15,Champions,Active High-Value,0.15998859821173522,Low,803.3975,128.53443983181256
15444,9,2,1411.21,2011-10-30 16:12:00,2011-11-30 17:37:00,United Kingdom,5,2,4,524,11,Potential Loyalists,Recent Developing,0.44660871885299536,Medium,352.8025,157.5646725331339
15445,264,2,284.5,2010-04-28 15:00:00,2011-03-20 15:06:00,United Kingdom,2,2,1,221,5,Hibernating,Dormant,0.8547008791375428,High,28.375,24.252137445527776
15446,376,3,396.75,2009-12-13 13:53:00,2010-11-28 11:59:00,United Kingdom,2,3,2,232,7,At Risk,Dormant,,Inactive (>1 yr),,
15447,330,5,492.88,2010-03-24 14:40:00,2011-01-13 11:26:00,United Kingdom,2,4,2,242,8,At Risk,Lapsing Mid-Value,0.8052763760466962,High,38.7925,31.23868381779146
15448,312,2,788.81,2010-02-03 13:29:00,2011-01-31 10:42:00,United Kingdom,2,2,3,223,7,Hibernating,Dormant,0.7881946717503904,High,123.66,97.46815310865327
15449,26,3,974.52,2011-03-23 10:43:00,2011-11-13 15:02:00,United Kingdom,4,3,3,433,10,Potential Loyalists,Recent Developing,0.5552386300364135,Medium,243.63,135.27278743577142
15450,30,1,429.84,2011-11-09 17:11:00,2011-11-09 17:11:00,United Kingdom,4,1,2,412,7,Promising,Recent Developing,0.6584734575815461,High,107.46,70.75955775171293
15451,434,2,226.86,2010-04-19 14:08:00,2010-10-01 13:40:00,United Kingdom,1,2,1,121,4,Hibernating,Dormant,,Inactive (>1 yr),,
15452,29,6,1785.1100000000001,2010-07-16 14:23:00,2011-11-10 12:13:00,United Kingdom,4,4,4,444,12,Loyal Customers,Lapsing Mid-Value,0.4102788328044588,Medium,132.12,54.2060393901251
15453,1,7,1371.77,2011-06-05 12:37:00,2011-12-08 10:59:00,United Kingdom,5,4,4,544,13,Champions,Active High-Value,0.2375923778921161,Low,342.9425,81.48052405526703
15454,362,2,303.89,2010-03-31 13:15:00,2010-12-12 14:21:00,United Kingdom,2,2,2,222,6,Hibernating,Dormant,0.8164079509267613,High,44.775,36.55466600274574
15455,597,1,38.25,2010-04-21 12:43:00,2010-04-21 12:43:00,United Kingdom,1,1,1,111,3,Hibernating,Dormant,,Inactive (>1 yr),,
15456,283,10,2091.52,2009-12-08 12:54:00,2011-03-01 13:51:00,United Kingdom,2,5,4,254,11,Can't Lose Them,Lapsing Mid-Value,0.6414080950924754,High,108.64750000000001,69.68738601155972
15457,262,1,237.07,2011-03-22 15:31:00,2011-03-22 15:31:00,United Kingdom,2,1,1,211,4,Hibernating,Dormant,0.8229058498574212,High,59.2675,48.77157245642471
15458,25,2,370.43999999999994,2010-11-02 19:50:00,2011-11-14 13:08:00,United Kingdom,4,2,2,422,8,Potential Loyalists,Recent Developing,0.8793745007638508,High,40.41,35.53552357586721
15459,417,2,202.82999999999998,2010-07-30 14:31:00,2010-10-18 15:25:00,United Kingdom,1,2,1,121,4,Hibernating,Dormant,,Inactive (>1 yr),,
15460,354,1,214.26,2010-12-20 16:08:00,2010-12-20 16:08:00,United Kingdom,2,1,1,211,4,Hibernating,Dormant,0.8400892323257814,High,53.565,44.999379729530474
15461,460,2,429.7,2010-03-18 12:40:00,2010-09-05 12:31:00,United Kingdom,1,2,2,122,5,Hibernating,Dormant,,Inactive (>1 yr),,
15462,94,4,737.05,2010-09-20 10:23:00,2011-09-06 13:11:00,United Kingdom,3,3,3,333,9,Need Attention,Lapsing Mid-Value,0.6542361636922739,High,58.65,38.37095100055186
15463,29,1,126.14,2011-11-10 12:57:00,2011-11-10 12:57:00,United Kingdom,4,1,1,411,6,Promising,Recent Developing,0.7232758056865342,High,31.535,22.808502532324855
15464,338,1,1044.65,2011-01-05 15:56:00,2011-01-05 15:56:00,United Kingdom,2,1,3,213,6,Hibernating,Dormant,0.7723947081755623,High,261.1625,201.7205329739003
15465,19,32,12100.4,2009-12-10 09:42:00,2011-11-20 10:11:00,United Kingdom,5,5,5,555,15,Champions,Active High-Value,0.0707294832890383,Low,1704.7175,120.57378792878116
15466,85,4,1560.46,2009-12-03 12:28:00,2011-09-15 14:08:00,United Kingdom,3,3,4,334,10,Need Attention,Lapsing Mid-Value,0.6793064710987317,High,83.6325,56.81209844416467
15467,9,3,524.88,2011-07-10 14:42:00,2011-11-30 14:17:00,United Kingdom,5,3,2,532,10,Potential Loyalists,Recent Developing,0.6408211572851107,High,131.22,84.08855225895222
15468,51,3,1430.48,2010-11-12 09:39:00,2011-10-19 13:49:00,United Kingdom,4,3,4,434,11,Potential Loyalists,Recent Developing,0.6973097420341011,High,116.8775,81.49981937459066
15469,50,3,874.25,2010-09-27 10:09:00,2011-10-20 16:21:00,United Kingdom,4,3,3,433,10,Potential Loyalists,Recent Developing,0.6641764499100038,High,134.6375,89.42305677475812
15470,575,1,63.419999999999995,2010-05-13 09:35:00,2010-05-13 09:35:00,United Kingdom,1,1,1,111,3,Hibernating,Dormant,,Inactive (>1 yr),,
15471,2,3,1292.01,2010-06-07 12:17:00,2011-12-07 14:12:00,United Kingdom,5,3,4,534,12,Potential Loyalists,Recent Developing,0.8587776875984249,High,113.62,97.57432086493304
15472,113,1,371.56,2011-08-18 15:17:00,2011-08-18 15:17:00,United Kingdom,3,1,2,312,6,About to Sleep,Dormant,0.7588821790011336,High,92.89,70.4925656074153
15473,14,8,2046.0,2010-09-21 09:14:00,2011-11-25 15:15:00,United Kingdom,5,4,4,544,13,Champions,Active High-Value,0.36090763706495127,Medium,442.8,159.80990169236043
15474,595,1,150.35,2010-04-23 11:14:00,2010-04-23 11:14:00,United Kingdom,1,1,1,111,3,Hibernating,Dormant,,Inactive (>1 yr),,
15475,77,1,454.10999999999996,2011-09-23 15:20:00,2011-09-23 15:20:00,United Kingdom,3,1,2,312,6,About to Sleep,Dormant,0.720630571917049,High,113.52749999999999,81.81138725331277
15476,380,4,2209.98,2010-09-23 14:00:00,2010-11-24 15:17:00,United Kingdom,2,3,4,234,9,At Risk,Lapsing Mid-Value,,Inactive (>1 yr),,
15477,649,1,368.4,2010-02-28 10:37:00,2010-02-28 10:37:00,United Kingdom,1,1,2,112,4,Hibernating,Dormant,,Inactive (>1 yr),,
15478,40,3,1940.98,2010-05-13 18:49:00,2011-10-30 14:19:00,United Kingdom,4,3,4,434,11,Potential Loyalists,Recent Developing,0.6870945292109678,High,349.98,240.46934333325453
15479,733,1,147.4,2009-12-06 15:08:00,2009-12-06 15:08:00,United Kingdom,1,1,1,111,3,Hibernating,Dormant,,Inactive (>1 yr),,
15480,116,3,3592.25,2010-02-01 14:52:00,2011-08-15 14:32:00,Malta,3,3,5,335,11,Need Attention,Lapsing Mid-Value,0.6882233698893342,High,226.375,155.79656535869802
15481,401,1,1993.34,2010-11-03 14:52:00,2010-11-03 14:52:00,Norway,2,1,4,214,7,Hibernating,Lapsing Mid-Value,,Inactive (>1 yr),,
15482,15,18,14377.36,2009-12-02 16:59:00,2011-11-24 10:46:00,United Kingdom,5,5,5,555,15,Champions,Active High-Value,0.09887453146860746,Low,2709.94,267.9440478080381
15483,161,10,810.68,2010-01-24 15:42:00,2011-07-01 13:07:00,United Kingdom,3,5,3,353,11,Loyal Customers,Lapsing Mid-Value,0.6275002977640066,High,56.315,35.33767926858003
15484,1,6,4652.1,2009-12-05 15:18:00,2011-12-08 15:03:00,United Kingdom,5,4,5,545,14,Champions,Active High-Value,0.4273233120870432,Medium,897.6025,383.5664732376102
15485,30,7,4810.92,2009-12-01 17:31:00,2011-11-09 14:31:00,United Kingdom,4,4,5,445,13,Loyal Customers,Active High-Value,0.48128834792991243,Medium,406.2275,195.51256235869852
15486,527,1,102.0,2010-06-30 13:15:00,2010-06-30 13:15:00,United Kingdom,1,1,1,111,3,Hibernating,Dormant,,Inactive (>1 yr),,
15487,679,1,231.32,2010-01-29 12:07:00,2010-01-29 12:07:00,United Kingdom,1,1,1,111,3,Hibernating,Dormant,,Inactive (>1 yr),,
15488,92,5,431.92,2010-05-05 13:03:00,2011-09-08 10:11:00,United Kingdom,3,4,2,342,9,Loyal Customers,Lapsing Mid-Value,0.780687505250716,High,22.830000000000002,17.823095744873847
15489,22,8,2419.61,2010-01-15 16:58:00,2011-11-17 08:53:00,United Kingdom,4,4,4,444,12,Loyal Customers,Active High-Value,0.33546904412713857,Medium,283.57,95.12895684313268
15490,430,1,210.85,2010-10-05 13:11:00,2010-10-05 13:11:00,United Kingdom,1,1,1,111,3,Hibernating,Dormant,,Inactive (>1 yr),,
15491,95,6,3100.09,2011-04-18 10:04:00,2011-09-05 15:56:00,United Kingdom,3,4,5,345,12,Loyal Customers,Lapsing Mid-Value,0.3900483629342868,Medium,775.0225,302.2962573622383
15492,28,2,659.4599999999999,2011-09-26 14:02:00,2011-11-11 14:53:00,United Kingdom,4,2,3,423,9,Potential Loyalists,Recent Developing,0.5295822519677693,Medium,164.86499999999998,87.30957797066628
15493,32,9,4113.19,2010-02-23 11:14:00,2011-11-07 12:04:00,United Kingdom,4,5,5,455,14,Loyal Customers,Active High-Value,0.24675799640319043,Low,488.3525,120.50488443848906
15494,21,5,3702.6,2009-12-10 20:16:00,2011-11-18 14:51:00,United Kingdom,4,4,5,445,13,Loyal Customers,Active High-Value,0.5291522269490706,Medium,320.145,169.4054396966102
15495,379,1,246.5,2010-11-25 13:46:00,2010-11-25 13:46:00,United Kingdom,2,1,1,211,4,Hibernating,Dormant,,Inactive (>1 yr),,
15496,631,1,146.14000000000001,2010-03-18 13:16:00,2010-03-18 13:16:00,United Kingdom,1,1,1,111,3,Hibernating,Dormant,,Inactive (>1 yr),,
15497,17,9,8657.39,2009-12-18 15:08:00,2011-11-22 11:51:00,United Kingdom,5,5,5,555,15,Champions,Active High-Value,0.4121765533367497,Medium,315.55,130.06231140541138
15498,2,44,24972.86,2009-12-16 17:27:00,2011-12-07 12:48:00,United Kingdom,5,5,5,555,15,Champions,Active High-Value,0.028778810163304254,Low,3084.92,88.78032704898057
15499,723,1,158.65,2009-12-16 12:17:00,2009-12-16 12:17:00,United Kingdom,1,1,1,111,3,Hibernating,Dormant,,Inactive (>1 yr),,
15500,8,4,1131.56,2011-09-19 13:47:00,2011-12-01 13:47:00,United Kingdom,5,3,3,533,11,Potential Loyalists,Recent Developing,0.3011938358865213,Medium,282.89,85.20472423393801
15501,404,2,399.95,2010-10-20 12:47:00,2010-10-31 11:15:00,United Kingdom,2,2,2,222,6,Hibernating,Dormant,,Inactive (>1 yr),,
15502,15,12,9542.92,2010-06-03 11:12:00,2011-11-24 12:48:00,United Kingdom,5,5,5,555,15,Champions,Active High-Value,0.1533959325949218,Low,1498.645,229.88604740371656
15503,362,2,257.3,2009-12-13 11:34:00,2010-12-12 10:57:00,United Kingdom,2,2,1,221,5,Hibernating,Dormant,0.824433860089635,High,35.26,29.06953790676053
15504,81,4,391.45,2010-02-12 12:34:00,2011-09-19 13:45:00,United Kingdom,3,3,2,332,8,Need Attention,Recent Developing,0.7745528550102921,High,13.2075,10.229906832548433
15505,52,5,3610.96,2011-07-07 13:33:00,2011-10-18 07:56:00,United Kingdom,4,4,5,445,13,Loyal Customers,Lapsing Mid-Value,0.3157431073898943,Medium,902.74,285.03393276515317
15506,22,6,2030.33,2010-08-19 12:38:00,2011-11-17 12:11:00,United Kingdom,4,4,4,444,12,Loyal Customers,Recent Developing,0.36759113653659686,Medium,243.02,89.33199800112378
15507,171,1,475.86,2011-06-21 11:19:00,2011-06-21 11:19:00,United Kingdom,3,1,2,312,6,About to Sleep,Dormant,0.7812624254971261,High,118.965,92.9428844492656
15508,189,6,1000.27,2011-04-18 15:31:00,2011-06-03 15:43:00,United Kingdom,2,4,3,243,9,At Risk,Lapsing Mid-Value,0.6982777642141027,High,250.0675,174.61657480261013
15509,380,1,152.41,2010-11-24 14:48:00,2010-11-24 14:48:00,United Kingdom,2,1,1,211,4,Hibernating,Dormant,,Inactive (>1 yr),,
15510,330,1,250.0,2011-01-13 12:10:00,2011-01-13 12:10:00,United Kingdom,2,1,1,211,4,Hibernating,Dormant,0.8650131968662461,High,62.5,54.06332480414038
15511,11,5,900.53,2011-09-15 15:05:00,2011-11-28 09:43:00,United Kingdom,5,4,3,543,12,Champions,Recent Developing,0.2632679082472883,Low,225.1325,59.27016235348263
15512,155,4,331.58,2010-02-01 13:23:00,2011-07-07 10:20:00,United Kingdom,3,3,2,332,8,Need Attention,Dormant,0.7290120694515355,High,30.25,22.052615100908948
15513,33,35,26437.05,2010-01-13 14:59:00,2011-11-06 14:36:00,United Kingdom,4,5,5,455,14,Loyal Customers,Active High-Value,0.08022783295730661,Low,3361.1800000000003,269.6601875794398
15514,12,18,6388.28,2009-12-04 16:37:00,2011-11-27 14:40:00,United Kingdom,5,5,5,555,15,Champions,Active High-Value,0.13107646827435865,Low,1005.9300000000001,131.8537517312256
15515,387,1,171.81,2010-11-17 13:39:00,2010-11-17 13:39:00,United Kingdom,2,1,1,211,4,Hibernating,Dormant,,Inactive (>1 yr),,
15516,44,3,62.43,2011-10-24 11:33:00,2011-10-26 10:51:00,United Kingdom,4,3,1,431,8,Potential Loyalists,Dormant,0.8008103600274455,High,15.6075,12.498647694128357
15517,233,1,267.03,2011-04-20 14:02:00,2011-04-20 14:02:00,United Kingdom,2,1,1,211,4,Hibernating,Dormant,0.8216796171127664,High,66.7575,54.8532770394055
15518,64,15,4189.99,2009-12-20 12:21:00,2011-10-06 13:05:00,United Kingdom,3,5,5,355,13,Loyal Customers,Active High-Value,0.23847548521917603,Low,480.3875,114.56064215572692
15519,383,2,344.61,2010-09-19 13:57:00,2010-11-21 14:35:00,United Kingdom,2,2,2,222,6,Hibernating,Dormant,,Inactive (>1 yr),,
15520,1,1,343.5,2011-12-08 10:58:00,2011-12-08 10:58:00,United Kingdom,5,1,2,512,8,New Customers,Recent Developing,0.461979832208565,Medium,85.875,39.672518090910515
15521,40,16,7087.64,2010-01-05 10:19:00,2011-10-30 13:42:00,United Kingdom,4,5,5,455,14,Loyal Customers,Active High-Value,0.19920920838464765,Low,750.05,149.41686674890497
15522,32,2,397.99,2011-09-13 12:26:00,2011-11-07 11:26:00,United Kingdom,4,2,2,422,8,Potential Loyalists,Recent Developing,0.5552344446054074,Medium,99.4975,55.244439152126525
15523,84,16,17259.19,2009-12-02 15:16:00,2011-09-16 16:29:00,United Kingdom,3,5,5,355,13,Loyal Customers,Active High-Value,0.591620877648394,Medium,103.00250000000001,60.938429449978706
15524,24,2,591.4,2010-04-12 09:19:00,2011-11-15 12:09:00,United Kingdom,4,2,2,422,8,Potential Loyalists,Recent Developing,0.8845117140318757,High,110.0,97.29628854350632
15525,2,4,887.72,2010-11-22 12:10:00,2011-12-07 14:43:00,United Kingdom,5,3,3,533,11,Potential Loyalists,Recent Developing,0.6618578126136937,High,114.235,75.6073272239253
15526,33,2,148.44,2011-11-06 15:01:00,2011-11-06 15:04:00,United Kingdom,4,2,1,421,7,Potential Loyalists,Recent Developing,0.6724910137440513,High,37.11,24.956141520041744
15527,18,23,5554.04,2009-12-15 17:31:00,2011-11-21 12:17:00,United Kingdom,5,5,5,555,15,Champions,Active High-Value,0.11677835785747534,Low,607.1325,70.89993635190365
15528,254,1,229.33,2011-03-30 16:14:00,2011-03-30 16:14:00,United Kingdom,2,1,1,211,4,Hibernating,Dormant,0.8307516293186427,High,57.3325,47.62906778791108
15529,22,12,4781.11,2010-11-10 14:26:00,2011-11-17 11:29:00,United Kingdom,4,5,5,455,14,Loyal Customers,Active High-Value,0.11404408057286215,Low,916.0975,104.47549710259759
15530,21,5,1808.68,2010-07-15 11:10:00,2011-11-18 12:25:00,United Kingdom,4,4,4,444,12,Loyal Customers,Recent Developing,0.42613879018819634,Medium,374.3275,159.51546798417206
15531,8,2,1972.39,2011-11-09 17:47:00,2011-12-01 18:43:00,United Kingdom,5,2,4,524,11,Potential Loyalists,Recent Developing,0.3986952748773933,Medium,493.0975,196.59564330385547
15532,25,10,3717.2,2010-06-08 14:52:00,2011-11-14 14:51:00,United Kingdom,4,5,5,455,14,Loyal Customers,Active High-Value,0.2909713235301075,Low,388.7075,113.10273574107926
15533,19,3,807.57,2011-09-11 15:41:00,2011-11-20 15:35:00,United Kingdom,5,3,3,533,11,Potential Loyalists,Recent Developing,0.44900952358157264,Medium,201.8925,90.65165523969266
15534,725,1,162.25,2009-12-14 12:48:00,2009-12-14 12:48:00,United Kingdom,1,1,1,111,3,Hibernating,Dormant,,Inactive (>1 yr),,
15535,173,6,1044.3700000000001,2010-09-16 20:04:00,2011-06-19 16:02:00,United Kingdom,3,4,3,343,10,Loyal Customers,Lapsing Mid-Value,0.5950788084127373,Medium,125.725,74.8162831876914
15536,409,1,259.09,2010-10-26 16:31:00,2010-10-26 16:31:00,United Kingdom,1,1,1,111,3,Hibernating,Dormant,,Inactive (>1 yr),,
15537,163,1,110.92,2011-06-29 13:10:00,2011-06-29 13:10:00,United Kingdom,3,1,1,311,5,About to Sleep,Dormant,0.8333716228683152,High,27.73,23.109395102138382
15538,537,6,3358.3999999999996,2010-02-14 12:38:00,2010-06-20 10:49:00,United Kingdom,1,4,5,145,10,At Risk,Lapsing Mid-Value,,Inactive (>1 yr),,
15539,7,1,538.46,2011-12-02 13:36:00,2011-12-02 13:36:00,United Kingdom,5,1,2,512,8,New Customers,Recent Developing,0.5391312202312556,Medium,134.615,72.57514921143047
15540,11,2,460.68,2010-11-29 11:10:00,2011-11-28 13:51:00,United Kingdom,5,2,2,522,9,Potential Loyalists,Recent Developing,0.8885977407248725,High,53.325,47.38447452415383
15541,114,1,85.13000000000001,2011-08-17 14:58:00,2011-08-17 14:58:00,United Kingdom,3,1,1,311,5,About to Sleep,Dormant,0.8230859937375117,High,21.282500000000002,17.517327661718593
15542,512,3,855.71,2009-12-02 11:53:00,2010-07-15 13:32:00,United Kingdom,1,3,3,133,7,At Risk,Lapsing Mid-Value,,Inactive (>1 yr),,
15543,288,2,242.26,2010-09-06 11:28:00,2011-02-24 15:26:00,United Kingdom,2,2,1,221,5,Hibernating,Dormant,0.8094602345828584,High,31.965,25.87439639844107
15544,9,20,7807.89,2010-01-28 14:39:00,2011-11-30 16:43:00,United Kingdom,5,5,5,555,15,Champions,Active High-Value,0.13054466300003062,Low,798.0425,104.18018922220193
15545,54,2,288.96999999999997,2010-12-03 17:28:00,2011-10-16 13:24:00,United Kingdom,4,2,2,422,8,Potential Loyalists,Recent Developing,0.8230907806733081,High,38.410000000000004,31.614916885661767
15546,606,2,1079.1000000000001,2010-04-12 11:45:00,2010-04-12 11:51:00,United Kingdom,1,2,3,123,6,Hibernating,Dormant,,Inactive (>1 yr),,
15547,7,26,10002.65,2009-12-06 13:40:00,2011-12-02 12:52:00,United Kingdom,5,5,5,555,15,Champions,Active High-Value,0.049840257638197466,Low,1227.65,61.186392289533124
15548,595,1,158.09,2010-04-23 12:20:00,2010-04-23 12:20:00,United Kingdom,1,1,1,111,3,Hibernating,Dormant,,Inactive (>1 yr),,
15549,77,8,2330.41,2010-01-11 13:16:00,2011-09-23 16:22:00,United Kingdom,3,4,4,344,11,Loyal Customers,Lapsing Mid-Value,0.34728388158204215,Medium,419.4275,145.660410242252
15550,4,12,2211.05,2009-12-03 15:15:00,2011-12-05 15:38:00,United Kingdom,5,5,4,554,14,Champions,Active High-Value,0.41867364429764614,Medium,143.9075,60.250277466763514
15551,36,7,1679.81,2010-06-07 15:05:00,2011-11-03 12:37:00,United Kingdom,4,4,4,444,12,Loyal Customers,Lapsing Mid-Value,0.5871142508836023,Medium,109.015,64.0042600600759
15552,217,2,252.52,2010-03-26 16:17:00,2011-05-06 14:47:00,United Kingdom,2,2,1,221,5,Hibernating,Dormant,0.8646855180333916,High,22.53,19.481364721292312
15553,60,1,428.93,2011-10-10 14:02:00,2011-10-10 14:02:00,United Kingdom,3,1,2,312,6,About to Sleep,Recent Developing,0.6975283384274774,High,107.2325,74.79770755042448
15554,277,1,217.2,2011-03-07 09:00:00,2011-03-07 09:00:00,United Kingdom,2,1,1,211,4,Hibernating,Dormant,0.8423557668472991,High,54.3,45.73991813980834
15555,12,36,11233.78,2009-12-06 11:58:00,2011-11-27 16:19:00,United Kingdom,5,5,5,555,15,Champions,Active High-Value,0.05303761890331501,Low,993.2725,52.68080832214296
15556,24,1,279.77,2011-11-15 16:08:00,2011-11-15 16:08:00,United Kingdom,4,1,1,411,6,Promising,Recent Developing,0.6588939822852531,High,69.9425,46.08469235598631
15557,28,1,468.91,2011-11-11 12:46:00,2011-11-11 12:46:00,United Kingdom,4,1,2,412,7,Promising,Recent Developing,0.6606885081124229,High,117.2275,77.45086208474905
15558,639,1,202.68,2010-03-10 15:25:00,2010-03-10 15:25:00,United Kingdom,1,1,1,111,3,Hibernating,Dormant,,Inactive (>1 yr),,
15559,568,1,1109.4,2010-05-20 14:06:00,2010-05-20 14:06:00,United Kingdom,1,1,3,113,5,Hibernating,Dormant,,Inactive (>1 yr),,
15560,397,2,153.52,2010-11-07 10:14:00,2010-11-07 10:15:00,United Kingdom,2,2,1,221,5,Hibernating,Dormant,,Inactive (>1 yr),,
15561,11,8,1934.3899999999999,2010-02-14 12:22:00,2011-11-28 11:07:00,United Kingdom,5,4,4,544,13,Champions,Active High-Value,0.43874973093571984,Medium,200.1475,87.81466177245699
15562,351,3,671.4300000000001,2009-12-13 15:17:00,2010-12-23 09:55:00,United Kingdom,2,3,3,233,8,At Risk,Dormant,0.8206573444672226,High,33.6375,27.6048614245162
15563,22,6,2820.46,2010-01-28 11:36:00,2011-11-17 12:59:00,United Kingdom,4,4,4,444,12,Loyal Customers,Active High-Value,0.4429561931373957,Medium,340.36,150.764569896244
15564,463,2,70.74000000000001,2010-02-01 15:58:00,2010-09-02 15:52:00,United Kingdom,1,2,1,121,4,Hibernating,Dormant,,Inactive (>1 yr),,
15565,50,2,173.16,2011-09-30 10:44:00,2011-10-20 14:33:00,United Kingdom,4,2,1,421,7,Potential Loyalists,Recent Developing,0.582871740737359,Medium,43.29,25.232517656520272
15566,392,2,227.87,2009-12-15 14:53:00,2010-11-12 12:11:00,United Kingdom,2,2,1,221,5,Hibernating,Dormant,,Inactive (>1 yr),,
15567,18,1,186.01,2011-11-21 10:48:00,2011-11-21 10:48:00,United Kingdom,5,1,1,511,7,New Customers,Recent Developing,0.6784707552326199,High,46.5025,31.550586295204905
15568,2,3,758.29,2011-09-27 14:37:00,2011-12-07 11:27:00,United Kingdom,5,3,3,533,11,Potential Loyalists,Recent Developing,0.44708461086799883,Medium,189.5725,84.7549473937737
15569,103,10,3583.45,2010-02-28 10:55:00,2011-08-28 10:15:00,United Kingdom,3,5,5,355,13,Loyal Customers,Lapsing Mid-Value,0.3993641560228687,Medium,343.9275,137.35231577055518
15570,7,25,8736.49,2010-03-28 14:04:00,2011-12-02 14:47:00,United Kingdom,5,5,5,555,15,Champions,Active High-Value,0.08809144800859083,Low,907.7925,79.96875581633869
15571,11,14,3892.35,2009-12-06 12:10:00,2011-11-28 10:02:00,United Kingdom,5,5,5,555,15,Champions,Active High-Value,0.28438679276997425,Low,162.60750000000002,46.243425405343594
15572,4,10,3965.2,2010-04-14 14:38:00,2011-12-05 10:09:00,United Kingdom,5,5,5,555,15,Champions,Active High-Value,0.2265067940309933,Low,633.355,143.45921053349977
15573,31,5,1180.47,2009-12-10 14:19:00,2011-11-08 11:38:00,United Kingdom,4,4,3,443,11,Loyal Customers,Recent Developing,0.5073204372764633,Medium,145.81,73.97239295928111
15574,177,6,1101.44,2010-09-01 14:37:00,2011-06-15 12:01:00,United Kingdom,3,4,3,343,10,Loyal Customers,Lapsing Mid-Value,0.6813842061195409,High,81.65,55.635020429660514
15575,619,1,30.1,2010-03-30 12:50:00,2010-03-30 12:50:00,United Kingdom,1,1,1,111,3,Hibernating,Dormant,,Inactive (>1 yr),,
15576,37,1,921.37,2011-11-02 12:03:00,2011-11-02 12:03:00,United Kingdom,4,1,3,413,8,Promising,Recent Developing,0.6373879077087589,High,230.3425,146.81752413140478
15577,151,5,396.03000000000003,2009-12-13 16:17:00,2011-07-11 17:03:00,United Kingdom,3,4,2,342,9,Loyal Customers,Lapsing Mid-Value,0.705736843883106,High,64.72,45.67528853611462
15578,162,1,127.1,2011-06-30 13:03:00,2011-06-30 13:03:00,United Kingdom,3,1,1,311,5,About to Sleep,Dormant,0.835265895979204,High,31.775,26.540573844739207
15579,68,5,1250.63,2010-10-03 14:37:00,2011-10-02 12:45:00,United Kingdom,3,4,4,344,11,Loyal Customers,Lapsing Mid-Value,0.5986992495534613,Medium,81.9,49.03346853842849
15580,376,8,1375.39,2010-02-07 11:21:00,2010-11-28 11:00:00,United Kingdom,2,4,4,244,10,At Risk,Lapsing Mid-Value,,Inactive (>1 yr),,
15581,156,34,4505.16,2009-12-02 12:19:00,2011-07-06 14:04:00,United Kingdom,3,5,5,355,13,Loyal Customers,Active High-Value,0.5708816506447015,Medium,111.27250000000001,63.52342847136256
15582,24,3,682.9100000000001,2011-05-03 13:36:00,2011-11-15 09:55:00,United Kingdom,4,3,3,433,10,Potential Loyalists,Recent Developing,0.5490564154552222,Medium,170.72750000000002,93.73902916963146
15583,376,1,95.96,2010-11-28 15:04:00,2010-11-28 15:04:00,United Kingdom,2,1,1,211,4,Hibernating,Dormant,,Inactive (>1 yr),,
15584,23,6,1268.2,2010-02-07 12:16:00,2011-11-16 10:55:00,United Kingdom,4,4,4,444,12,Loyal Customers,Recent Developing,0.3574482677686932,Medium,180.215,64.41753957593505
15585,176,1,455.3,2011-06-16 08:38:00,2011-06-16 08:38:00,United Kingdom,3,1,2,312,6,About to Sleep,Dormant,0.7879757152090359,High,113.825,89.6913357836685
15586,592,3,1139.1,2010-01-08 10:02:00,2010-04-26 11:00:00,United Kingdom,1,3,3,133,7,At Risk,Lapsing Mid-Value,,Inactive (>1 yr),,
15587,50,7,1522.0800000000002,2010-08-05 08:44:00,2011-10-20 13:37:00,United Kingdom,4,4,4,444,12,Loyal Customers,Lapsing Mid-Value,0.36868044875383826,Medium,228.42000000000002,84.21398810435174
15588,677,1,579.6,2010-01-31 12:19:00,2010-01-31 12:19:00,United Kingdom,1,1,2,112,4,Hibernating,Dormant,,Inactive (>1 yr),,
15589,255,3,478.53000000000003,2011-02-02 10:46:00,2011-03-29 09:54:00,United Kingdom,2,3,2,232,7,At Risk,Dormant,0.7455717048333002,High,119.63250000000001,89.19460697846979
15590,382,5,1496.6,2010-04-12 10:09:00,2010-11-22 14:49:00,United Kingdom,2,4,4,244,10,At Risk,Lapsing Mid-Value,,Inactive (>1 yr),,
15591,582,3,217.9,2010-02-04 09:20:00,2010-05-06 09:23:00,United Kingdom,1,3,1,131,5,At Risk,Dormant,,Inactive (>1 yr),,
15592,46,1,388.58,2011-10-24 08:59:00,2011-10-24 08:59:00,United Kingdom,4,1,2,412,7,Promising,Recent Developing,0.6952656007551294,High,97.145,67.54157678535705
15593,70,1,199.8,2011-09-30 11:46:00,2011-09-30 11:46:00,United Kingdom,3,1,1,311,5,About to Sleep,Dormant,0.7653859685529574,High,49.95,38.231029129220225
15594,15,5,1771.78,2011-04-19 10:08:00,2011-11-24 08:53:00,United Kingdom,5,4,4,544,13,Champions,Recent Developing,0.35701697235787005,Medium,442.945,158.13888282105674
15595,487,1,357.6,2010-08-09 12:27:00,2010-08-09 12:27:00,United Kingdom,1,1,2,112,4,Hibernating,Dormant,,Inactive (>1 yr),,
15596,100,9,2727.72,2010-07-28 11:46:00,2011-08-31 10:55:00,United Kingdom,3,5,4,354,12,Loyal Customers,Lapsing Mid-Value,0.4357895402186939,Medium,251.0675,109.41259038885694
15597,35,2,563.37,2010-05-13 13:10:00,2011-11-04 13:26:00,United Kingdom,4,2,2,422,8,Potential Loyalists,Recent Developing,0.8681682377231815,High,81.1425,70.44534122945325
15598,53,2,548.02,2010-10-08 09:20:00,2011-10-17 16:04:00,United Kingdom,4,2,2,422,8,Potential Loyalists,Recent Developing,0.8406160723472396,High,60.17,50.57986907313341
15599,26,3,1250.06,2010-09-20 10:15:00,2011-11-13 11:44:00,United Kingdom,4,3,4,434,11,Potential Loyalists,Recent Developing,0.6682041540066621,High,190.435,127.2494580682587
15600,428,4,1199.31,2010-04-25 11:50:00,2010-10-07 14:30:00,United Kingdom,1,3,3,133,7,At Risk,Lapsing Mid-Value,,Inactive (>1 yr),,
15601,11,30,14191.74,2009-12-01 14:53:00,2011-11-28 15:15:00,United Kingdom,5,5,5,555,15,Champions,Active High-Value,0.06433206330149706,Low,1502.045,96.62965402169715
15602,8,16,3137.96,2009-12-02 09:35:00,2011-12-01 14:14:00,United Kingdom,5,5,5,555,15,Champions,Active High-Value,0.16892099626672433,Low,301.33,50.90096380505204
15603,78,2,88.48,2010-03-01 16:02:00,2011-09-22 10:04:00,United Kingdom,3,2,1,321,6,About to Sleep,Dormant,0.9037825223488527,High,12.120000000000001,10.953844170868095
15604,52,1,216.39,2011-10-18 14:47:00,2011-10-18 14:47:00,United Kingdom,4,1,1,411,6,Promising,Dormant,0.7289977697345138,High,54.0975,39.43695684821286
15605,36,9,1741.95,2010-01-14 14:03:00,2011-11-03 14:17:00,United Kingdom,4,5,4,454,13,Loyal Customers,Lapsing Mid-Value,0.3002974306085086,Medium,250.845,75.32810898099135
15606,61,17,5230.99,2010-03-02 14:48:00,2011-10-09 15:47:00,United Kingdom,3,5,5,355,13,Loyal Customers,Active High-Value,0.21034956029204485,Low,730.04,153.5635929956044
15607,336,9,1708.97,2010-01-08 12:16:00,2011-01-07 12:44:00,United Kingdom,2,5,4,254,11,Can't Lose Them,Lapsing Mid-Value,0.8453315405890247,High,26.19,22.139233048026558
15608,28,5,1785.98,2010-10-20 10:10:00,2011-11-11 13:20:00,United Kingdom,4,4,4,444,12,Loyal Customers,Recent Developing,0.3939091054478444,Medium,273.42,107.70262761154963
15609,184,1,298.48,2011-06-08 13:00:00,2011-06-08 13:00:00,United Kingdom,3,1,2,312,6,About to Sleep,Dormant,0.818515208928718,High,74.62,61.07760489026094
15610,51,1,112.46000000000001,2011-10-19 10:36:00,2011-10-19 10:36:00,United Kingdom,4,1,1,411,6,Promising,Dormant,0.7628445311991233,High,28.115000000000002,21.447373994663355
15611,9,24,2976.28,2010-01-25 14:50:00,2011-11-30 12:36:00,United Kingdom,5,5,5,555,15,Champions,Active High-Value,0.11386162489581751,Low,392.6125,44.70349720440915
15612,36,2,195.15,2011-10-09 12:49:00,2011-11-03 14:52:00,United Kingdom,4,2,1,421,7,Potential Loyalists,Recent Developing,0.580803907760538,Medium,48.7875,28.33597064986725
15613,610,1,433.71999999999997,2010-04-08 12:51:00,2010-04-08 12:51:00,United Kingdom,1,1,2,112,4,Hibernating,Dormant,,Inactive (>1 yr),,
15614,437,4,3147.36,2010-03-23 11:13:00,2010-09-28 10:46:00,United Kingdom,1,3,5,135,9,At Risk,Lapsing Mid-Value,,Inactive (>1 yr),,
15615,10,47,21373.97,2009-12-02 15:28:00,2011-11-29 14:42:00,United Kingdom,5,5,5,555,15,Champions,Active High-Value,0.03958016614597153,Low,2599.935,102.9058592687265
15616,438,1,317.11,2010-09-27 13:10:00,2010-09-27 13:10:00,United Kingdom,1,1,2,112,4,Hibernating,Dormant,,Inactive (>1 yr),,
15617,396,3,828.5500000000001,2010-07-20 13:16:00,2010-11-08 16:07:00,United Kingdom,2,3,3,233,8,At Risk,Lapsing Mid-Value,,Inactive (>1 yr),,
15618,32,4,776.85,2011-07-26 10:13:00,2011-11-07 08:34:00,United Kingdom,4,3,3,433,10,Potential Loyalists,Recent Developing,0.47440585909986044,Medium,194.2125,92.13554791043165
15619,10,1,336.40000000000003,2011-11-29 08:14:00,2011-11-29 08:14:00,United Kingdom,5,1,2,512,8,New Customers,Recent Developing,0.6276233920196232,High,84.10000000000001,52.78312726885032
15620,56,4,1942.36,2010-10-26 11:32:00,2011-10-14 12:41:00,United Kingdom,4,3,4,434,11,Potential Loyalists,Lapsing Mid-Value,0.4681113874789371,Medium,388.295,181.7653112011339
15621,4,4,1293.03,2011-11-18 11:49:00,2011-12-05 14:01:00,United Kingdom,5,3,4,534,12,Potential Loyalists,Recent Developing,0.3223727686839539,Medium,323.2575,104.20941527285324
15622,43,17,7852.61,2010-03-04 10:29:00,2011-10-27 16:44:00,United Kingdom,4,5,5,455,14,Loyal Customers,Active High-Value,0.14584980183145158,Low,927.39,135.25964772046987
15623,141,8,2437.05,2009-12-10 14:46:00,2011-07-21 17:26:00,United Kingdom,3,4,4,344,11,Loyal Customers,Lapsing Mid-Value,0.6221320906344501,High,75.2575,46.82010581092212
15624,116,4,588.13,2011-03-28 13:32:00,2011-08-15 11:38:00,United Kingdom,3,3,2,332,8,Need Attention,Lapsing Mid-Value,0.5452347902989064,Medium,147.0325,80.16723430462396
15625,103,9,3236.4,2010-06-15 15:23:00,2011-08-28 10:21:00,United Kingdom,3,5,5,355,13,Loyal Customers,Lapsing Mid-Value,0.4289510521168931,Medium,383.565,164.5306103052161
15626,74,3,1067.52,2010-10-14 17:16:00,2011-09-26 10:03:00,United Kingdom,3,3,3,333,9,Need Attention,Lapsing Mid-Value,0.6245381498113706,High,168.95,105.51572041063105
15627,457,2,566.9,2010-07-05 11:56:00,2010-09-08 14:14:00,United Kingdom,1,2,2,122,5,Hibernating,Dormant,,Inactive (>1 yr),,
15628,4,17,5333.08,2009-12-13 13:39:00,2011-12-05 10:24:00,United Kingdom,5,5,5,555,15,Champions,Active High-Value,0.11824029402913223,Low,637.765,75.40952112148952
15629,450,4,2240.9,2010-06-25 11:39:00,2010-09-15 13:46:00,United Kingdom,1,3,4,134,8,At Risk,Lapsing Mid-Value,,Inactive (>1 yr),,
15630,45,3,1481.4,2010-03-05 14:30:00,2011-10-25 15:36:00,United Kingdom,4,3,4,434,11,Potential Loyalists,Recent Developing,0.664009011556072,High,296.5875,196.93677271488647
15631,642,1,596.67,2010-03-07 14:52:00,2010-03-07 14:52:00,United Kingdom,1,1,2,112,4,Hibernating,Dormant,,Inactive (>1 yr),,
15632,15,8,3285.31,2011-03-10 08:29:00,2011-11-24 09:51:00,United Kingdom,5,4,5,545,14,Champions,Active High-Value,0.1815455470349686,Low,821.3275,149.10835028236318
15633,509,13,4335.96,2009-12-08 17:51:00,2010-07-18 13:54:00,United Kingdom,1,5,5,155,11,Can't Lose Them,Lapsing Mid-Value,,Inactive (>1 yr),,
15634,17,2,554.65,2010-11-21 15:30:00,2011-11-22 16:28:00,United Kingdom,5,2,2,522,9,Potential Loyalists,Recent Developing,0.8739861436039096,High,60.8875,53.214831318683046
15635,395,1,100.35,2010-11-09 08:58:00,2010-11-09 08:58:00,United Kingdom,2,1,1,211,4,Hibernating,Dormant,,Inactive (>1 yr),,
15636,89,4,1444.58,2010-05-19 11:37:00,2011-09-11 11:17:00,United Kingdom,3,3,4,334,10,Need Attention,Lapsing Mid-Value,0.5883822293845521,Medium,181.19,106.60897614218699
15637,52,5,797.59,2009-12-15 17:54:00,2011-10-18 08:28:00,United Kingdom,4,4,3,443,11,Loyal Customers,Lapsing Mid-Value,0.6625577083539363,High,55.84,36.99722243448381
15638,378,6,2265.2,2010-04-08 14:37:00,2010-11-26 11:52:00,United Kingdom,2,4,4,244,10,At Risk,Lapsing Mid-Value,,Inactive (>1 yr),,
15639,134,3,1065.08,2010-04-13 13:11:00,2011-07-28 14:30:00,United Kingdom,3,3,3,333,9,Need Attention,Lapsing Mid-Value,0.7391578008197717,High,106.33,78.59464896116631
15640,4,29,23459.51,2009-12-14 16:36:00,2011-12-05 14:35:00,United Kingdom,5,5,5,555,15,Champions,Active High-Value,0.05112310270176919,Low,3020.5975,154.42231621320724
15641,105,12,5345.55,2009-12-06 15:31:00,2011-08-26 14:04:00,United Kingdom,3,5,5,355,13,Loyal Customers,Lapsing Mid-Value,0.3510038016183926,Medium,471.8,165.60359360355764
15642,729,1,105.78000000000002,2009-12-10 11:51:00,2009-12-10 11:51:00,United Kingdom,1,1,1,111,3,Hibernating,Dormant,,Inactive (>1 yr),,
15643,191,3,664.0,2011-03-02 14:34:00,2011-06-01 07:38:00,United Kingdom,2,3,3,233,8,At Risk,Lapsing Mid-Value,0.6980322002065711,High,166.0,115.8733452342908
15644,166,4,803.54,2011-03-23 15:37:00,2011-06-26 14:54:00,United Kingdom,3,3,3,333,9,Need Attention,Lapsing Mid-Value,0.6729520665210498,High,200.885,135.18597588308108
15645,18,3,1054.75,2010-10-10 12:51:00,2011-11-21 11:55:00,United Kingdom,5,3,3,533,11,Potential Loyalists,Recent Developing,0.7903888624812193,High,152.8975,120.84848110122223
15646,157,5,784.8100000000001,2010-10-25 13:06:00,2011-07-05 09:53:00,United Kingdom,3,4,3,343,10,Loyal Customers,Lapsing Mid-Value,0.6512352962029693,High,64.46000000000001,41.978627193243405
15647,415,1,169.0,2010-10-20 15:09:00,2010-10-20 15:09:00,United Kingdom,1,1,1,111,3,Hibernating,Dormant,,Inactive (>1 yr),,
15648,204,2,639.5,2011-03-17 18:59:00,2011-05-19 15:53:00,United Kingdom,2,2,3,223,7,Hibernating,Dormant,0.6859039764890842,High,159.875,109.65889824119233
15649,336,4,1660.35,2010-11-17 16:22:00,2011-01-07 13:34:00,United Kingdom,2,3,4,234,9,At Risk,Lapsing Mid-Value,0.857418636712691,High,76.5,65.59252570852087
15650,521,2,553.88,2010-03-21 11:46:00,2010-07-06 10:41:00,United Kingdom,1,2,2,122,5,Hibernating,Dormant,,Inactive (>1 yr),,
15651,36,5,1259.06,2010-04-22 13:26:00,2011-11-03 08:41:00,United Kingdom,4,4,4,444,12,Loyal Customers,Recent Developing,0.5195571314320236,Medium,161.575,83.94744351112921
15652,91,5,1405.94,2010-08-11 16:58:00,2011-09-09 14:22:00,United Kingdom,3,4,4,344,11,Loyal Customers,Lapsing Mid-Value,0.6844758496896828,High,84.435,57.79371836854837
15653,92,2,877.4399999999999,2011-08-16 09:50:00,2011-09-08 10:49:00,United Kingdom,3,2,3,323,8,About to Sleep,Recent Developing,0.6359135367305354,High,219.35999999999999,139.49399341721025
15654,9,2,922.53,2011-11-13 15:15:00,2011-11-30 13:08:00,United Kingdom,5,2,3,523,10,Potential Loyalists,Recent Developing,0.5570425879329702,Medium,230.6325,128.47212466145075
15655,243,1,560.67,2011-04-10 15:25:00,2011-04-10 15:25:00,United Kingdom,2,1,2,212,5,Hibernating,Dormant,0.8024523343134446,High,140.1675,112.47773756987975
15656,45,4,748.5,2011-02-28 15:32:00,2011-10-25 14:56:00,United Kingdom,4,3,3,433,10,Potential Loyalists,Recent Developing,0.4511527112345889,Medium,187.125,84.42195108977245
15657,22,1,30.0,2011-11-17 12:19:00,2011-11-17 12:19:00,United Kingdom,4,1,1,411,6,Promising,Dormant,0.7729699696368494,High,7.5,5.797274772276371
15658,190,8,2117.27,2009-12-03 11:19:00,2011-06-02 15:22:00,United Kingdom,2,4,4,244,10,At Risk,Lapsing Mid-Value,0.5055556649501947,Medium,179.475,90.73460296693618
15659,43,3,532.49,2010-02-24 13:32:00,2011-10-27 09:23:00,United Kingdom,4,3,2,432,9,Potential Loyalists,Recent Developing,0.7778074019107154,High,76.6125,59.589769578884685
15660,25,15,2603.69,2010-02-05 16:01:00,2011-11-14 16:58:00,United Kingdom,4,5,4,454,13,Loyal Customers,Active High-Value,0.15931800323743806,Low,347.89,55.42514014627232
15661,317,8,1215.95,2010-05-10 07:59:00,2011-01-26 13:56:00,United Kingdom,2,4,4,244,10,At Risk,Lapsing Mid-Value,0.7273484810605163,High,77.45,56.33313985813699
15662,661,2,283.73,2009-12-01 13:49:00,2010-02-16 16:47:00,United Kingdom,1,2,1,121,4,Hibernating,Dormant,,Inactive (>1 yr),,
15663,106,1,138.14,2011-08-25 15:50:00,2011-08-25 15:50:00,United Kingdom,3,1,1,311,5,About to Sleep,Dormant,0.8169240395323818,High,34.535,28.212471705250803
15664,50,4,1231.53,2010-02-28 12:50:00,2011-10-20 10:57:00,United Kingdom,4,3,4,434,11,Potential Loyalists,Lapsing Mid-Value,0.6867449903206196,High,96.6075,66.34471665239926
15665,168,5,3987.07,2010-03-14 15:07:00,2011-06-24 14:57:00,United Kingdom,3,4,5,345,12,Loyal Customers,Lapsing Mid-Value,0.5022469978944698,Medium,555.5525,279.02457529776746
15666,472,2,632.9399999999999,2010-08-01 15:41:00,2010-08-24 16:14:00,United Kingdom,1,2,3,123,6,Hibernating,Dormant,,Inactive (>1 yr),,
15667,39,1,301.32,2011-10-31 10:56:00,2011-10-31 10:56:00,United Kingdom,4,1,2,412,7,Promising,Recent Developing,0.7029148691549504,High,75.33,52.95057709344241
15668,217,1,76.32000000000001,2011-05-06 10:39:00,2011-05-06 10:39:00,United Kingdom,2,1,1,211,4,Hibernating,Dormant,0.8782723399280393,High,19.080000000000002,16.75743624582699
15669,40,4,684.34,2011-03-21 09:13:00,2011-10-30 16:03:00,United Kingdom,4,3,3,433,10,Potential Loyalists,Recent Developing,0.45430210121689685,Medium,171.085,77.7242749866928
15670,296,2,325.2,2010-06-01 15:34:00,2011-02-16 10:50:00,United Kingdom,2,2,2,222,6,Hibernating,Dormant,0.8256871528260962,High,43.2625,35.72129044913899
15671,18,7,2657.13,2011-03-14 09:37:00,2011-11-21 12:43:00,United Kingdom,5,4,4,544,13,Champions,Active High-Value,0.25682712005593944,Low,664.2825,170.6057613785596
15672,725,1,45.300000000000004,2009-12-14 16:52:00,2009-12-14 16:52:00,United Kingdom,1,1,1,111,3,Hibernating,Dormant,,Inactive (>1 yr),,
15673,88,9,6204.32,2010-02-22 14:28:00,2011-09-12 16:12:00,United Kingdom,3,5,5,355,13,Loyal Customers,Lapsing Mid-Value,0.3011098931351224,Medium,681.5575,205.22370599044118
15674,73,12,6613.52,2009-12-08 17:08:00,2011-09-27 15:17:00,United Kingdom,3,5,5,355,13,Loyal Customers,Active High-Value,0.288752696427588,Low,527.9725,152.4534830146147
15675,81,4,542.04,2010-10-31 14:14:00,2011-09-19 13:48:00,United Kingdom,3,3,2,332,8,Need Attention,Lapsing Mid-Value,0.5639337920137175,Medium,80.9225,45.634932284230054
15676,18,3,3435.76,2011-03-01 10:19:00,2011-11-21 12:40:00,United Kingdom,5,3,5,535,13,Potential Loyalists,Recent Developing,0.544463389732702,Medium,858.94,467.6613839770071
15677,49,3,1305.63,2010-09-02 12:08:00,2011-10-21 15:36:00,United Kingdom,4,3,4,434,11,Potential Loyalists,Recent Developing,0.6941296485548374,High,164.3075,114.05070722992394
15678,52,3,1825.94,2010-07-05 12:49:00,2011-10-18 09:25:00,United Kingdom,4,3,4,434,11,Potential Loyalists,Lapsing Mid-Value,0.7535292952492855,High,88.175,66.44244560860574
15679,24,4,781.28,2011-06-10 08:24:00,2011-11-15 16:19:00,United Kingdom,4,3,3,433,10,Potential Loyalists,Recent Developing,0.42165141891101415,Medium,195.32,82.35695514169929
15680,9,10,4028.69,2009-12-02 12:15:00,2011-11-30 13:46:00,United Kingdom,5,5,5,555,15,Champions,Active High-Value,0.356911624818039,Medium,213.6975,76.27112194455289
15681,25,14,2989.7,2010-05-24 14:18:00,2011-11-14 16:30:00,United Kingdom,4,5,5,455,14,Loyal Customers,Active High-Value,0.2891736055461276,Low,356.54,103.10195732141634
15682,599,2,318.24,2010-01-21 14:37:00,2010-04-19 15:30:00,United Kingdom,1,2,2,122,5,Hibernating,Dormant,,Inactive (>1 yr),,
15683,117,2,524.54,2010-08-23 12:01:00,2011-08-14 12:56:00,United Kingdom,3,2,2,322,7,About to Sleep,Dormant,0.8466970099339488,High,48.4375,41.011886418675644
15684,547,3,173.95,2009-12-04 16:13:00,2010-06-10 18:51:00,United Kingdom,1,3,1,131,5,At Risk,Dormant,,Inactive (>1 yr),,
15685,450,1,55.980000000000004,2010-09-15 13:43:00,2010-09-15 13:43:00,United Kingdom,1,1,1,111,3,Hibernating,Dormant,,Inactive (>1 yr),,
15686,420,1,90.0,2010-10-15 13:50:00,2010-10-15 13:50:00,United Kingdom,1,1,1,111,3,Hibernating,Dormant,,Inactive (>1 yr),,
15687,8,9,2993.1,2011-01-13 15:13:00,2011-12-01 08:33:00,United Kingdom,5,5,5,555,15,Champions,Active High-Value,0.15237327261060876,Low,748.275,114.01711056270327
15688,418,1,190.57,2010-10-17 12:06:00,2010-10-17 12:06:00,United Kingdom,1,1,1,111,3,Hibernating,Dormant,,Inactive (>1 yr),,
15689,119,3,521.03,2010-04-01 09:53:00,2011-08-12 09:37:00,United Kingdom,3,3,2,332,8,Need Attention,Lapsing Mid-Value,0.7456325164991766,High,63.525,47.36630561061019
15690,4,2,239.76,2011-08-31 11:40:00,2011-12-05 15:59:00,United Kingdom,5,2,1,521,8,Potential Loyalists,Recent Developing,0.775909735028036,High,59.94,46.508029517580475
15691,252,4,571.3,2009-12-06 16:01:00,2011-04-01 15:13:00,United Kingdom,2,3,2,232,7,At Risk,Lapsing Mid-Value,0.7962818474456792,High,34.2,27.23283918264223
15692,28,1,191.04,2011-11-11 14:12:00,2011-11-11 14:12:00,United Kingdom,4,1,1,411,6,Promising,Recent Developing,0.698734439082781,High,47.76,33.37155681059362
15693,659,1,37.5,2010-02-18 14:37:00,2010-02-18 14:37:00,United Kingdom,1,1,1,111,3,Hibernating,Dormant,,Inactive (>1 yr),,
15694,0,23,9963.48,2009-12-07 15:43:00,2011-12-09 09:44:00,United Kingdom,5,5,5,555,15,Champions,Active High-Value,0.11644319079247278,Low,1408.0175,163.95405039164055
15695,266,4,1131.04,2010-01-27 10:56:00,2011-03-18 08:32:00,United Kingdom,2,3,3,233,8,At Risk,Lapsing Mid-Value,0.7391319027574004,High,102.495,75.75732437311976
15696,33,13,3881.2200000000003,2010-01-24 14:36:00,2011-11-06 14:02:00,United Kingdom,4,5,5,455,14,Loyal Customers,Active High-Value,0.1796552334361776,Low,677.7775,121.76627498028887
15697,689,1,246.75,2010-01-19 09:10:00,2010-01-19 09:10:00,United Kingdom,1,1,1,111,3,Hibernating,Dormant,,Inactive (>1 yr),,
15698,624,1,46.2,2010-03-25 17:38:00,2010-03-25 17:38:00,United Kingdom,1,1,1,111,3,Hibernating,Dormant,,Inactive (>1 yr),,
15699,17,1,309.65,2011-11-22 08:26:00,2011-11-22 08:26:00,United Kingdom,5,1,2,512,8,New Customers,Recent Developing,0.6399335350081565,High,77.4125,49.538854778818916
15700,172,2,696.68,2011-06-19 15:36:00,2011-06-20 16:53:00,United Kingdom,3,2,3,323,8,About to Sleep,Dormant,0.8856688588819419,High,174.17,154.25694515146782
15701,2,4,1529.0,2011-08-21 12:36:00,2011-12-07 14:39:00,United Kingdom,5,3,4,534,12,Potential Loyalists,Recent Developing,0.3137086522266352,Medium,382.25,119.9151323136313
15702,476,1,112.57000000000001,2010-08-20 14:50:00,2010-08-20 14:50:00,Nigeria,1,1,1,111,3,Hibernating,Dormant,,Inactive (>1 yr),,
15703,264,1,211.5,2011-03-20 10:51:00,2011-03-20 10:51:00,United Kingdom,2,1,1,211,4,Hibernating,Dormant,0.8502808625825334,High,52.875,44.95860060905146
15704,140,6,3734.6600000000003,2010-05-05 14:51:00,2011-07-22 13:35:00,United Kingdom,3,4,5,345,12,Loyal Customers,Lapsing Mid-Value,0.4632262391981349,Medium,573.405,265.6162416874065
15705,201,1,143.1,2011-05-22 15:37:00,2011-05-22 15:37:00,United Kingdom,2,1,1,211,4,Hibernating,Dormant,0.8482389137427186,High,35.775,30.345747139145757
15706,63,4,1060.56,2011-08-15 14:32:00,2011-10-07 10:09:00,United Kingdom,3,3,3,333,9,Need Attention,Lapsing Mid-Value,0.4183583805836457,Medium,265.14,110.92354102794782
15707,35,4,916.98,2011-09-14 14:19:00,2011-11-04 14:35:00,United Kingdom,4,3,3,433,10,Potential Loyalists,Recent Developing,0.33230644175026525,Medium,229.245,76.17959023903956
15708,40,9,3887.15,2010-10-10 11:33:00,2011-10-30 10:54:00,United Kingdom,4,5,5,455,14,Loyal Customers,Active High-Value,0.24400276936370677,Low,729.49,177.99758022313046
15709,283,2,327.85,2010-04-29 18:31:00,2011-03-01 10:38:00,United Kingdom,2,2,2,222,6,Hibernating,Dormant,0.8401951514714978,High,33.3125,27.98900098339427
15710,417,1,898.87,2010-10-18 17:05:00,2010-10-18 17:05:00,United Kingdom,1,1,3,113,5,Hibernating,Dormant,,Inactive (>1 yr),,
15711,556,2,420.25,2010-01-24 12:13:00,2010-06-01 12:14:00,United Kingdom,1,2,2,122,5,Hibernating,Dormant,,Inactive (>1 yr),,
15712,9,12,3472.4100000000003,2009-12-01 11:17:00,2011-11-30 14:09:00,United Kingdom,5,5,5,555,15,Champions,Active High-Value,0.23735027234093428,Low,268.09000000000003,63.63123451188108
15713,143,4,839.64,2009-12-16 09:41:00,2011-07-19 13:34:00,United Kingdom,3,3,3,333,9,Need Attention,Lapsing Mid-Value,0.7501867159736094,High,46.3875,34.79928628722581
15714,11,5,783.96,2010-06-02 12:08:00,2011-11-28 11:26:00,United Kingdom,5,4,3,543,12,Champions,Recent Developing,0.6299737092116431,High,82.50750000000001,51.97755581277965
15715,555,5,658.02,2010-03-30 12:17:00,2010-06-02 09:56:00,United Kingdom,1,4,3,143,8,At Risk,Lapsing Mid-Value,,Inactive (>1 yr),,
15716,145,11,2482.7400000000002,2009-12-07 12:42:00,2011-07-17 11:59:00,United Kingdom,3,5,4,354,12,Loyal Customers,Lapsing Mid-Value,0.4533301336761063,Medium,142.9275,64.79334268099169
15717,234,5,607.0,2010-04-26 10:41:00,2011-04-19 13:21:00,United Kingdom,2,4,3,243,9,At Risk,Lapsing Mid-Value,0.7556339961111912,High,37.575,28.39294740387801
15718,540,1,293.79,2010-06-17 16:20:00,2010-06-17 16:20:00,United Kingdom,1,1,2,112,4,Hibernating,Dormant,,Inactive (>1 yr),,
15719,32,31,10194.32,2009-12-01 12:47:00,2011-11-07 12:29:00,United Kingdom,4,5,5,455,14,Loyal Customers,Active High-Value,0.07462725491784669,Low,1257.105,93.81429529349967
15720,24,2,739.22,2010-06-07 15:40:00,2011-11-15 14:48:00,United Kingdom,4,2,3,423,9,Potential Loyalists,Recent Developing,0.8447159272550453,High,149.6825,126.43919178135332
15721,11,1,471.40000000000003,2011-11-28 12:14:00,2011-11-28 12:14:00,United Kingdom,5,1,2,512,8,New Customers,Recent Developing,0.5646331319802822,Medium,117.85000000000001,66.54201460387627
15722,35,11,5234.0,2010-03-09 15:05:00,2011-11-04 11:43:00,United Kingdom,4,5,5,455,14,Loyal Customers,Active High-Value,0.2635006762219929,Low,552.8025,145.66383256720823
15723,364,4,930.7,2010-05-14 12:55:00,2010-12-10 11:12:00,United Kingdom,2,3,3,233,8,At Risk,Lapsing Mid-Value,0.7807285708419187,High,47.675,37.22123461488847
15724,201,3,310.85,2010-11-04 10:22:00,2011-05-22 14:40:00,United Kingdom,2,3,2,232,7,At Risk,Dormant,0.7237641041766831,High,54.5625,39.490378934140274
15725,15,1,415.25,2011-11-24 14:51:00,2011-11-24 14:51:00,United Kingdom,5,1,2,512,8,New Customers,Recent Developing,0.6092123385344003,High,103.8125,63.24385589410243
15726,390,1,321.91,2010-11-14 16:12:00,2010-11-14 16:12:00,United Kingdom,2,1,2,212,5,Hibernating,Dormant,,Inactive (>1 yr),,
15727,16,15,9371.71,2010-01-24 12:12:00,2011-11-23 12:36:00,United Kingdom,5,5,5,555,15,Champions,Active High-Value,0.14330410396051588,Low,1289.765,184.82861764463476
15728,379,2,544.6,2010-09-21 14:46:00,2010-11-25 10:39:00,United Kingdom,2,2,2,222,6,Hibernating,Dormant,,Inactive (>1 yr),,
15729,212,3,192.55,2010-11-01 13:44:00,2011-05-11 12:36:00,United Kingdom,2,3,1,231,6,At Risk,Dormant,0.8584219688922378,High,21.25,18.24146683896005
15730,65,5,1726.58,2010-10-04 14:15:00,2011-10-05 12:31:00,United Kingdom,3,4,4,344,11,Loyal Customers,Lapsing Mid-Value,0.4363034599610057,Medium,280.22,122.26095555027304
15731,553,1,125.3,2010-06-04 10:10:00,2010-06-04 10:10:00,United Kingdom,1,1,1,111,3,Hibernating,Dormant,,Inactive (>1 yr),,
15732,212,10,1543.97,2010-02-04 10:10:00,2011-05-11 14:24:00,United Kingdom,2,5,4,254,11,Can't Lose Them,Lapsing Mid-Value,0.7924803130378156,High,39.005,30.91069461004
15733,282,1,162.3,2011-03-02 09:05:00,2011-03-02 09:05:00,United Kingdom,2,1,1,211,4,Hibernating,Dormant,0.8542018677805808,High,40.575,34.65924078519707
15734,114,4,2263.3,2010-06-10 14:25:00,2011-08-17 10:50:00,United Kingdom,3,3,4,334,10,Need Attention,Lapsing Mid-Value,0.5767993814440379,Medium,334.8625,193.14848286880414
15735,421,1,327.68,2010-10-14 13:38:00,2010-10-14 13:38:00,United Kingdom,1,1,2,112,4,Hibernating,Dormant,,Inactive (>1 yr),,
15736,435,2,1767.12,2010-09-30 14:19:00,2010-09-30 14:20:00,United Kingdom,1,2,4,124,7,Hibernating,Lapsing Mid-Value,,Inactive (>1 yr),,
15737,14,8,1188.1200000000001,2011-04-11 10:01:00,2011-11-25 11:21:00,United Kingdom,5,4,3,543,12,Champions,Recent Developing,0.23982035752364939,Low,297.03000000000003,71.23384079524958
15738,18,41,13043.32,2009-12-10 15:52:00,2011-11-21 08:26:00,United Kingdom,5,5,5,555,15,Champions,Active High-Value,0.06989280757823131,Low,1120.6925,78.328345256867
15739,66,1,449.12,2011-10-04 13:42:00,2011-10-04 13:42:00,United Kingdom,3,1,2,312,6,About to Sleep,Recent Developing,0.7297412008345529,High,112.28,81.93534202970359
15740,49,1,154.88,2011-10-21 14:29:00,2011-10-21 14:29:00,United Kingdom,4,1,1,411,6,Promising,Dormant,0.7452440795125123,High,38.72,28.855850758724475
15741,458,2,208.62,2010-03-31 11:55:00,2010-09-07 16:21:00,United Kingdom,1,2,1,121,4,Hibernating,Dormant,,Inactive (>1 yr),,
15742,619,1,156.87,2010-03-30 15:25:00,2010-03-30 15:25:00,United Kingdom,1,1,1,111,3,Hibernating,Dormant,,Inactive (>1 yr),,
15743,16,4,775.96,2011-06-08 10:14:00,2011-11-23 17:19:00,United Kingdom,5,3,3,533,11,Potential Loyalists,Recent Developing,0.43608350912476695,Medium,193.99,84.59583993511355
15744,77,1,34.8,2011-09-23 09:52:00,2011-09-23 09:52:00,United Kingdom,3,1,1,311,5,About to Sleep,Dormant,0.8236486244318049,High,8.7,7.165743032556701
15745,19,4,1094.59,2011-04-17 13:04:00,2011-11-20 13:45:00,United Kingdom,5,3,3,533,11,Potential Loyalists,Recent Developing,0.4146532955428764,Medium,273.6475,113.46883769206926
15746,134,1,196.88,2011-07-28 15:21:00,2011-07-28 15:21:00,United Kingdom,3,1,1,311,5,About to Sleep,Dormant,0.8088584484391643,High,49.22,39.81201283217567
15747,12,9,2499.81,2010-01-18 11:21:00,2011-11-27 12:26:00,United Kingdom,5,5,4,554,14,Champions,Active High-Value,0.36896798678764353,Medium,236.66,87.31996375316372
15748,40,3,609.8100000000001,2010-09-16 16:52:00,2011-10-30 12:51:00,United Kingdom,4,3,3,433,10,Potential Loyalists,Recent Developing,0.8314729524677168,High,36.09,30.007858854559903
15749,235,2,14822.0,2011-01-11 12:57:00,2011-04-18 13:20:00,United Kingdom,2,2,5,225,9,Hibernating,Lapsing Mid-Value,0.646478902726734,High,3705.5,2395.5275740539128
15750,2,18,6452.99,2009-12-01 17:19:00,2011-12-07 12:34:00,United Kingdom,5,5,5,555,15,Champions,Active High-Value,0.17386625674789738,Low,530.6325,92.25908648377866
15751,460,11,1380.44,2009-12-06 13:08:00,2010-09-05 12:44:00,United Kingdom,1,5,4,154,10,Can't Lose Them,Lapsing Mid-Value,,Inactive (>1 yr),,
15752,39,9,3924.91,2010-09-08 11:56:00,2011-10-31 11:37:00,United Kingdom,4,5,5,455,14,Loyal Customers,Active High-Value,0.2225802291407943,Low,591.7375,131.70906834120078
15753,304,1,79.2,2011-02-08 12:41:00,2011-02-08 12:41:00,United Kingdom,2,1,1,211,4,Hibernating,Dormant,0.8886232610046179,High,19.8,17.594740567891435
15754,51,9,3037.61,2010-02-22 13:31:00,2011-10-19 14:40:00,United Kingdom,4,5,5,455,14,Loyal Customers,Lapsing Mid-Value,0.3980156224077113,Medium,114.6425,45.629505991876044
15755,10,17,5993.12,2009-12-04 08:24:00,2011-11-29 14:57:00,United Kingdom,5,5,5,555,15,Champions,Active High-Value,0.12577968065911121,Low,591.0625,74.34365249957592
15756,61,4,528.01,2011-04-04 14:00:00,2011-10-09 13:30:00,United Kingdom,3,3,2,332,8,Need Attention,Recent Developing,0.4408315479229273,Medium,132.0025,58.19086640469621
15757,65,6,2940.36,2010-06-10 13:47:00,2011-10-05 12:14:00,United Kingdom,3,4,5,345,12,Loyal Customers,Lapsing Mid-Value,0.4872708178150469,Medium,178.605,87.02900441585645
15758,24,1,205.25,2011-11-15 10:48:00,2011-11-15 10:48:00,United Kingdom,4,1,1,411,6,Promising,Recent Developing,0.6902502323109714,High,51.3125,35.41846504545672
15759,218,7,830.9300000000001,2009-12-02 10:08:00,2011-05-05 15:13:00,United Kingdom,2,4,3,243,9,At Risk,Lapsing Mid-Value,0.6443348957143142,High,63.26,40.760625502887514
15761,442,1,143.05,2010-09-23 09:33:00,2010-09-23 09:33:00,United Kingdom,1,1,1,111,3,Hibernating,Dormant,,Inactive (>1 yr),,
15762,65,2,583.75,2011-09-23 15:17:00,2011-10-05 16:15:00,United Kingdom,3,2,2,322,7,About to Sleep,Recent Developing,0.5238670866441241,Medium,145.9375,76.45185295712686
15763,31,2,1086.92,2011-09-23 12:10:00,2011-11-08 09:44:00,United Kingdom,4,2,3,423,9,Potential Loyalists,Recent Developing,0.49691369463213375,Medium,271.73,135.0263582423897
15764,88,8,4503.08,2010-08-18 13:58:00,2011-09-12 17:58:00,United Kingdom,3,4,5,345,12,Loyal Customers,Lapsing Mid-Value,0.28498431465564716,Low,819.9925,233.68500063527074
15765,666,1,370.63,2010-02-11 10:25:00,2010-02-11 10:25:00,United Kingdom,1,1,2,112,4,Hibernating,Dormant,,Inactive (>1 yr),,
15766,64,3,831.06,2010-01-26 15:55:00,2011-10-06 17:03:00,United Kingdom,3,3,3,333,9,Need Attention,Recent Developing,0.7756130926725121,High,78.765,61.091165244350414
15768,115,34,15308.89,2009-12-03 12:10:00,2011-08-16 10:48:00,United Kingdom,3,5,5,355,13,Loyal Customers,Active High-Value,0.6234507922664805,High,155.45749999999998,96.92010153876637
15769,7,46,88612.52,2009-12-11 09:58:00,2011-12-02 13:52:00,United Kingdom,5,5,5,555,15,Champions,Active High-Value,0.022178043604282032,Low,14040.23,311.3848331541487
15770,612,1,321.45,2010-04-06 11:47:00,2010-04-06 11:47:00,United Kingdom,1,1,2,112,4,Hibernating,Dormant,,Inactive (>1 yr),,
15771,604,3,1006.54,2010-01-15 12:14:00,2010-04-14 13:56:00,United Kingdom,1,3,3,133,7,At Risk,Lapsing Mid-Value,,Inactive (>1 yr),,
15772,418,1,280.88,2010-10-17 13:33:00,2010-10-17 13:33:00,United Kingdom,1,1,1,111,3,Hibernating,Dormant,,Inactive (>1 yr),,
15773,5,2,774.52,2010-10-26 15:27:00,2011-12-04 12:48:00,United Kingdom,5,2,3,523,10,Potential Loyalists,Recent Developing,0.8858071001280631,High,158.92000000000002,140.7724643523518
15774,68,6,1287.09,2010-02-21 12:57:00,2011-10-02 12:04:00,United Kingdom,3,4,4,344,11,Loyal Customers,Lapsing Mid-Value,0.5940358153372866,Medium,67.7,40.2162246983343
15775,245,2,150.5,2010-03-18 07:32:00,2011-04-08 12:56:00,United Kingdom,2,2,1,221,5,Hibernating,Dormant,0.8547974202469162,High,26.225,22.417062345975378
15776,133,1,241.62,2011-07-29 13:46:00,2011-07-29 13:46:00,United Kingdom,3,1,1,311,5,About to Sleep,Dormant,0.8020391766941768,High,60.405,48.44717646821175
15777,241,7,1762.61,2010-05-20 10:37:00,2011-04-12 16:43:00,United Kingdom,2,4,4,244,10,At Risk,Lapsing Mid-Value,0.5733191569638346,Medium,261.7775,150.0820556121002
15778,431,1,307.95,2010-10-04 15:10:00,2010-10-04 15:10:00,United Kingdom,1,1,2,112,4,Hibernating,Dormant,,Inactive (>1 yr),,
15779,463,2,124.08000000000001,2010-06-25 15:55:00,2010-09-02 16:40:00,United Kingdom,1,2,1,121,4,Hibernating,Dormant,,Inactive (>1 yr),,
15780,183,3,475.28000000000003,2010-12-17 11:43:00,2011-06-09 12:01:00,United Kingdom,3,3,2,332,8,Need Attention,Dormant,0.6390973967844656,High,118.82000000000001,75.93755268593021
15781,25,3,345.46,2011-02-07 09:15:00,2011-11-14 14:57:00,United Kingdom,4,3,2,432,9,Potential Loyalists,Recent Developing,0.6391947170694314,High,86.365,55.20405173970144
15782,9,4,4014.1,2010-10-05 15:43:00,2011-11-30 10:49:00,United Kingdom,5,3,5,535,13,Potential Loyalists,Recent Developing,0.47100702662434724,Medium,653.6850000000001,307.8902281989364
15783,10,1,246.3,2011-11-29 09:50:00,2011-11-29 09:50:00,United Kingdom,5,1,1,511,7,New Customers,Recent Developing,0.6162282543897278,High,61.575,37.94425476404749
15784,467,2,848.3299999999999,2010-02-05 14:42:00,2010-08-29 10:38:00,United Kingdom,1,2,3,123,6,Hibernating,Dormant,,Inactive (>1 yr),,
15785,32,16,5969.93,2009-12-15 16:28:00,2011-11-07 11:33:00,United Kingdom,4,5,5,455,14,Loyal Customers,Active High-Value,0.23135438701424707,Low,582.2425000000001,134.70435668114277
15786,46,5,8501.62,2010-06-21 10:13:00,2011-10-24 14:13:00,United Kingdom,4,4,5,445,13,Loyal Customers,Lapsing Mid-Value,0.3726622318354782,Medium,1229.75,458.2813795996793
15787,26,3,933.26,2011-10-09 13:11:00,2011-11-13 14:55:00,United Kingdom,4,3,3,433,10,Potential Loyalists,Recent Developing,0.4029544613023137,Medium,233.315,94.01532013874932
15788,508,1,221.82999999999998,2010-07-19 12:48:00,2010-07-19 12:48:00,United Kingdom,1,1,1,111,3,Hibernating,Dormant,,Inactive (>1 yr),,
15789,358,6,1962.01,2010-03-26 11:21:00,2010-12-16 14:35:00,United Kingdom,2,4,4,244,10,At Risk,Lapsing Mid-Value,0.7699988470794109,High,87.825,67.62514874474927
15790,10,1,218.75,2011-11-29 14:53:00,2011-11-29 14:53:00,United Kingdom,5,1,1,511,7,New Customers,Recent Developing,0.6055239535108855,High,54.6875,33.11459120762655
15791,43,5,3608.34,2010-03-08 09:41:00,2011-10-27 10:14:00,United Kingdom,4,4,5,445,13,Loyal Customers,Lapsing Mid-Value,0.4899306306217748,Medium,403.1725,197.5265571743575
15792,399,2,933.84,2010-03-31 09:42:00,2010-11-05 08:21:00,United Kingdom,2,2,3,223,7,Hibernating,Dormant,,Inactive (>1 yr),,
15793,14,8,2399.57,2009-12-01 12:54:00,2011-11-25 09:31:00,United Kingdom,5,4,4,544,13,Champions,Active High-Value,0.39880806371586125,Medium,241.4025,96.2732636011682
15794,736,2,777.0,2009-12-02 15:10:00,2009-12-03 13:04:00,United Kingdom,1,2,3,123,6,Hibernating,Dormant,,Inactive (>1 yr),,
15795,149,8,1979.8700000000001,2010-01-18 11:31:00,2011-07-13 10:43:00,United Kingdom,3,4,4,344,11,Loyal Customers,Lapsing Mid-Value,0.6202986016672887,High,152.5025,94.5970875007657
15796,1,17,5170.63,2010-03-31 13:10:00,2011-12-08 19:55:00,United Kingdom,5,5,5,555,15,Champions,Active High-Value,0.15316491915761113,Low,676.9025,103.67771669008488
15797,113,5,2806.08,2010-01-27 13:12:00,2011-08-18 17:04:00,United Kingdom,3,4,4,344,11,Loyal Customers,Lapsing Mid-Value,0.5012948262916678,Medium,548.1,274.75969429046313
15798,492,3,1535.37,2010-01-27 11:55:00,2010-08-04 09:13:00,United Kingdom,1,3,4,134,8,At Risk,Lapsing Mid-Value,,Inactive (>1 yr),,
15799,75,4,1421.34,2010-10-17 14:26:00,2011-09-25 12:46:00,United Kingdom,3,3,4,334,10,Need Attention,Lapsing Mid-Value,0.4975503257623168,Medium,221.035,109.97603625487369
15800,107,7,1227.07,2010-03-31 13:17:00,2011-08-24 14:23:00,United Kingdom,3,4,4,344,11,Loyal Customers,Lapsing Mid-Value,0.602048870186732,High,174.2225,104.89045928610793
15801,46,3,1063.95,2011-08-22 09:53:00,2011-10-24 13:52:00,United Kingdom,4,3,3,433,10,Potential Loyalists,Recent Developing,0.4949168818089113,Medium,265.9875,131.6417041001478
15803,51,4,1929.66,2010-02-01 16:29:00,2011-10-19 14:56:00,United Kingdom,4,4,4,444,12,Loyal Customers,Lapsing Mid-Value,0.7502509556122156,High,103.95500000000001,77.99233809066787
15804,0,13,4206.39,2011-05-25 10:12:00,2011-12-09 12:31:00,United Kingdom,5,5,5,555,15,Champions,Active High-Value,0.09405259906708677,Low,1051.5975,98.90547804745079
15805,23,30,10148.93,2009-12-10 12:57:00,2011-11-16 16:32:00,United Kingdom,4,5,5,455,14,Loyal Customers,Active High-Value,0.060684566844244885,Low,1372.045,83.26195651581197
15806,46,3,784.58,2011-03-08 09:24:00,2011-10-24 14:35:00,United Kingdom,4,3,3,433,10,Potential Loyalists,Recent Developing,0.5602818603522676,Medium,196.145,109.89648549879553
15807,50,5,1817.52,2010-02-11 15:32:00,2011-10-20 14:10:00,United Kingdom,4,4,4,444,12,Loyal Customers,Lapsing Mid-Value,0.467552146241437,Medium,225.975,105.65509624690873
15808,306,21,17180.25,2009-12-01 16:30:00,2011-02-06 14:33:00,United Kingdom,2,5,5,255,12,Can't Lose Them,Active High-Value,0.5560153646298347,Medium,674.5550000000001,375.06294428787817
15809,36,7,1274.44,2010-06-22 14:23:00,2011-11-03 16:40:00,United Kingdom,4,4,4,444,12,Loyal Customers,Lapsing Mid-Value,0.42046036512621304,Medium,128.9425,54.21521063028673
15810,78,8,2999.04,2010-02-04 18:18:00,2011-09-22 09:38:00,United Kingdom,3,4,5,345,12,Loyal Customers,Lapsing Mid-Value,0.3348525388283253,Medium,347.995,116.52700924956305
15811,22,7,3392.55,2010-11-16 16:46:00,2011-11-17 15:31:00,United Kingdom,4,4,5,445,13,Loyal Customers,Active High-Value,0.3157760900113258,Medium,482.1925,152.2648622827862
15812,107,12,5201.47,2009-12-15 13:40:00,2011-08-24 14:19:00,United Kingdom,3,5,5,355,13,Loyal Customers,Lapsing Mid-Value,0.31952028642660085,Medium,450.285,143.87519217360196
15813,207,2,1303.9099999999999,2011-04-14 09:09:00,2011-05-16 08:13:00,United Kingdom,2,2,4,224,8,Hibernating,Lapsing Mid-Value,0.634842846472108,High,325.97749999999996,206.94448398586155
15814,16,6,2634.44,2010-04-15 14:31:00,2011-11-23 08:17:00,United Kingdom,5,4,4,544,13,Champions,Active High-Value,0.39093240355688375,Medium,486.3325,190.12313315282816
15815,63,5,2100.6,2011-03-25 08:43:00,2011-10-07 12:42:00,United Kingdom,3,4,4,344,11,Loyal Customers,Lapsing Mid-Value,0.35234063249873554,Medium,525.15,185.03168315671095
15816,542,2,144.14999999999998,2010-06-15 12:54:00,2010-06-15 13:36:00,United Kingdom,1,2,1,121,4,Hibernating,Dormant,,Inactive (>1 yr),,
15817,420,3,2766.4,2010-06-14 13:31:00,2010-10-15 11:07:00,United Kingdom,1,3,4,134,8,At Risk,Lapsing Mid-Value,,Inactive (>1 yr),,
15818,588,1,340.5,2010-04-30 12:58:00,2010-04-30 12:58:00,United Kingdom,1,1,2,112,4,Hibernating,Dormant,,Inactive (>1 yr),,
15819,49,10,3934.79,2010-03-18 11:08:00,2011-10-21 14:50:00,United Kingdom,4,5,5,455,14,Loyal Customers,Active High-Value,0.3075876727948972,Medium,476.3625,146.52323278175922
15820,319,1,206.98,2011-01-24 12:00:00,2011-01-24 12:00:00,United Kingdom,2,1,1,211,4,Hibernating,Dormant,0.847814151056757,High,51.745,43.87014324643189
15821,44,2,570.96,2011-10-09 13:28:00,2011-10-26 15:48:00,United Kingdom,4,2,2,422,8,Potential Loyalists,Recent Developing,0.6012141260222,High,142.74,85.81730434840884
15822,3,6,1840.06,2009-12-06 15:12:00,2011-12-06 14:50:00,United Kingdom,5,4,4,544,13,Champions,Recent Developing,0.6311852097172093,High,221.3675,139.72389191207432
15823,729,2,3867.17,2009-12-08 15:12:00,2009-12-10 18:03:00,United Kingdom,1,2,5,125,8,Hibernating,Lapsing Mid-Value,,Inactive (>1 yr),,
15824,453,2,890.94,2010-06-25 15:10:00,2010-09-12 13:20:00,United Kingdom,1,2,3,123,6,Hibernating,Dormant,,Inactive (>1 yr),,
15825,172,1,532.94,2011-06-20 13:27:00,2011-06-20 13:27:00,United Kingdom,3,1,2,312,6,About to Sleep,Dormant,0.7865182197377852,High,133.235,104.79175500676382
15826,56,4,2598.28,2010-05-20 17:00:00,2011-10-14 16:05:00,United Kingdom,4,4,4,444,12,Loyal Customers,Lapsing Mid-Value,0.5202859174528579,Medium,413.5775,215.17854902535933
15827,73,28,3603.14,2010-01-08 11:25:00,2011-09-27 15:35:00,United Kingdom,3,5,5,355,13,Loyal Customers,Active High-Value,0.21042645594062923,Low,411.29,86.5462970638214
15828,375,1,1108.82,2010-11-29 16:41:00,2010-11-29 16:41:00,United Kingdom,2,1,3,213,6,Hibernating,Dormant,,Inactive (>1 yr),,
15829,99,2,636.14,2011-07-22 10:23:00,2011-09-01 16:45:00,United Kingdom,3,2,3,323,8,About to Sleep,Recent Developing,0.6226363859149152,High,159.035,99.02097763397853
15830,37,1,576.0,2011-11-02 10:40:00,2011-11-02 10:40:00,United Kingdom,4,1,2,412,7,Promising,Recent Developing,0.6622231316675447,High,144.0,95.36013096012643
15831,58,3,794.64,2011-01-19 14:52:00,2011-10-12 13:14:00,United Kingdom,4,3,3,433,10,Potential Loyalists,Recent Developing,0.5615824246764924,Medium,198.66,111.56396448623198
15832,254,1,836.79,2011-03-30 15:29:00,2011-03-30 15:29:00,United Kingdom,2,1,3,213,6,Hibernating,Dormant,0.7786966230105066,High,209.1975,162.90138679224043
15833,737,1,80.4,2009-12-02 11:59:00,2009-12-02 11:59:00,United Kingdom,1,1,1,111,3,Hibernating,Dormant,,Inactive (>1 yr),,
15834,70,7,3761.89,2010-10-11 14:05:00,2011-09-30 14:41:00,United Kingdom,3,4,5,345,12,Loyal Customers,Lapsing Mid-Value,0.3853948655619638,Medium,555.6625,214.1494744853247
15835,44,4,954.09,2011-01-13 10:35:00,2011-10-26 15:47:00,United Kingdom,4,4,3,443,11,Loyal Customers,Recent Developing,0.4559276406957869,Medium,238.5225,108.74900067786083
15836,50,1,137.37,2011-10-20 17:13:00,2011-10-20 17:13:00,United Kingdom,4,1,1,411,6,Promising,Dormant,0.7599015465216671,High,34.3425,26.096918861420352
15837,64,2,777.01,2010-08-11 10:16:00,2011-10-06 09:01:00,United Kingdom,3,2,3,323,8,About to Sleep,Recent Developing,0.8229809582096849,High,97.995,80.64801899975807
15838,11,34,57387.1,2009-12-15 09:51:00,2011-11-28 14:00:00,United Kingdom,5,5,5,555,15,Champions,Active High-Value,0.037427664634008394,Low,8171.395,305.83623165201305
15839,33,3,1048.49,2011-07-14 16:35:00,2011-11-06 13:54:00,United Kingdom,4,3,3,433,10,Potential Loyalists,Recent Developing,0.431755149073688,Medium,262.1225,113.17273906306778
15840,58,2,355.56,2011-06-20 11:42:00,2011-10-12 09:08:00,United Kingdom,4,2,2,422,8,Potential Loyalists,Recent Developing,0.6706166719367226,High,88.89,59.61111596845527
15841,72,9,2742.41,2009-12-10 08:29:00,2011-09-28 12:15:00,United Kingdom,3,5,4,354,12,Loyal Customers,Lapsing Mid-Value,0.35467580327382986,Medium,306.015,108.53611593884104
15842,393,2,548.8,2010-06-30 09:06:00,2010-11-11 14:08:00,United Kingdom,2,2,2,222,6,Hibernating,Dormant,,Inactive (>1 yr),,
15843,303,1,118.95000000000002,2011-02-09 10:19:00,2011-02-09 10:19:00,United Kingdom,2,1,1,211,4,Hibernating,Dormant,0.866800723092413,High,29.737500000000004,25.776486502960633
15844,46,1,130.73999999999998,2011-10-24 15:19:00,2011-10-24 15:19:00,United Kingdom,4,1,1,411,6,Promising,Dormant,0.744282707144759,High,32.684999999999995,24.326880283026444
15845,17,11,4426.28,2010-01-26 14:44:00,2011-11-22 09:42:00,United Kingdom,5,5,5,555,15,Champions,Active High-Value,0.14869379679113406,Low,927.9425,137.9792935288569
15846,385,1,107.01,2010-11-19 14:40:00,2010-11-19 14:40:00,United Kingdom,2,1,1,211,4,Hibernating,Dormant,,Inactive (>1 yr),,
15847,38,5,822.57,2010-03-08 08:47:00,2011-11-01 14:41:00,United Kingdom,4,4,3,443,11,Loyal Customers,Recent Developing,0.5789965335541548,Medium,97.3175,56.34649515415646
15848,621,1,137.99,2010-03-28 10:54:00,2010-03-28 10:54:00,United Kingdom,1,1,1,111,3,Hibernating,Dormant,,Inactive (>1 yr),,
15850,19,6,1006.75,2009-12-13 13:27:00,2011-11-20 14:14:00,United Kingdom,5,4,3,543,12,Champions,Recent Developing,0.6174755929361153,High,58.72,36.25816681720869
15851,526,1,109.73,2010-07-01 12:34:00,2010-07-01 12:34:00,United Kingdom,1,1,1,111,3,Hibernating,Dormant,,Inactive (>1 yr),,
15852,186,3,257.26,2010-07-01 10:16:00,2011-06-06 11:22:00,United Kingdom,3,3,1,331,7,Need Attention,Dormant,0.7368770884637347,High,40.1775,29.605879221751703
15853,51,1,110.8,2011-10-19 10:38:00,2011-10-19 10:38:00,United Kingdom,4,1,1,411,6,Promising,Dormant,0.7424170617059523,High,27.7,20.564952609254878
15854,4,21,5578.28,2009-12-10 12:08:00,2011-12-05 13:39:00,United Kingdom,5,5,5,555,15,Champions,Active High-Value,0.09657693366957222,Low,742.28,71.68712632425006
15855,136,6,1052.72,2010-08-20 17:15:00,2011-07-26 10:20:00,United Kingdom,3,4,3,343,10,Loyal Customers,Lapsing Mid-Value,0.4719033221552853,Medium,178.06,84.0271055429701
15856,4,52,32274.69,2009-12-03 14:02:00,2011-12-05 17:09:00,United Kingdom,5,5,5,555,15,Champions,Active High-Value,0.02152594861278033,Low,3642.765,78.41397219843473
15857,18,2,570.48,2010-10-05 16:43:00,2011-11-21 12:18:00,United Kingdom,5,2,2,522,9,Potential Loyalists,Recent Developing,0.8771168539020691,High,74.25,65.12592640222863
15858,15,13,3552.41,2009-12-10 11:42:00,2011-11-24 12:48:00,United Kingdom,5,5,5,555,15,Champions,Active High-Value,0.21403080598053306,Low,260.91,55.84277758838088
15859,432,1,438.46,2010-10-03 12:52:00,2010-10-03 12:52:00,United Kingdom,1,1,2,112,4,Hibernating,Dormant,,Inactive (>1 yr),,
15860,40,17,2358.8,2009-12-06 12:31:00,2011-10-30 11:25:00,United Kingdom,4,5,4,454,13,Loyal Customers,Active High-Value,0.2193798401053559,Low,215.625,47.30377802271737
15861,12,12,4360.9,2010-01-28 19:41:00,2011-11-27 15:59:00,United Kingdom,5,5,5,555,15,Champions,Active High-Value,0.15086293587470204,Low,786.73,118.68839754070433
15862,8,13,2507.14,2009-12-17 11:33:00,2011-12-01 13:28:00,United Kingdom,5,5,4,554,14,Champions,Active High-Value,0.3924623544272909,Medium,119.6625,46.96302648665569
15863,25,5,355.1,2009-12-17 10:20:00,2011-11-14 12:49:00,United Kingdom,4,4,2,442,10,Loyal Customers,Recent Developing,0.7016307514587281,High,17.21,12.075065232604711
15864,22,7,2180.76,2010-11-23 15:02:00,2011-11-17 13:32:00,United Kingdom,4,4,4,444,12,Loyal Customers,Active High-Value,0.2633861475143793,Low,484.08000000000004,127.49996628876073
15865,40,5,2241.42,2010-01-05 13:58:00,2011-10-30 12:43:00,United Kingdom,4,4,4,444,12,Loyal Customers,Lapsing Mid-Value,0.4642788893715823,Medium,223.7825,103.89749056079611
15866,101,1,211.89,2011-08-30 14:09:00,2011-08-30 14:09:00,United Kingdom,3,1,1,311,5,About to Sleep,Dormant,0.7814772660357111,High,52.9725,41.396804475076706
15867,5,31,8869.87,2009-12-14 15:16:00,2011-12-04 13:32:00,United Kingdom,5,5,5,555,15,Champions,Active High-Value,0.05694034575691221,Low,922.9875,52.55522737930801
15868,583,1,94.53,2010-05-05 14:11:00,2010-05-05 14:11:00,United Kingdom,1,1,1,111,3,Hibernating,Dormant,,Inactive (>1 yr),,
15869,277,3,321.11,2010-03-23 16:50:00,2011-03-07 17:23:00,United Kingdom,2,3,2,232,7,At Risk,Dormant,0.817862161555978,High,37.41,30.596223463809135
15870,32,4,857.46,2010-09-19 16:22:00,2011-11-07 10:58:00,United Kingdom,4,4,3,443,11,Loyal Customers,Recent Developing,0.6941380821333485,High,87.86,60.986971896236
15871,437,1,33.099999999999994,2010-09-28 14:16:00,2010-09-28 14:16:00,United Kingdom,1,1,1,111,3,Hibernating,Dormant,,Inactive (>1 yr),,
15872,14,4,729.25,2010-06-07 14:53:00,2011-11-25 11:55:00,United Kingdom,5,4,3,543,12,Champions,Recent Developing,0.6796540317229836,High,79.0625,53.73514688309839
15873,499,4,313.91999999999996,2010-07-27 11:58:00,2010-07-28 12:41:00,United Kingdom,1,4,2,142,7,At Risk,Dormant,,Inactive (>1 yr),,
15874,63,21,11284.76,2010-01-07 13:56:00,2011-10-07 12:31:00,United Kingdom,3,5,5,355,13,Loyal Customers,Active High-Value,0.21104575278741797,Low,1101.47,232.46056532275728
15875,646,1,108.52,2010-03-03 16:51:00,2010-03-03 16:51:00,United Kingdom,1,1,1,111,3,Hibernating,Dormant,,Inactive (>1 yr),,
15876,409,2,1449.1399999999999,2010-09-17 15:26:00,2010-10-26 18:58:00,United Kingdom,1,2,4,124,7,Hibernating,Lapsing Mid-Value,,Inactive (>1 yr),,
15877,1,2,490.33,2011-11-22 11:18:00,2011-12-08 11:53:00,United Kingdom,5,2,2,522,9,Potential Loyalists,Recent Developing,0.5039640746690034,Medium,122.5825,61.777176183113106
15878,561,2,330.77,2009-12-06 12:28:00,2010-05-27 12:17:00,United Kingdom,1,2,2,122,5,Hibernating,Dormant,,Inactive (>1 yr),,
15879,404,4,1137.8,2009-12-17 19:54:00,2010-10-31 16:21:00,United Kingdom,2,4,3,243,9,At Risk,Lapsing Mid-Value,,Inactive (>1 yr),,
15880,369,1,329.03000000000003,2010-12-05 13:00:00,2010-12-05 13:00:00,United Kingdom,2,1,2,212,5,Hibernating,Dormant,,Inactive (>1 yr),,
15881,312,5,501.39000000000004,2010-12-10 13:32:00,2011-01-31 16:59:00,United Kingdom,2,4,2,242,8,At Risk,Lapsing Mid-Value,0.8208481173245411,High,125.34750000000001,102.89125938633792
15882,198,8,1122.38,2009-12-10 15:33:00,2011-05-25 11:35:00,United Kingdom,2,4,3,243,9,At Risk,Lapsing Mid-Value,0.7318443776362524,High,36.260000000000005,26.536677133090517
15883,2,2,396.48,2011-11-06 14:50:00,2011-12-07 17:05:00,United Kingdom,5,2,2,522,9,Potential Loyalists,Recent Developing,0.5912207645255,Medium,99.12,58.60180217976756
15884,432,2,244.60000000000002,2009-12-03 18:23:00,2010-10-03 15:55:00,United Kingdom,1,2,1,121,4,Hibernating,Dormant,,Inactive (>1 yr),,
15885,93,13,1921.82,2010-01-21 12:47:00,2011-09-07 14:56:00,United Kingdom,3,5,4,354,12,Loyal Customers,Lapsing Mid-Value,0.5659631177112892,Medium,87.3375,49.42980379310972
15886,60,4,1052.8700000000001,2010-04-20 15:03:00,2011-10-10 14:25:00,United Kingdom,3,4,3,343,10,Loyal Customers,Lapsing Mid-Value,0.7661660332829431,High,45.2725,34.68625174180204
15887,406,3,1027.15,2010-06-02 11:53:00,2010-10-29 08:36:00,United Kingdom,2,3,3,233,8,At Risk,Lapsing Mid-Value,,Inactive (>1 yr),,
15888,80,3,423.49,2010-07-01 11:51:00,2011-09-20 12:30:00,United Kingdom,3,3,2,332,8,Need Attention,Recent Developing,0.7610761743056044,High,40.66,30.94535724726587
15889,156,8,1407.05,2009-12-10 12:21:00,2011-07-06 11:10:00,United Kingdom,3,4,4,344,11,Loyal Customers,Lapsing Mid-Value,0.7240597906957802,High,33.025,23.91207458772814
15890,394,5,535.65,2010-04-14 08:43:00,2010-11-10 12:46:00,United Kingdom,2,4,2,242,8,At Risk,Lapsing Mid-Value,,Inactive (>1 yr),,
15891,226,1,509.13,2011-04-27 12:35:00,2011-04-27 12:35:00,United Kingdom,2,1,2,212,5,Hibernating,Dormant,0.7892819646828123,High,127.2825,100.46178166974006
15892,669,1,128.2,2010-02-08 16:23:00,2010-02-08 16:23:00,United Kingdom,1,1,1,111,3,Hibernating,Dormant,,Inactive (>1 yr),,
15893,481,1,305.28000000000003,2010-08-15 11:12:00,2010-08-15 11:12:00,United Kingdom,1,1,2,112,4,Hibernating,Dormant,,Inactive (>1 yr),,
15894,253,2,257.6,2010-12-05 14:06:00,2011-03-31 13:50:00,United Kingdom,2,2,1,221,5,Hibernating,Dormant,0.8133523879431609,High,26.7025,21.718542139052254
15895,149,1,179.17,2011-07-13 10:27:00,2011-07-13 10:27:00,United Kingdom,3,1,1,311,5,About to Sleep,Dormant,0.8227431385828354,High,44.7925,36.852722034971656
15897,194,2,208.59,2011-05-29 13:32:00,2011-05-29 13:50:00,United Kingdom,2,2,1,221,5,Hibernating,Dormant,0.8414685152182539,High,52.1475,43.8804793973439
15898,1,25,4992.7,2009-12-11 16:11:00,2011-12-08 15:23:00,United Kingdom,5,5,5,555,15,Champions,Active High-Value,0.2929262675661931,Low,216.7975,63.50568249268176
15899,368,1,56.25,2010-12-06 10:36:00,2010-12-06 10:36:00,United Kingdom,2,1,1,211,4,Hibernating,Dormant,,Inactive (>1 yr),,
15900,23,4,886.5699999999999,2010-05-26 11:27:00,2011-11-16 12:19:00,United Kingdom,4,4,3,443,11,Loyal Customers,Recent Developing,0.7402553630635124,High,84.32,62.418332213515356
15901,16,6,667.89,2010-06-14 12:39:00,2011-11-23 12:43:00,United Kingdom,5,4,3,543,12,Champions,Recent Developing,0.4779666324794145,Medium,87.4375,41.79220742741881
15902,380,1,145.01,2010-11-24 16:57:00,2010-11-24 16:57:00,United Kingdom,2,1,1,211,4,Hibernating,Dormant,,Inactive (>1 yr),,
15903,9,12,8939.84,2010-01-14 10:57:00,2011-11-30 08:08:00,United Kingdom,5,5,5,555,15,Champions,Active High-Value,0.17786967526393485,Low,1281.69,227.97378408903268
15904,8,1,164.68,2011-12-01 14:50:00,2011-12-01 14:50:00,United Kingdom,5,1,1,511,7,New Customers,Recent Developing,0.603905500139698,High,41.17,24.862789440751367
15905,543,1,114.69,2010-06-14 16:00:00,2010-06-14 16:00:00,United Kingdom,1,1,1,111,3,Hibernating,Dormant,,Inactive (>1 yr),,
15906,19,10,2530.19,2010-09-15 12:17:00,2011-11-20 12:24:00,United Kingdom,5,5,4,554,14,Champions,Active High-Value,0.1955827542127343,Low,391.9225,76.65328198794036
15907,3,3,881.87,2011-05-13 13:01:00,2011-12-06 12:21:00,United Kingdom,5,3,3,533,11,Potential Loyalists,Recent Developing,0.6290635556627457,High,220.4675,138.6880694580764
15908,490,2,758.62,2010-07-15 19:21:00,2010-08-06 11:56:00,United Kingdom,1,2,3,123,6,Hibernating,Dormant,,Inactive (>1 yr),,
15909,173,1,191.94,2011-06-19 10:38:00,2011-06-19 10:38:00,United Kingdom,3,1,1,311,5,About to Sleep,Dormant,0.8319524420131524,High,47.985,39.92123793000112
15910,0,15,2661.17,2010-01-21 11:51:00,2011-12-09 10:51:00,United Kingdom,5,5,4,554,14,Champions,Active High-Value,0.19838613464790628,Low,307.22,60.94818828652977
15911,623,8,1683.79,2009-12-09 13:26:00,2010-03-26 12:06:00,United Kingdom,1,4,4,144,9,At Risk,Lapsing Mid-Value,,Inactive (>1 yr),,
15912,178,9,1074.7,2009-12-10 12:58:00,2011-06-14 14:29:00,United Kingdom,3,5,3,353,11,Loyal Customers,Lapsing Mid-Value,0.6740290324448827,High,66.155,44.59039064139121
15913,534,1,6.300000000000001,2010-06-23 16:31:00,2010-06-23 16:31:00,United Kingdom,1,1,1,111,3,Hibernating,Dormant,,Inactive (>1 yr),,
15914,378,2,205.99,2010-11-26 16:09:00,2010-11-26 16:10:00,United Kingdom,2,2,1,221,5,Hibernating,Dormant,,Inactive (>1 yr),,
15915,401,1,364.24,2010-11-03 11:13:00,2010-11-03 11:13:00,United Kingdom,2,1,2,212,5,Hibernating,Dormant,,Inactive (>1 yr),,
15916,16,13,3145.2400000000002,2009-12-10 16:21:00,2011-11-23 13:46:00,United Kingdom,5,5,5,555,15,Champions,Active High-Value,0.18576074732047762,Low,317.6025,58.998077750852
15917,247,5,530.17,2009-12-02 14:55:00,2011-04-06 10:40:00,United Kingdom,2,4,2,242,8,At Risk,Lapsing Mid-Value,0.8165337993026134,High,30.775,25.128827673537927
15918,190,3,582.88,2010-03-18 11:40:00,2011-06-02 11:42:00,United Kingdom,2,3,2,232,7,At Risk,Lapsing Mid-Value,0.712885183590066,High,83.5575,59.56690372782695
15919,19,2,525.69,2010-12-06 11:26:00,2011-11-20 11:28:00,United Kingdom,5,2,2,522,9,Potential Loyalists,Recent Developing,0.8456525273674634,High,77.9025,65.87844601324382
15920,154,8,565.19,2009-12-14 13:09:00,2011-07-08 15:25:00,United Kingdom,3,5,2,352,10,Loyal Customers,Lapsing Mid-Value,0.680356953315162,High,40.8875,27.818094928673688
15921,172,4,765.61,2010-03-09 11:03:00,2011-06-20 11:03:00,United Kingdom,3,4,3,343,10,Loyal Customers,Lapsing Mid-Value,0.6956204466728511,High,80.75750000000001,56.17656822218277
15922,373,1,369.5,2010-12-01 13:51:00,2010-12-01 13:51:00,United Kingdom,2,1,2,212,5,Hibernating,Dormant,,Inactive (>1 yr),,
15923,372,1,127.08,2010-12-02 12:16:00,2010-12-02 12:16:00,United Kingdom,2,1,1,211,4,Hibernating,Dormant,,Inactive (>1 yr),,
15924,731,1,102.82,2009-12-08 15:00:00,2009-12-08 15:00:00,United Kingdom,1,1,1,111,3,Hibernating,Dormant,,Inactive (>1 yr),,
15925,194,1,207.15,2011-05-29 15:35:00,2011-05-29 15:35:00,United Kingdom,2,1,1,211,4,Hibernating,Dormant,0.8295618948791028,High,51.7875,42.96093663105154
15926,542,1,134.44,2010-06-15 15:23:00,2010-06-15 15:23:00,United Kingdom,1,1,1,111,3,Hibernating,Dormant,,Inactive (>1 yr),,
15927,647,1,106.54,2010-03-02 13:25:00,2010-03-02 13:25:00,United Kingdom,1,1,1,111,3,Hibernating,Dormant,,Inactive (>1 yr),,
15928,656,1,293.53,2010-02-21 15:16:00,2010-02-21 15:16:00,United Kingdom,1,1,2,112,4,Hibernating,Dormant,,Inactive (>1 yr),,
15929,644,1,594.0,2010-03-05 14:56:00,2010-03-05 14:56:00,United Kingdom,1,1,2,112,4,Hibernating,Dormant,,Inactive (>1 yr),,
15930,67,1,426.63,2011-10-03 14:52:00,2011-10-03 14:52:00,United Kingdom,3,1,2,312,6,About to Sleep,Dormant,0.7186852254711301,High,106.6575,76.65316943568706
15931,428,1,239.9,2010-10-07 16:46:00,2010-10-07 16:46:00,United Kingdom,1,1,1,111,3,Hibernating,Dormant,,Inactive (>1 yr),,
15932,4,8,2495.87,2011-02-23 14:50:00,2011-12-05 17:13:00,United Kingdom,5,5,4,554,14,Champions,Active High-Value,0.19149221424781626,Low,623.9675,119.48491819367429
15933,21,3,1107.46,2011-09-14 12:05:00,2011-11-18 13:14:00,United Kingdom,4,3,3,433,10,Potential Loyalists,Recent Developing,0.42900856811233046,Medium,276.865,118.77745721042038
15934,417,2,2190.66,2010-10-06 12:08:00,2010-10-18 10:13:00,United Kingdom,1,2,4,124,7,Hibernating,Lapsing Mid-Value,,Inactive (>1 yr),,
15935,239,1,108.03999999999999,2011-04-14 13:27:00,2011-04-14 13:27:00,United Kingdom,2,1,1,211,4,Hibernating,Dormant,0.8907135229042887,High,27.009999999999998,24.058172253644837
15936,379,2,282.79,2010-08-29 11:42:00,2010-11-25 16:39:00,United Kingdom,2,2,1,221,5,Hibernating,Dormant,,Inactive (>1 yr),,
15937,64,1,145.35,2011-10-06 15:48:00,2011-10-06 15:48:00,United Kingdom,3,1,1,311,5,About to Sleep,Dormant,0.7660666309965446,High,36.3375,27.836946203836938
15938,112,9,734.81,2010-06-01 09:42:00,2011-08-19 12:56:00,United Kingdom,3,5,3,353,11,Loyal Customers,Lapsing Mid-Value,0.44793607631077037,Medium,101.145,45.306494438452866
15939,89,15,9004.84,2010-11-30 12:07:00,2011-09-11 11:30:00,United Kingdom,3,5,5,355,13,Loyal Customers,Active High-Value,0.2456661469231468,Low,1525.0025,374.6414882231662
15940,311,1,35.8,2011-02-01 16:18:00,2011-02-01 16:18:00,United Kingdom,2,1,1,211,4,Hibernating,Dormant,0.9262013698522477,High,8.95,8.289502260177615
15941,637,1,405.0,2010-03-12 14:45:00,2010-03-12 14:45:00,United Kingdom,1,1,2,112,4,Hibernating,Dormant,,Inactive (>1 yr),,
15942,133,1,337.44,2011-07-29 09:01:00,2011-07-29 09:01:00,United Kingdom,3,1,2,312,6,About to Sleep,Dormant,0.7934222132209657,High,84.36,66.93309790732067
15943,649,2,271.28999999999996,2010-01-31 11:04:00,2010-02-28 12:49:00,United Kingdom,1,2,1,121,4,Hibernating,Dormant,,Inactive (>1 yr),,
15944,276,4,2164.24,2009-12-13 12:57:00,2011-03-08 10:33:00,United Kingdom,2,4,4,244,10,At Risk,Lapsing Mid-Value,0.7656396999805827,High,81.275,62.22736661592186
15945,365,4,646.27,2009-12-01 13:47:00,2010-12-09 13:14:00,United Kingdom,2,4,3,243,9,At Risk,Lapsing Mid-Value,,Inactive (>1 yr),,
15946,502,3,2304.18,2010-03-16 10:49:00,2010-07-25 12:18:00,United Kingdom,1,3,4,134,8,At Risk,Lapsing Mid-Value,,Inactive (>1 yr),,
15947,82,1,1708.24,2011-09-18 10:46:00,2011-09-18 10:46:00,United Kingdom,3,1,4,314,8,About to Sleep,Recent Developing,0.6769112169131911,High,427.06,289.0817042949474
15948,8,3,1509.0900000000001,2010-10-11 12:16:00,2011-12-01 15:32:00,United Kingdom,5,3,4,534,12,Potential Loyalists,Recent Developing,0.6844257747944635,High,238.81,163.44771927866583
15949,16,2,364.72,2011-09-29 17:34:00,2011-11-23 09:09:00,United Kingdom,5,2,2,522,9,Potential Loyalists,Recent Developing,0.5983289253980035,Medium,91.18,54.55563141778997
15950,31,10,7120.91,2010-01-26 11:39:00,2011-11-08 11:09:00,United Kingdom,4,5,5,455,14,Loyal Customers,Active High-Value,0.2667103309863593,Low,436.1775,116.33304539380275
15951,8,3,1013.17,2010-11-23 18:20:00,2011-12-01 08:34:00,United Kingdom,5,3,3,533,11,Potential Loyalists,Recent Developing,0.7243685805974394,High,177.055,128.25307903767964
15952,33,4,781.91,2011-04-28 12:55:00,2011-11-06 11:18:00,United Kingdom,4,4,3,443,11,Loyal Customers,Recent Developing,0.382019967826214,Medium,195.4775,74.67630826074874
15953,15,18,3440.3399999999997,2009-12-03 14:00:00,2011-11-24 15:32:00,United Kingdom,5,5,5,555,15,Champions,Active High-Value,0.14103679862041602,Low,362.385,51.10962026805946
15954,589,1,187.8,2010-04-29 13:35:00,2010-04-29 13:35:00,United Kingdom,1,1,1,111,3,Hibernating,Dormant,,Inactive (>1 yr),,
15955,24,22,8085.9800000000005,2010-02-23 16:36:00,2011-11-15 14:15:00,United Kingdom,4,5,5,455,14,Loyal Customers,Active High-Value,0.08350860030182373,Low,960.97,80.24925963204356
15956,551,2,617.6,2009-12-13 11:16:00,2010-06-06 13:06:00,United Kingdom,1,2,3,123,6,Hibernating,Dormant,,Inactive (>1 yr),,
15957,31,3,921.25,2010-10-15 12:11:00,2011-11-08 12:14:00,United Kingdom,4,3,3,433,10,Potential Loyalists,Recent Developing,0.772974776240906,High,107.2225,82.88028794549055
15958,74,4,462.12,2010-06-07 10:59:00,2011-09-26 13:41:00,United Kingdom,3,4,2,342,9,Loyal Customers,Recent Developing,0.7198462354308377,High,26.0875,18.77898866680198
15959,682,3,542.89,2010-01-26 16:19:00,2010-01-26 16:38:00,United Kingdom,1,3,2,132,6,At Risk,Dormant,,Inactive (>1 yr),,
15960,374,4,410.95,2010-09-30 15:50:00,2010-11-30 15:57:00,United Kingdom,2,4,2,242,8,At Risk,Dormant,,Inactive (>1 yr),,
15961,379,1,451.28999999999996,2010-11-25 15:59:00,2010-11-25 15:59:00,United Kingdom,2,1,2,212,5,Hibernating,Dormant,,Inactive (>1 yr),,
15962,449,1,289.48,2010-09-16 13:48:00,2010-09-16 13:48:00,United Kingdom,1,1,2,112,4,Hibernating,Dormant,,Inactive (>1 yr),,
15963,19,2,470.76,2011-10-25 13:05:00,2011-11-20 11:33:00,United Kingdom,5,2,2,522,9,Potential Loyalists,Recent Developing,0.49725577734637744,Medium,117.69,58.52203243589516
15964,663,1,269.21000000000004,2010-02-14 15:30:00,2010-02-14 15:30:00,United Kingdom,1,1,1,111,3,Hibernating,Dormant,,Inactive (>1 yr),,
15965,17,13,2771.94,2009-12-03 11:45:00,2011-11-22 16:44:00,United Kingdom,5,5,4,554,14,Champions,Active High-Value,0.2953129809077395,Low,163.17000000000002,48.18621909471586
15966,450,1,426.53000000000003,2010-09-15 10:44:00,2010-09-15 10:44:00,United Kingdom,1,1,2,112,4,Hibernating,Dormant,,Inactive (>1 yr),,
15967,23,12,2966.0,2009-12-01 13:29:00,2011-11-16 15:41:00,United Kingdom,4,5,5,455,14,Loyal Customers,Active High-Value,0.40209394978532037,Medium,99.42,39.97618048765655
15968,388,1,401.8,2010-11-16 13:04:00,2010-11-16 13:04:00,United Kingdom,2,1,2,212,5,Hibernating,Dormant,,Inactive (>1 yr),,
15969,2,5,1127.05,2010-07-05 13:10:00,2011-12-07 11:06:00,United Kingdom,5,4,3,543,12,Champions,Recent Developing,0.6115046859963751,High,166.525,101.83081783554637
15970,303,2,1017.32,2010-04-20 11:30:00,2011-02-09 12:08:00,United Kingdom,2,2,3,223,7,Hibernating,Lapsing Mid-Value,0.8236210315986877,High,78.525,64.67484150628695
15971,17,18,5897.88,2009-12-08 09:46:00,2011-11-22 12:50:00,United Kingdom,5,5,5,555,15,Champions,Active High-Value,0.12546291517454322,Low,1048.725,131.57609571642283
15972,456,5,1769.33,2010-04-18 14:06:00,2010-09-09 13:20:00,United Kingdom,1,4,4,144,9,At Risk,Lapsing Mid-Value,,Inactive (>1 yr),,
15973,366,2,665.62,2010-10-07 08:33:00,2010-12-08 11:42:00,United Kingdom,2,2,3,223,7,Hibernating,Dormant,,Inactive (>1 yr),,
15974,39,7,3442.15,2011-02-24 10:10:00,2011-10-31 13:13:00,United Kingdom,4,4,5,445,13,Loyal Customers,Lapsing Mid-Value,0.22687478233842892,Low,860.5375,195.2342580065558
15975,84,1,371.01,2011-09-16 13:33:00,2011-09-16 13:33:00,United Kingdom,3,1,2,312,6,About to Sleep,Dormant,0.7357829467774156,High,92.7525,68.24570777097225
15976,165,6,1680.31,2010-06-06 14:01:00,2011-06-27 13:00:00,United Kingdom,3,4,4,344,11,Loyal Customers,Lapsing Mid-Value,0.5846244403629025,Medium,106.91,62.5021989191979
15977,17,2,1054.73,2011-10-31 16:24:00,2011-11-22 13:29:00,United Kingdom,5,2,3,523,10,Potential Loyalists,Recent Developing,0.4383357815661215,Medium,263.6825,115.58147472280884
15978,77,3,3279.42,2010-03-05 14:39:00,2011-09-23 15:21:00,United Kingdom,3,3,5,335,11,Need Attention,Lapsing Mid-Value,0.6991846082103135,High,274.695,192.06251595233206
15979,602,1,329.22,2010-04-16 11:35:00,2010-04-16 11:35:00,United Kingdom,1,1,2,112,4,Hibernating,Dormant,,Inactive (>1 yr),,
15980,88,7,6543.68,2010-06-01 14:40:00,2011-09-12 09:41:00,United Kingdom,3,4,5,345,12,Loyal Customers,Lapsing Mid-Value,0.4658335567193233,Medium,599.715,279.367371467929
15981,24,21,9362.77,2010-03-29 10:07:00,2011-11-15 08:00:00,United Kingdom,4,5,5,455,14,Loyal Customers,Active High-Value,0.12256379723408589,Low,852.12,104.43906289910927
15982,605,1,324.51,2010-04-13 15:47:00,2010-04-13 15:47:00,United Kingdom,1,1,2,112,4,Hibernating,Dormant,,Inactive (>1 yr),,
15983,22,8,3110.37,2009-12-06 12:52:00,2011-11-17 17:34:00,United Kingdom,4,5,5,455,14,Loyal Customers,Active High-Value,0.6144871256163033,High,162.8675,100.07998193131327
15984,2,30,8393.02,2009-12-01 13:38:00,2011-12-07 12:16:00,United Kingdom,5,5,5,555,15,Champions,Active High-Value,0.09360364217983817,Low,664.4825,62.19798216476431
15985,123,7,2715.28,2010-05-27 15:51:00,2011-08-08 16:31:00,United Kingdom,3,4,4,344,11,Loyal Customers,Lapsing Mid-Value,0.5359550458378437,Medium,285.605,153.07144086651735
15986,30,2,354.42,2010-11-23 10:02:00,2011-11-09 15:17:00,United Kingdom,4,2,2,422,8,Potential Loyalists,Recent Developing,0.8617088683458084,High,42.03,36.217623736574325
15987,12,8,1535.99,2010-11-25 12:56:00,2011-11-27 15:38:00,United Kingdom,5,5,4,554,14,Champions,Active High-Value,0.3088361336969802,Medium,329.8225,101.86110570627226
15988,19,3,736.39,2010-02-21 11:36:00,2011-11-20 13:23:00,United Kingdom,5,3,3,533,11,Potential Loyalists,Recent Developing,0.8310637135203882,High,39.195,32.57354225143162
15989,375,2,368.31,2009-12-02 15:51:00,2010-11-29 12:03:00,United Kingdom,2,2,2,222,6,Hibernating,Dormant,,Inactive (>1 yr),,
15990,44,7,1997.75,2010-02-28 12:30:00,2011-10-26 15:58:00,United Kingdom,4,4,4,444,12,Loyal Customers,Lapsing Mid-Value,0.4723141687268509,Medium,198.0275,93.53119404755647
15991,534,1,150.55,2010-06-23 15:50:00,2010-06-23 15:50:00,United Kingdom,1,1,1,111,3,Hibernating,Dormant,,Inactive (>1 yr),,
15992,3,3,896.6,2010-09-12 11:52:00,2011-12-06 11:00:00,United Kingdom,5,3,3,533,11,Potential Loyalists,Recent Developing,0.91543432334392,High,10.497499999999999,9.6097718093028
15993,8,7,2768.97,2011-10-26 16:21:00,2011-12-01 10:45:00,United Kingdom,5,4,4,544,13,Champions,Active High-Value,0.17349418413626613,Low,692.2425,120.1000477619492
15994,54,3,1175.68,2010-03-14 11:55:00,2011-10-16 12:28:00,United Kingdom,4,3,3,433,10,Potential Loyalists,Recent Developing,0.7458559461429303,High,103.5675,77.24643570215792
15995,414,1,694.54,2010-10-21 13:57:00,2010-10-21 13:57:00,United Kingdom,1,1,3,113,5,Hibernating,Dormant,,Inactive (>1 yr),,
15996,88,7,1386.4,2010-11-07 15:49:00,2011-09-12 15:14:00,United Kingdom,3,4,4,344,11,Loyal Customers,Lapsing Mid-Value,0.3695034173745945,Medium,192.3325,71.0675160221992
15998,36,16,8274.14,2009-12-01 11:45:00,2011-11-03 12:45:00,United Kingdom,4,5,5,455,14,Loyal Customers,Active High-Value,0.14910901391156034,Low,770.055,114.82214170766659
15999,735,1,20.4,2009-12-04 12:31:00,2009-12-04 12:31:00,United Kingdom,1,1,1,111,3,Hibernating,Dormant,,Inactive (>1 yr),,
16000,2,3,12393.7,2011-12-07 12:14:00,2011-12-07 12:17:00,United Kingdom,5,3,5,535,13,Potential Loyalists,Active High-Value,0.2573442816746215,Low,3098.425,797.3619559476891
16001,381,1,583.39,2010-11-23 17:10:00,2010-11-23 17:10:00,United Kingdom,2,1,2,212,5,Hibernating,Dormant,,Inactive (>1 yr),,
16002,625,1,169.21,2010-03-24 13:08:00,2010-03-24 13:08:00,United Kingdom,1,1,1,111,3,Hibernating,Dormant,,Inactive (>1 yr),,
16003,29,10,5613.83,2009-12-03 18:51:00,2011-11-10 09:57:00,United Kingdom,4,5,5,455,14,Loyal Customers,Active High-Value,0.24961750413394532,Low,683.8425,170.69905807071748
16004,474,5,2146.39,2010-01-25 13:56:00,2010-08-22 11:48:00,United Kingdom,1,4,4,144,9,At Risk,Lapsing Mid-Value,,Inactive (>1 yr),,
16005,12,10,2365.07,2010-09-15 13:21:00,2011-11-27 13:47:00,United Kingdom,5,5,4,554,14,Champions,Active High-Value,0.36541204221396206,Medium,144.6775,52.866900737410496
16006,211,2,332.82,2010-11-17 12:03:00,2011-05-12 13:12:00,United Kingdom,2,2,2,222,6,Hibernating,Dormant,0.82131025103633,High,25.35,20.820214863770968
16007,47,7,3053.06,2010-06-14 13:18:00,2011-10-23 11:05:00,United Kingdom,4,4,5,445,13,Loyal Customers,Lapsing Mid-Value,0.3103261608005402,Medium,423.4525,131.40838860639076
16008,23,15,5339.13,2010-03-19 11:07:00,2011-11-16 10:32:00,United Kingdom,4,5,5,455,14,Loyal Customers,Active High-Value,0.35591556483387415,Medium,119.695,42.60131353279056
16009,22,4,972.11,2011-07-03 11:26:00,2011-11-17 16:51:00,United Kingdom,4,4,3,443,11,Loyal Customers,Recent Developing,0.37022762949875493,Medium,243.0275,89.97549522800867
16010,245,11,1694.86,2010-10-24 10:54:00,2011-04-08 10:14:00,United Kingdom,2,5,4,254,11,Can't Lose Them,Lapsing Mid-Value,0.8197174443386208,High,98.1,80.4142812896187
16011,8,29,5599.31,2009-12-01 12:02:00,2011-12-01 16:31:00,United Kingdom,5,5,5,555,15,Champions,Active High-Value,0.05920863750867424,Low,778.7524999999999,46.10887448147383
16012,35,5,2978.59,2010-06-28 11:39:00,2011-11-04 13:25:00,United Kingdom,4,4,5,445,13,Loyal Customers,Lapsing Mid-Value,0.4411160826567028,Medium,353.8225,156.07679515580122
16013,3,84,56078.44,2009-12-08 10:24:00,2011-12-06 10:36:00,United Kingdom,5,5,5,555,15,Champions,Active High-Value,0.016085037052066847,Low,9017.15,145.04119185404457
16014,37,5,1100.28,2010-01-31 12:43:00,2011-11-02 12:04:00,United Kingdom,4,4,3,443,11,Loyal Customers,Recent Developing,0.4911122306306747,Medium,161.7075,79.41653103470983
16015,3,3,704.26,2011-10-21 12:56:00,2011-12-06 10:58:00,United Kingdom,5,3,3,533,11,Potential Loyalists,Recent Developing,0.3490452563768634,Medium,176.065,61.45465306399245
16016,3,11,2083.4,2010-11-02 13:27:00,2011-12-06 14:35:00,United Kingdom,5,5,4,554,14,Champions,Active High-Value,0.2318694825140366,Low,275.6225,63.908446444225056
16017,47,5,1545.58,2010-01-05 12:06:00,2011-10-23 12:56:00,United Kingdom,4,4,4,444,12,Loyal Customers,Lapsing Mid-Value,0.717792965313358,High,52.97,38.02149337264857
16018,39,4,698.13,2009-12-07 13:57:00,2011-10-31 14:13:00,United Kingdom,4,4,3,443,11,Loyal Customers,Recent Developing,0.6510348647621302,High,102.22500000000001,66.55203905030876
16019,46,27,17329.16,2009-12-14 14:12:00,2011-10-24 11:51:00,United Kingdom,4,5,5,455,14,Loyal Customers,Active High-Value,0.1667983943615686,Low,946.5600000000001,157.88468816688638
16020,16,3,851.01,2011-10-05 13:54:00,2011-11-23 11:18:00,United Kingdom,5,3,3,533,11,Potential Loyalists,Recent Developing,0.4233793767931023,Medium,212.7525,90.0750208611745
16021,395,2,487.03,2010-06-13 11:05:00,2010-11-09 14:48:00,United Kingdom,2,2,2,222,6,Hibernating,Dormant,,Inactive (>1 yr),,
16022,260,1,602.63,2011-03-24 13:16:00,2011-03-24 13:16:00,United Kingdom,2,1,2,212,5,Hibernating,Dormant,0.7889593718729967,High,150.6575,118.862646567956
16023,46,3,719.81,2011-03-18 13:32:00,2011-10-24 16:34:00,United Kingdom,4,3,3,433,10,Potential Loyalists,Recent Developing,0.5341604283948772,Medium,179.9525,96.12350449072913
16024,12,3,478.71,2010-10-24 11:40:00,2011-11-27 13:26:00,United Kingdom,5,3,2,532,10,Potential Loyalists,Recent Developing,0.8270142864844466,High,61.4375,50.80969022588819
16025,29,1,439.65999999999997,2011-11-10 11:45:00,2011-11-10 11:45:00,United Kingdom,4,1,2,412,7,Promising,Recent Developing,0.6563728392540298,High,109.91499999999999,72.14522062660667
16026,43,1,236.09,2011-10-27 13:53:00,2011-10-27 13:53:00,United Kingdom,4,1,1,411,6,Promising,Recent Developing,0.7052733493480332,High,59.0225,41.62699626189429
16027,91,15,2048.36,2010-01-08 13:21:00,2011-09-09 10:47:00,United Kingdom,3,5,4,354,12,Loyal Customers,Lapsing Mid-Value,0.3905500162750163,Medium,233.655,91.25396405273894
16028,595,1,82.2,2010-04-23 11:45:00,2010-04-23 11:45:00,United Kingdom,1,1,1,111,3,Hibernating,Dormant,,Inactive (>1 yr),,
16029,38,106,105499.59,2009-12-08 11:23:00,2011-11-01 10:27:00,United Kingdom,4,5,5,455,14,Loyal Customers,Active High-Value,0.04173596050567012,Low,16078.8225,671.0651008376801
16030,309,1,331.24,2011-02-03 11:28:00,2011-02-03 11:28:00,United Kingdom,2,1,2,212,5,Hibernating,Dormant,0.827735673013621,High,82.81,68.54479108225796
16031,92,2,547.9,2011-04-06 14:23:00,2011-09-08 13:07:00,United Kingdom,3,2,2,322,7,About to Sleep,Recent Developing,0.6833878837705991,High,136.975,93.60705537947781
16032,456,6,1965.72,2010-07-04 13:31:00,2010-09-09 18:00:00,United Kingdom,1,4,4,144,9,At Risk,Lapsing Mid-Value,,Inactive (>1 yr),,
16033,5,27,10608.81,2010-08-11 16:44:00,2011-12-04 12:44:00,United Kingdom,5,5,5,555,15,Champions,Active High-Value,0.04499571256178596,Low,2155.795,97.00153216213536
16034,196,6,911.3199999999999,2010-10-26 13:00:00,2011-05-27 16:17:00,United Kingdom,2,4,3,243,9,At Risk,Lapsing Mid-Value,0.690974477937908,High,109.425,75.60988224835558
16035,560,1,217.73,2010-05-28 15:09:00,2010-05-28 15:09:00,United Kingdom,1,1,1,111,3,Hibernating,Dormant,,Inactive (>1 yr),,
16036,87,4,2556.84,2010-03-29 14:47:00,2011-09-13 14:53:00,United Kingdom,3,4,4,344,11,Loyal Customers,Lapsing Mid-Value,0.5971631718566156,Medium,189.73,113.29976859635568
16037,269,5,1509.34,2010-03-01 12:31:00,2011-03-15 09:13:00,United Kingdom,2,4,4,244,10,At Risk,Lapsing Mid-Value,0.58987456335403,Medium,213.755,126.08863728974067
16038,7,3,471.78000000000003,2011-05-22 11:29:00,2011-12-02 12:40:00,United Kingdom,5,3,2,532,10,Potential Loyalists,Recent Developing,0.6297877281698984,High,117.94500000000001,74.28031359899867
16039,423,2,456.4,2010-03-21 15:17:00,2010-10-12 10:44:00,United Kingdom,1,2,2,122,5,Hibernating,Dormant,,Inactive (>1 yr),,
16040,65,7,2416.9,2010-04-09 10:12:00,2011-10-05 13:47:00,United Kingdom,3,4,4,344,11,Loyal Customers,Lapsing Mid-Value,0.38222647259145226,Medium,328.3875,125.51839576812553
16041,30,3,3166.4,2011-07-21 16:27:00,2011-11-09 12:25:00,United Kingdom,4,3,5,435,12,Potential Loyalists,Recent Developing,0.5357976462846523,Medium,791.6,424.1374167989308
16042,22,8,2245.32,2010-09-12 12:00:00,2011-11-17 17:50:00,United Kingdom,4,5,4,454,13,Loyal Customers,Active High-Value,0.2902997086238161,Low,294.3675,85.45479947832119
16043,37,8,1856.5900000000001,2010-08-15 11:26:00,2011-11-02 12:50:00,United Kingdom,4,5,4,454,13,Loyal Customers,Lapsing Mid-Value,0.3714259988793873,Medium,193.4975,71.87000221816425
16044,435,1,340.84000000000003,2010-09-30 18:12:00,2010-09-30 18:12:00,United Kingdom,1,1,2,112,4,Hibernating,Dormant,,Inactive (>1 yr),,
16045,119,8,3434.9300000000003,2010-07-29 12:50:00,2011-08-12 12:41:00,United Kingdom,3,5,5,355,13,Loyal Customers,Lapsing Mid-Value,0.4919472209993249,Medium,335.175,164.88840979844875
16046,562,1,235.78,2010-05-26 13:18:00,2010-05-26 13:18:00,United Kingdom,1,1,1,111,3,Hibernating,Dormant,,Inactive (>1 yr),,
16048,373,4,818.7900000000001,2010-06-08 12:36:00,2010-12-01 15:28:00,United Kingdom,2,4,3,243,9,At Risk,Lapsing Mid-Value,,Inactive (>1 yr),,
16049,40,6,1852.15,2010-07-11 13:53:00,2011-10-30 13:19:00,United Kingdom,4,4,4,444,12,Loyal Customers,Lapsing Mid-Value,0.39574275642189677,Medium,268.7025,106.33706800745472
16050,173,3,300.7,2010-11-03 15:55:00,2011-06-19 11:44:00,United Kingdom,3,3,2,332,8,Need Attention,Dormant,0.8226294582430438,High,34.475,28.360150572928937
16051,681,1,188.44,2010-01-27 09:38:00,2010-01-27 09:38:00,United Kingdom,1,1,1,111,3,Hibernating,Dormant,,Inactive (>1 yr),,
16052,54,1,362.06,2011-10-16 15:13:00,2011-10-16 15:13:00,United Kingdom,4,1,2,412,7,Promising,Recent Developing,0.7030370086057257,High,90.515,63.63539483394727
16053,32,6,3634.84,2010-04-08 11:11:00,2011-11-07 11:21:00,United Kingdom,4,4,5,445,13,Loyal Customers,Lapsing Mid-Value,0.47860579428621,Medium,377.9875,180.9070076677588
16054,145,4,2111.88,2010-04-01 18:37:00,2011-07-17 13:08:00,United Kingdom,3,4,4,344,11,Loyal Customers,Lapsing Mid-Value,0.6452341044230203,High,195.975,126.4497536143014
16055,220,1,134.8,2011-05-03 09:26:00,2011-05-03 09:26:00,United Kingdom,2,1,1,211,4,Hibernating,Dormant,0.8511011561782085,High,33.7,28.68210896320563
16056,45,1,650.75,2011-10-25 15:19:00,2011-10-25 15:19:00,United Kingdom,4,1,3,413,8,Promising,Recent Developing,0.6577192554453987,High,162.6875,107.0027013702733
16057,16,10,3854.85,2010-01-07 17:11:00,2011-11-23 15:23:00,United Kingdom,5,5,5,555,15,Champions,Active High-Value,0.31714409590325626,Medium,565.78,179.43378658014433
16058,406,1,62.7,2010-10-29 16:48:00,2010-10-29 16:48:00,United Kingdom,2,1,1,211,4,Hibernating,Dormant,,Inactive (>1 yr),,
16059,65,12,3053.57,2010-05-19 13:04:00,2011-10-05 09:56:00,United Kingdom,3,5,5,355,13,Loyal Customers,Active High-Value,0.22967610385185613,Low,333.7275,76.64923194822032
16060,400,3,541.95,2010-08-02 15:26:00,2010-11-04 12:10:00,United Kingdom,2,3,2,232,7,At Risk,Dormant,,Inactive (>1 yr),,
16061,431,1,89.65,2010-10-04 15:29:00,2010-10-04 15:29:00,United Kingdom,1,1,1,111,3,Hibernating,Dormant,,Inactive (>1 yr),,
16062,9,8,2863.45,2010-06-21 13:32:00,2011-11-30 12:15:00,United Kingdom,5,5,4,554,14,Champions,Active High-Value,0.38603722749688074,Medium,288.405,111.33506659623788
16063,260,1,335.32,2011-03-24 14:55:00,2011-03-24 14:56:00,United Kingdom,2,1,2,212,5,Hibernating,Dormant,0.8214311637357488,High,83.83,68.86057445596782
16064,725,1,109.31,2009-12-14 16:11:00,2009-12-14 16:11:00,United Kingdom,1,1,1,111,3,Hibernating,Dormant,,Inactive (>1 yr),,
16065,365,8,1992.13,2010-09-02 13:27:00,2010-12-09 13:03:00,United Kingdom,2,5,4,254,11,Can't Lose Them,Lapsing Mid-Value,,Inactive (>1 yr),,
16066,16,5,1521.04,2011-08-07 14:33:00,2011-11-23 11:54:00,United Kingdom,5,4,4,544,13,Champions,Recent Developing,0.2926534208806272,Low,380.26,111.28438982406729
16067,562,3,3269.11,2010-02-02 18:01:00,2010-05-26 12:33:00,United Kingdom,1,3,5,135,9,At Risk,Lapsing Mid-Value,,Inactive (>1 yr),,
16068,593,1,115.73,2010-04-25 11:52:00,2010-04-25 11:52:00,United Kingdom,1,1,1,111,3,Hibernating,Dormant,,Inactive (>1 yr),,
16069,417,1,457.7,2010-10-18 10:32:00,2010-10-18 10:32:00,United Kingdom,1,1,2,112,4,Hibernating,Dormant,,Inactive (>1 yr),,
16070,22,2,852.15,2011-11-07 16:36:00,2011-11-17 15:50:00,United Kingdom,4,2,3,423,9,Potential Loyalists,Recent Developing,0.5481648116929814,Medium,213.0375,116.77966107104352
16071,44,4,1076.8,2010-02-22 14:48:00,2011-10-26 11:14:00,United Kingdom,4,4,3,443,11,Loyal Customers,Recent Developing,0.6944948257680795,High,81.56,56.64299798964457
16072,288,4,4180.09,2010-06-08 16:47:00,2011-02-24 14:32:00,United Kingdom,2,4,5,245,11,At Risk,Lapsing Mid-Value,0.7567119119440622,High,146.07999999999998,110.5404760967886
16073,297,1,122.39999999999999,2011-02-15 15:41:00,2011-02-15 15:41:00,United Kingdom,2,1,1,211,4,Hibernating,Dormant,0.8876265532178311,High,30.599999999999998,27.16137252846563
16074,390,1,252.5,2010-11-14 13:19:00,2010-11-14 13:19:00,United Kingdom,2,1,1,211,4,Hibernating,Dormant,,Inactive (>1 yr),,
16075,502,2,736.9300000000001,2010-05-24 15:57:00,2010-07-25 11:31:00,United Kingdom,1,2,3,123,6,Hibernating,Dormant,,Inactive (>1 yr),,
16076,3,10,2234.73,2011-05-15 12:31:00,2011-12-06 14:59:00,United Kingdom,5,5,4,554,14,Champions,Active High-Value,0.13326278657947535,Low,558.6825,74.45158676318773
16077,625,1,2300.4,2010-03-24 10:42:00,2010-03-24 10:42:00,United Kingdom,1,1,4,114,6,Hibernating,Lapsing Mid-Value,,Inactive (>1 yr),,
16078,283,2,362.99,2010-02-08 13:29:00,2011-03-01 09:47:00,United Kingdom,2,2,2,222,6,Hibernating,Dormant,0.8714053547003027,High,19.8,17.253826023065994
16079,16,3,1352.0,2011-10-30 13:06:00,2011-11-23 12:48:00,United Kingdom,5,3,4,534,12,Potential Loyalists,Recent Developing,0.39306452556893773,Medium,338.0,132.85580964230095
16080,81,4,602.5600000000001,2010-09-15 14:19:00,2011-09-19 10:42:00,United Kingdom,3,4,2,342,9,Loyal Customers,Lapsing Mid-Value,0.6533344869961194,High,54.29,35.46952929901932
16081,56,8,4278.96,2010-02-03 12:46:00,2011-10-14 13:06:00,United Kingdom,4,5,5,455,14,Loyal Customers,Lapsing Mid-Value,0.25481936251819465,Low,660.455,168.29672207195426
16082,670,1,106.75,2010-02-07 15:16:00,2010-02-07 15:16:00,United Kingdom,1,1,1,111,3,Hibernating,Dormant,,Inactive (>1 yr),,
16083,100,4,2351.42,2010-11-16 11:53:00,2011-08-31 10:47:00,United Kingdom,3,4,4,344,11,Loyal Customers,Lapsing Mid-Value,0.6098830365928397,High,329.405,200.89852166886436
16084,299,1,436.18,2011-02-13 16:05:00,2011-02-13 16:05:00,United Kingdom,2,1,2,212,5,Hibernating,Dormant,0.8141373624620591,High,109.045,88.77760868967525
16085,23,12,2324.71,2010-01-20 14:03:00,2011-11-16 13:24:00,United Kingdom,4,5,4,454,13,Loyal Customers,Active High-Value,0.19269364622981683,Low,245.3775,47.282685177756875
16086,59,10,2687.73,2009-12-02 13:20:00,2011-10-11 13:09:00,United Kingdom,3,5,4,354,12,Loyal Customers,Lapsing Mid-Value,0.3266832897985975,Medium,236.0325,77.10787359938746
16087,389,5,1739.92,2010-01-19 12:30:00,2010-11-15 16:44:00,United Kingdom,2,4,4,244,10,At Risk,Lapsing Mid-Value,,Inactive (>1 yr),,
16088,575,2,1437.43,2010-04-27 10:56:00,2010-05-13 10:16:00,United Kingdom,1,2,4,124,7,Hibernating,Lapsing Mid-Value,,Inactive (>1 yr),,
16089,386,2,263.49,2010-07-18 15:51:00,2010-11-18 13:51:00,United Kingdom,2,2,1,221,5,Hibernating,Dormant,,Inactive (>1 yr),,
16090,624,1,180.56,2010-03-25 13:05:00,2010-03-25 13:05:00,United Kingdom,1,1,1,111,3,Hibernating,Dormant,,Inactive (>1 yr),,
16091,154,2,315.06,2011-05-25 09:18:00,2011-07-08 08:45:00,United Kingdom,3,2,2,322,7,About to Sleep,Dormant,0.6968398048600342,High,78.765,54.88658722980059
16092,114,6,1587.94,2010-05-09 16:10:00,2011-08-17 10:46:00,United Kingdom,3,4,4,344,11,Loyal Customers,Lapsing Mid-Value,0.5457202463244489,Medium,204.465,111.58069016472845
16093,106,1,17.0,2011-08-25 11:09:00,2011-08-25 11:09:00,United Kingdom,3,1,1,311,5,About to Sleep,Dormant,0.8869642562488932,High,4.25,3.769598089057796
16094,11,11,3695.56,2010-04-16 14:00:00,2011-11-28 12:45:00,United Kingdom,5,5,5,555,15,Champions,Active High-Value,0.2885276334701315,Low,269.5575,77.77478755912497
16095,456,1,447.05,2010-09-09 16:54:00,2010-09-09 16:54:00,United Kingdom,1,1,2,112,4,Hibernating,Dormant,,Inactive (>1 yr),,
16096,264,4,1584.97,2010-03-04 15:44:00,2011-03-20 13:38:00,United Kingdom,2,4,4,244,10,At Risk,Lapsing Mid-Value,0.742402250390105,High,80.155,59.50725238001887
16097,240,1,185.04999999999998,2011-04-13 13:47:00,2011-04-13 13:47:00,United Kingdom,2,1,1,211,4,Hibernating,Dormant,0.8439587665707762,High,46.262499999999996,39.04364243848053
16098,87,14,4010.7,2009-12-15 09:40:00,2011-09-13 09:59:00,United Kingdom,3,5,5,355,13,Loyal Customers,Active High-Value,0.2638878165104019,Low,393.7575,103.90780690959457
16099,50,7,1573.2,2010-03-03 11:13:00,2011-10-20 13:13:00,United Kingdom,4,4,4,444,12,Loyal Customers,Lapsing Mid-Value,0.4181940841575556,Medium,182.975,76.51906254872874
16100,462,1,582.64,2010-09-03 11:39:00,2010-09-03 11:39:00,United Kingdom,1,1,2,112,4,Hibernating,Dormant,,Inactive (>1 yr),,
16101,70,4,3229.16,2010-05-27 12:50:00,2011-09-30 10:18:00,United Kingdom,3,4,5,345,12,Loyal Customers,Lapsing Mid-Value,0.5879865403678805,Medium,322.675,189.72855691320584
16102,42,3,1842.14,2011-08-03 12:50:00,2011-10-28 13:19:00,United Kingdom,4,3,4,434,11,Potential Loyalists,Recent Developing,0.4421638287101381,Medium,460.535,203.63191885502346
16103,7,22,6191.71,2010-01-08 12:08:00,2011-12-02 14:16:00,United Kingdom,5,5,5,555,15,Champions,Active High-Value,0.16698108637946357,Low,357.41,59.68071008288408
16104,61,9,2774.46,2009-12-06 10:41:00,2011-10-09 10:23:00,United Kingdom,3,5,4,354,12,Loyal Customers,Lapsing Mid-Value,0.5824234752828469,Medium,74.5525,43.42112614102444
16105,248,5,2386.19,2010-04-14 13:27:00,2011-04-05 10:13:00,United Kingdom,2,4,4,244,10,At Risk,Lapsing Mid-Value,0.720665194906237,High,84.24,60.7088360189014
16106,65,1,108.38,2011-10-05 10:37:00,2011-10-05 10:37:00,United Kingdom,3,1,1,311,5,About to Sleep,Dormant,0.7775850127309563,High,27.095,21.06866591994526
16107,17,7,3204.1600000000003,2011-06-09 18:42:00,2011-11-22 09:40:00,United Kingdom,5,4,5,545,14,Champions,Active High-Value,0.1775164351468133,Low,801.0400000000001,142.19776521000335
16108,84,4,2235.92,2010-03-18 14:14:00,2011-09-16 11:48:00,United Kingdom,3,4,4,344,11,Loyal Customers,Lapsing Mid-Value,0.6207931541039754,High,210.625,130.75455808314982
16109,218,3,939.48,2010-01-10 10:37:00,2011-05-05 09:17:00,United Kingdom,2,3,3,233,8,At Risk,Lapsing Mid-Value,0.6975522543692684,High,152.97,106.70456835086698
16110,45,4,1781.59,2010-07-05 13:04:00,2011-10-25 14:35:00,United Kingdom,4,4,4,444,12,Loyal Customers,Lapsing Mid-Value,0.4861828751248445,Medium,330.2375,160.55581722404082
16111,428,1,549.33,2010-10-07 19:51:00,2010-10-07 19:51:00,United Kingdom,1,1,2,112,4,Hibernating,Dormant,,Inactive (>1 yr),,
16112,143,4,195.73999999999998,2011-01-05 11:47:00,2011-07-19 14:28:00,United Kingdom,3,4,1,341,8,Loyal Customers,Dormant,0.7484814843975084,High,48.934999999999995,36.62694143899207
16113,183,1,161.38,2011-06-09 16:16:00,2011-06-09 16:16:00,United Kingdom,3,1,1,311,5,About to Sleep,Dormant,0.8249371878880842,High,40.345,33.282090845344754
16114,170,1,135.75000000000003,2011-06-22 10:13:00,2011-06-22 10:13:00,United Kingdom,3,1,1,311,5,About to Sleep,Dormant,0.8400933630046797,High,33.93750000000001,28.510668506971324
16115,9,12,2553.8,2010-05-14 11:59:00,2011-11-30 11:32:00,United Kingdom,5,5,4,554,14,Champions,Active High-Value,0.13861483067938205,Low,415.21999999999997,57.555649994693006
16116,211,1,612.78,2011-05-12 12:01:00,2011-05-12 12:01:00,United Kingdom,2,1,3,213,6,Hibernating,Dormant,0.788227834849019,High,153.195,120.75256315969547
16117,189,3,654.4,2010-04-27 11:50:00,2011-06-03 11:42:00,United Kingdom,2,3,3,233,8,At Risk,Lapsing Mid-Value,0.7605041590556245,High,58.0525,44.14916769357664
16118,652,1,4376.25,2010-02-25 09:40:00,2010-02-25 09:40:00,United Kingdom,1,1,5,115,7,Hibernating,Lapsing Mid-Value,,Inactive (>1 yr),,
16119,8,8,1720.81,2009-12-16 11:56:00,2011-12-01 15:11:00,United Kingdom,5,5,4,554,14,Champions,Active High-Value,0.4837546058719613,Medium,105.84,51.200587485488384
16120,59,6,2967.51,2010-10-13 15:07:00,2011-10-11 14:22:00,United Kingdom,3,4,5,345,12,Loyal Customers,Lapsing Mid-Value,0.5163961740914919,Medium,327.285,169.00872183753393
16121,57,5,1450.04,2010-05-23 10:52:00,2011-10-13 12:59:00,United Kingdom,4,4,4,444,12,Loyal Customers,Lapsing Mid-Value,0.5359716029878949,Medium,213.665,114.51837255240856
16122,73,6,895.62,2010-10-10 15:26:00,2011-09-27 15:34:00,United Kingdom,3,4,3,343,10,Loyal Customers,Lapsing Mid-Value,0.4493931381942107,Medium,144.675,65.01595226824743
16123,51,1,307.78,2011-10-19 09:18:00,2011-10-19 09:18:00,United Kingdom,4,1,2,412,7,Promising,Recent Developing,0.7165321094350752,High,76.945,55.133563160481856
16124,317,4,1772.49,2009-12-07 10:33:00,2011-01-26 14:45:00,United Kingdom,2,4,4,244,10,At Risk,Lapsing Mid-Value,0.775651331826858,High,62.25,48.28429540622191
16125,367,14,4292.35,2009-12-14 15:38:00,2010-12-07 15:48:00,United Kingdom,2,5,5,255,12,Can't Lose Them,Lapsing Mid-Value,,Inactive (>1 yr),,
16126,29,15,14644.6,2009-12-02 13:34:00,2011-11-10 16:03:00,United Kingdom,4,5,5,455,14,Loyal Customers,Active High-Value,0.17847157696009067,Low,1571.9425,280.54705686558736
16127,39,2,801.31,2009-12-13 12:19:00,2011-10-31 13:58:00,United Kingdom,4,2,3,423,9,Potential Loyalists,Recent Developing,0.8530706295225754,High,164.0625,139.95690015604754
16128,17,11,3801.05,2010-07-16 16:30:00,2011-11-22 11:14:00,United Kingdom,5,5,5,555,15,Champions,Active High-Value,0.23943539840711844,Low,470.055,112.54780619825806
16129,407,3,1396.05,2010-07-20 12:32:00,2010-10-28 14:29:00,United Kingdom,2,3,4,234,9,At Risk,Lapsing Mid-Value,,Inactive (>1 yr),,
16130,422,4,987.48,2010-04-01 13:58:00,2010-10-13 15:14:00,United Kingdom,1,4,3,143,8,At Risk,Lapsing Mid-Value,,Inactive (>1 yr),,
16131,51,12,9957.42,2009-12-02 10:09:00,2011-10-19 11:53:00,United Kingdom,4,5,5,455,14,Loyal Customers,Active High-Value,0.25475910434486665,Low,876.635,223.33074743736216
16132,544,2,664.1999999999999,2010-03-22 10:25:00,2010-06-13 13:49:00,United Kingdom,1,2,3,123,6,Hibernating,Dormant,,Inactive (>1 yr),,
16133,3,56,22992.260000000002,2010-03-31 12:21:00,2011-12-06 11:24:00,United Kingdom,5,5,5,555,15,Champions,Active High-Value,0.021108351338359373,Low,3647.26,76.9876455023446
16134,21,5,2145.34,2010-06-17 09:48:00,2011-11-18 10:05:00,United Kingdom,4,4,4,444,12,Loyal Customers,Recent Developing,0.5694796466345587,Medium,154.5225,87.9974186970886
16135,262,2,819.45,2010-05-05 09:35:00,2011-03-22 12:30:00,United Kingdom,2,2,3,223,7,Hibernating,Dormant,0.7842403584460731,High,129.3875,101.47089937844127
16136,59,4,946.8,2010-02-14 12:49:00,2011-10-11 09:10:00,United Kingdom,3,4,3,343,10,Loyal Customers,Lapsing Mid-Value,0.5233853432589473,Medium,177.345,92.819773700258
16137,680,1,422.7,2010-01-28 15:04:00,2010-01-28 15:04:00,United Kingdom,1,1,2,112,4,Hibernating,Dormant,,Inactive (>1 yr),,
16138,378,3,910.35,2010-04-28 09:51:00,2010-11-26 12:13:00,United Kingdom,2,3,3,233,8,At Risk,Lapsing Mid-Value,,Inactive (>1 yr),,
16139,18,5,1111.15,2009-12-03 13:51:00,2011-11-21 08:37:00,United Kingdom,5,4,3,543,12,Champions,Recent Developing,0.625251729346281,High,158.8525,99.3228003359801
16140,65,3,1433.46,2010-09-24 12:03:00,2011-10-05 12:15:00,United Kingdom,3,3,4,334,10,Need Attention,Lapsing Mid-Value,0.6931742913039648,High,150.26,104.15636901133374
16141,88,2,955.94,2010-10-18 14:12:00,2011-09-12 13:11:00,United Kingdom,3,2,3,323,8,About to Sleep,Recent Developing,0.774063824609719,High,155.1,120.05729919696742
16142,249,1,535.34,2011-04-04 10:16:00,2011-04-04 10:16:00,United Kingdom,2,1,2,212,5,Hibernating,Dormant,0.7983858333606265,High,133.835,106.85196800781945
16143,3,12,4555.08,2009-12-10 09:44:00,2011-12-06 14:13:00,United Kingdom,5,5,5,555,15,Champions,Active High-Value,0.2980273235018768,Low,517.2975,154.16878937921211
16144,246,1,175.2,2011-04-07 10:09:00,2011-04-07 10:09:00,United Kingdom,2,1,1,211,4,Hibernating,Dormant,0.8628535771225081,High,43.8,37.79298667796585
16145,8,19,6805.4400000000005,2010-05-04 13:31:00,2011-12-01 10:33:00,United Kingdom,5,5,5,555,15,Champions,Active High-Value,0.08250262445998767,Low,949.8725000000001,78.36697415236964
16146,157,4,946.38,2010-09-17 10:46:00,2011-07-05 14:20:00,United Kingdom,3,4,3,343,10,Loyal Customers,Lapsing Mid-Value,0.5802629377410217,Medium,183.5325,106.49710762095405
16147,133,5,2398.91,2010-02-05 12:26:00,2011-07-29 09:57:00,United Kingdom,3,4,4,344,11,Loyal Customers,Lapsing Mid-Value,0.6720281997028622,High,93.75,63.00264372214333
16148,296,2,386.62,2010-09-29 10:12:00,2011-02-16 14:01:00,United Kingdom,2,2,2,222,6,Hibernating,Dormant,0.8624963867778612,High,19.080000000000002,16.456431059721595
16149,4,3,422.22,2010-10-06 15:54:00,2011-12-05 11:29:00,United Kingdom,5,3,2,532,10,Potential Loyalists,Recent Developing,0.8015243779609901,High,70.13,56.21090462640423
16150,42,10,4002.17,2009-12-17 15:33:00,2011-10-28 12:39:00,United Kingdom,4,5,5,455,14,Loyal Customers,Active High-Value,0.24587417341535905,Low,414.9,102.01319455003247
16152,268,1,1829.04,2011-03-16 09:47:00,2011-03-16 09:47:00,United Kingdom,2,1,4,214,7,Hibernating,Lapsing Mid-Value,0.760228057880918,High,457.26,347.62188174662856
16153,49,11,5133.49,2010-05-26 12:41:00,2011-10-21 10:50:00,United Kingdom,4,5,5,455,14,Loyal Customers,Active High-Value,0.29471697168653044,Low,456.0575,134.40788531492984
16155,381,5,796.9,2010-06-18 11:23:00,2010-11-23 12:03:00,United Kingdom,2,4,3,243,9,At Risk,Lapsing Mid-Value,,Inactive (>1 yr),,
16156,8,20,6188.18,2009-12-02 17:06:00,2011-12-01 12:42:00,United Kingdom,5,5,5,555,15,Champions,Active High-Value,0.0919597471047319,Low,773.01,71.0858041094288
16157,15,3,656.69,2011-09-28 11:48:00,2011-11-24 11:41:00,United Kingdom,5,3,3,533,11,Potential Loyalists,Recent Developing,0.4685846912540537,Medium,164.1725,76.92872022490614
16158,522,9,628.32,2009-12-05 15:00:00,2010-07-05 13:55:00,United Kingdom,1,5,3,153,9,Can't Lose Them,Lapsing Mid-Value,,Inactive (>1 yr),,
16159,281,4,1232.79,2009-12-03 11:51:00,2011-03-03 12:27:00,United Kingdom,2,4,4,244,10,At Risk,Lapsing Mid-Value,0.7418995584953303,High,87.05,64.5823565670185
16160,65,2,1025.44,2011-09-15 10:53:00,2011-10-05 14:19:00,United Kingdom,3,2,3,323,8,About to Sleep,Recent Developing,0.5093949618694567,Medium,256.36,130.5884924248539
16161,1,43,12580.06,2010-02-08 11:06:00,2011-12-08 12:10:00,United Kingdom,5,5,5,555,15,Champions,Active High-Value,0.04035005035559594,Low,1342.3675,54.16459622071544
16162,252,1,37.4,2011-04-01 15:03:00,2011-04-01 15:03:00,United Kingdom,2,1,1,211,4,Hibernating,Dormant,0.8950723553278862,High,9.35,8.368926522315736
16163,232,6,2407.98,2009-12-02 10:00:00,2011-04-21 15:15:00,United Kingdom,2,4,4,244,10,At Risk,Lapsing Mid-Value,0.7382839000496113,High,103.75000000000001,76.59695463014718
16164,17,3,822.48,2011-10-28 09:12:00,2011-11-22 15:04:00,United Kingdom,5,3,3,533,11,Potential Loyalists,Recent Developing,0.4158348871855351,Medium,205.62,85.50396950308972
16165,505,1,79.9,2010-07-22 14:17:00,2010-07-22 14:17:00,United Kingdom,1,1,1,111,3,Hibernating,Dormant,,Inactive (>1 yr),,
16166,428,2,435.83,2010-01-17 14:16:00,2010-10-07 15:44:00,United Kingdom,1,2,2,122,5,Hibernating,Dormant,,Inactive (>1 yr),,
16167,414,5,1386.1200000000001,2009-12-01 10:46:00,2010-10-21 15:33:00,United Kingdom,1,4,4,144,9,At Risk,Lapsing Mid-Value,,Inactive (>1 yr),,
16168,10,66,10360.67,2009-12-03 12:38:00,2011-11-29 12:45:00,United Kingdom,5,5,5,555,15,Champions,Active High-Value,0.039025475667259966,Low,877.95,34.26241636207089
16169,8,4,1822.97,2011-09-25 11:33:00,2011-12-01 15:28:00,United Kingdom,5,4,4,544,13,Champions,Recent Developing,0.22918188183155316,Low,455.7425,104.44792378061662
16170,50,20,6869.0,2010-02-18 13:50:00,2011-10-20 08:21:00,United Kingdom,4,5,5,455,14,Loyal Customers,Active High-Value,0.22567438068776013,Low,471.2625,106.35187282886555
16171,59,1,73.2,2011-10-11 14:51:00,2011-10-11 14:51:00,United Kingdom,3,1,1,311,5,About to Sleep,Dormant,0.7909945057775609,High,18.3,14.475199455729365
16172,95,8,1884.55,2010-07-14 15:34:00,2011-09-05 13:22:00,United Kingdom,3,5,4,354,12,Loyal Customers,Lapsing Mid-Value,0.44340817115060066,Medium,285.0525,126.3946077069066
16173,15,6,1418.32,2011-09-02 15:23:00,2011-11-24 10:53:00,United Kingdom,5,4,4,544,13,Champions,Recent Developing,0.2775002893354445,Low,354.58,98.39605259256192
16174,126,7,2246.75,2010-04-15 15:12:00,2011-08-05 13:26:00,United Kingdom,3,4,4,344,11,Loyal Customers,Lapsing Mid-Value,0.5251828773261719,Medium,252.38750000000002,132.5495934511592
16175,94,7,1836.44,2010-05-25 12:01:00,2011-09-06 14:32:00,United Kingdom,3,4,4,344,11,Loyal Customers,Lapsing Mid-Value,0.423440377857349,Medium,259.3975,109.83937541525168
16176,421,4,2052.69,2010-03-29 14:52:00,2010-10-14 13:54:00,United Kingdom,1,4,4,144,9,At Risk,Lapsing Mid-Value,,Inactive (>1 yr),,
16177,50,8,2247.31,2010-03-02 14:03:00,2011-10-20 12:57:00,United Kingdom,4,5,4,454,13,Loyal Customers,Lapsing Mid-Value,0.6410331127771478,High,82.9875,53.197735446593555
16178,138,2,612.6,2010-11-03 14:46:00,2011-07-24 16:05:00,United Kingdom,3,2,3,323,8,About to Sleep,Dormant,0.8295734570210145,High,49.475,41.04314678611469
16179,60,1,215.83,2011-10-10 09:41:00,2011-10-10 09:41:00,United Kingdom,3,1,1,311,5,About to Sleep,Dormant,0.7439654388055035,High,53.9575,40.142515164347955
16180,100,13,16249.87,2010-06-23 13:19:00,2011-08-31 16:28:00,United Kingdom,3,5,5,355,13,Loyal Customers,Active High-Value,0.2836615653690231,Low,2563.545,727.1791875939323
16181,73,1,305.54,2011-09-27 13:38:00,2011-09-27 13:38:00,United Kingdom,3,1,2,312,6,About to Sleep,Dormant,0.7444842677211776,High,76.385,56.86743078988216
16182,72,9,9971.65,2010-03-09 09:34:00,2011-09-28 13:23:00,United Kingdom,3,5,5,355,13,Loyal Customers,Active High-Value,0.278764834953541,Low,1654.4125,461.1920275075751
16183,67,4,1077.81,2010-10-28 14:43:00,2011-10-03 14:59:00,United Kingdom,3,4,3,343,10,Loyal Customers,Lapsing Mid-Value,0.7061846684931377,High,84.67750000000001,59.79795226632767
16184,64,6,1158.79,2011-05-12 13:33:00,2011-10-06 17:43:00,United Kingdom,3,4,3,343,10,Loyal Customers,Lapsing Mid-Value,0.3903720445944209,Medium,289.6975,113.08980538889224
16185,16,3,644.72,2010-05-24 11:04:00,2011-11-23 09:41:00,United Kingdom,5,3,3,533,11,Potential Loyalists,Recent Developing,0.7361501142661029,High,132.3525,97.43130799840438
16186,22,26,8718.43,2009-12-09 15:36:00,2011-11-17 12:43:00,United Kingdom,4,5,5,455,14,Loyal Customers,Active High-Value,0.08770512594387928,Low,924.815,81.11101604978872
16187,31,15,6911.4400000000005,2011-02-28 13:34:00,2011-11-08 09:50:00,United Kingdom,4,5,5,455,14,Loyal Customers,Active High-Value,0.1316307755589692,Low,1727.8600000000001,227.43955185732057
16188,44,5,1087.66,2010-10-27 11:50:00,2011-10-26 12:19:00,United Kingdom,4,4,3,443,11,Loyal Customers,Lapsing Mid-Value,0.4584056466804456,Medium,245.465,112.52254206241558
16189,15,2,215.48,2011-09-15 15:21:00,2011-11-24 11:47:00,United Kingdom,5,2,1,521,8,Potential Loyalists,Recent Developing,0.6543494087937063,High,53.87,35.249802651716955
16190,40,8,2723.55,2009-12-14 11:59:00,2011-10-30 15:59:00,United Kingdom,4,5,4,454,13,Loyal Customers,Lapsing Mid-Value,0.5732296964168778,Medium,53.77,30.82256077633552
16191,2,24,15677.82,2009-12-11 12:24:00,2011-12-07 11:26:00,United Kingdom,5,5,5,555,15,Champions,Active High-Value,0.12485794910930902,Low,1295.13,161.7072756299394
16192,735,1,351.3,2009-12-04 12:28:00,2009-12-04 12:28:00,United Kingdom,1,1,2,112,4,Hibernating,Dormant,,Inactive (>1 yr),,
16193,236,2,630.43,2010-10-25 10:25:00,2011-04-17 11:45:00,United Kingdom,2,2,3,223,7,Hibernating,Dormant,0.7797092884418556,High,78.6125,61.29489643763537
16194,375,1,308.59999999999997,2010-11-29 13:28:00,2010-11-29 13:28:00,United Kingdom,2,1,2,212,5,Hibernating,Dormant,,Inactive (>1 yr),,
16195,723,1,323.25,2009-12-16 14:09:00,2009-12-16 14:09:00,United Kingdom,1,1,2,112,4,Hibernating,Dormant,,Inactive (>1 yr),,
16196,488,1,93.3,2010-08-08 11:40:00,2010-08-08 11:40:00,United Kingdom,1,1,1,111,3,Hibernating,Dormant,,Inactive (>1 yr),,
16197,469,9,2016.71,2009-12-16 11:44:00,2010-08-27 12:56:00,United Kingdom,1,5,4,154,10,Can't Lose Them,Lapsing Mid-Value,,Inactive (>1 yr),,
16198,75,2,1030.04,2010-09-28 13:59:00,2011-09-25 14:58:00,United Kingdom,3,2,3,323,8,About to Sleep,Recent Developing,0.8182544087029922,High,100.17,81.96454411977872
16199,392,7,942.75,2010-03-18 18:47:00,2010-11-12 12:55:00,United Kingdom,2,4,3,243,9,At Risk,Lapsing Mid-Value,,Inactive (>1 yr),,
16200,4,12,5608.1,2009-12-02 15:04:00,2011-12-05 14:40:00,United Kingdom,5,5,5,555,15,Champions,Active High-Value,0.45676056760889994,Medium,267.21750000000003,122.05441697503123
16201,3,5,2112.12,2010-10-20 12:00:00,2011-12-06 16:02:00,United Kingdom,5,4,4,544,13,Champions,Recent Developing,0.4204962237017301,Medium,465.8675,195.89552449536575
16202,360,9,2501.9900000000002,2009-12-02 10:48:00,2010-12-14 10:43:00,United Kingdom,2,5,4,254,11,Can't Lose Them,Lapsing Mid-Value,0.7849755766648592,High,91.3175,71.68200722209328
16203,58,6,943.84,2010-07-23 13:09:00,2011-10-12 12:31:00,United Kingdom,4,4,3,443,11,Loyal Customers,Lapsing Mid-Value,0.4726012169482089,Medium,105.55,49.883058448883446
16204,23,3,918.71,2009-12-08 17:44:00,2011-11-16 13:40:00,United Kingdom,4,3,3,433,10,Potential Loyalists,Recent Developing,0.7965285555255354,High,96.045,76.50258511545005
16205,30,7,1813.51,2010-06-15 11:58:00,2011-11-09 09:32:00,United Kingdom,4,4,4,444,12,Loyal Customers,Lapsing Mid-Value,0.33475754818637266,Medium,187.7575,62.853240353602864
16206,54,13,2577.12,2010-01-24 15:25:00,2011-10-16 10:41:00,United Kingdom,4,5,4,454,13,Loyal Customers,Active High-Value,0.3550330281564893,Medium,134.26500000000001,47.66850952543104
16207,25,1,394.38,2011-11-14 13:51:00,2011-11-14 13:51:00,United Kingdom,4,1,2,412,7,Promising,Recent Developing,0.6566307743210981,High,98.595,64.74051119418866
16208,44,10,3440.45,2010-02-24 14:24:00,2011-10-26 11:36:00,United Kingdom,4,5,5,455,14,Loyal Customers,Active High-Value,0.36812430913041033,Medium,166.065,61.13256339574159
16209,88,9,4146.78,2010-06-11 11:58:00,2011-09-12 11:58:00,United Kingdom,3,5,5,355,13,Loyal Customers,Lapsing Mid-Value,0.3512684060044729,Medium,565.655,198.6967301984601
16210,1,33,33730.97,2009-12-02 12:54:00,2011-12-08 12:36:00,United Kingdom,5,5,5,555,15,Champions,Active High-Value,0.056433871822403954,Low,4084.44,230.5007634262996
16211,88,3,1090.59,2010-09-27 15:24:00,2011-09-12 12:11:00,United Kingdom,3,3,3,333,9,Need Attention,Lapsing Mid-Value,0.6863580716960188,High,136.755,93.86289809478905
16212,19,4,1293.71,2010-02-07 15:26:00,2011-11-20 13:00:00,United Kingdom,5,4,4,544,13,Champions,Recent Developing,0.6459923986411864,High,172.585,111.48859811948915
16213,78,1,159.0,2011-09-22 10:03:00,2011-09-22 10:03:00,United Kingdom,3,1,1,311,5,About to Sleep,Dormant,0.7762886745302376,High,39.75,30.857474812576946
16214,170,4,2038.25,2010-09-30 13:57:00,2011-06-22 11:30:00,United Kingdom,3,4,4,344,11,Loyal Customers,Lapsing Mid-Value,0.5649611812287584,Medium,265.6875,150.10312383771574
16215,80,1,242.35,2011-09-20 10:18:00,2011-09-20 10:18:00,United Kingdom,3,1,1,311,5,About to Sleep,Dormant,0.754204021546554,High,60.5875,45.69533615545184
16216,267,1,914.9300000000001,2011-03-17 15:34:00,2011-03-17 15:34:00,United Kingdom,2,1,3,213,6,Hibernating,Dormant,0.7830422968179995,High,228.73250000000002,179.1072221569231
16217,235,2,304.25,2011-03-02 15:28:00,2011-04-18 13:31:00,United Kingdom,2,2,2,222,6,Hibernating,Dormant,0.7367857386321481,High,76.0625,56.04176524470777
16218,29,13,3968.67,2010-05-27 16:09:00,2011-11-10 09:59:00,United Kingdom,4,5,5,455,14,Loyal Customers,Active High-Value,0.24186794282482865,Low,653.345,158.02321110488768
16219,500,1,40.8,2010-07-27 11:44:00,2010-07-27 11:44:00,United Kingdom,1,1,1,111,3,Hibernating,Dormant,,Inactive (>1 yr),,
16221,36,9,2018.47,2010-08-10 13:32:00,2011-11-03 11:43:00,United Kingdom,4,5,4,454,13,Loyal Customers,Lapsing Mid-Value,0.42065092154593536,Medium,173.53,72.99555441586617
16222,318,2,1272.05,2009-12-18 14:31:00,2011-01-25 13:38:00,United Kingdom,2,2,4,224,8,Hibernating,Lapsing Mid-Value,0.7650896733963843,High,193.38750000000002,147.9587792139433
16223,374,2,1087.05,2010-11-09 12:07:00,2010-11-30 11:50:00,United Kingdom,2,2,3,223,7,Hibernating,Lapsing Mid-Value,,Inactive (>1 yr),,
16224,57,5,1616.54,2010-11-17 13:14:00,2011-10-13 17:51:00,United Kingdom,4,4,4,444,12,Loyal Customers,Lapsing Mid-Value,0.4454672557296076,Medium,323.825,144.25343408664017
16225,44,15,2859.31,2010-02-07 12:41:00,2011-10-26 08:30:00,United Kingdom,4,5,4,454,13,Loyal Customers,Active High-Value,0.2656766398406118,Low,274.08,72.81665344751488
16226,203,5,672.1700000000001,2010-10-22 11:19:00,2011-05-20 14:41:00,United Kingdom,2,4,3,243,9,At Risk,Lapsing Mid-Value,0.7118812404323455,High,63.78,45.403785514774995
16227,225,3,1027.22,2010-06-22 13:28:00,2011-04-28 13:33:00,United Kingdom,2,3,3,233,8,At Risk,Lapsing Mid-Value,0.7678485090747205,High,78.555,60.31833963036467
16228,385,3,885.71,2010-11-04 18:54:00,2010-11-19 14:20:00,United Kingdom,2,3,3,233,8,At Risk,Lapsing Mid-Value,,Inactive (>1 yr),,
16229,87,6,2867.86,2010-05-24 12:59:00,2011-09-13 17:16:00,United Kingdom,3,4,4,344,11,Loyal Customers,Lapsing Mid-Value,0.47192883789222023,Medium,252.65,119.23282089346944
16230,189,2,542.03,2011-05-03 15:12:00,2011-06-03 10:06:00,United Kingdom,2,2,2,222,6,Hibernating,Dormant,0.6745153426179445,High,135.5075,91.40188778980112
16231,379,4,1074.47,2010-04-21 12:06:00,2010-11-25 15:00:00,United Kingdom,2,4,3,243,9,At Risk,Lapsing Mid-Value,,Inactive (>1 yr),,
16232,43,7,2712.97,2010-06-07 14:04:00,2011-10-27 12:16:00,United Kingdom,4,4,4,444,12,Loyal Customers,Lapsing Mid-Value,0.42070289972229713,Medium,247.72,104.21652231920744
16233,71,9,1818.31,2009-12-02 13:23:00,2011-09-29 17:27:00,United Kingdom,3,5,4,354,12,Loyal Customers,Lapsing Mid-Value,0.47197444156654406,Medium,97.32000000000001,45.932552653256074
16234,476,3,333.18,2010-05-27 10:39:00,2010-08-20 14:33:00,United Kingdom,1,3,2,132,6,At Risk,Dormant,,Inactive (>1 yr),,
16235,40,8,2043.71,2010-08-26 12:10:00,2011-10-30 10:56:00,United Kingdom,4,5,4,454,13,Loyal Customers,Lapsing Mid-Value,0.33955056629167857,Medium,214.3275,72.77502399687974
16236,78,1,432.2,2011-09-22 14:10:00,2011-09-22 14:10:00,United Kingdom,3,1,2,312,6,About to Sleep,Dormant,0.7286402119377507,High,108.05,78.72957489987397
16237,437,1,136.65,2010-09-28 17:02:00,2010-09-28 17:02:00,United Kingdom,1,1,1,111,3,Hibernating,Dormant,,Inactive (>1 yr),,
16238,422,1,63.66,2010-10-13 12:36:00,2010-10-13 12:36:00,United Kingdom,1,1,1,111,3,Hibernating,Dormant,,Inactive (>1 yr),,
16239,56,6,1492.2,2010-09-02 19:17:00,2011-10-14 08:29:00,United Kingdom,4,4,4,444,12,Loyal Customers,Lapsing Mid-Value,0.5598689075266579,Medium,103.55,57.97442537438542
16240,24,2,3718.8,2011-09-23 13:44:00,2011-11-15 14:30:00,United Kingdom,4,2,5,425,11,Potential Loyalists,Recent Developing,0.44572985429810263,Medium,929.7,414.39504554094606
16241,9,16,3989.81,2010-10-25 13:40:00,2011-11-30 11:08:00,United Kingdom,5,5,5,555,15,Champions,Active High-Value,0.09708021628743833,Low,578.165,56.12838324982678
16242,8,14,7404.65,2010-03-15 16:02:00,2011-12-01 15:12:00,United Kingdom,5,5,5,555,15,Champions,Active High-Value,0.12213280419532431,Low,894.965,109.30458510666843
16243,33,2,409.1,2011-10-16 12:09:00,2011-11-06 12:32:00,United Kingdom,4,2,2,422,8,Potential Loyalists,Recent Developing,0.49614233581388467,Medium,102.275,50.74295739536506
16244,211,2,1522.75,2010-12-02 11:41:00,2011-05-12 10:18:00,United Kingdom,2,2,4,224,8,Hibernating,Lapsing Mid-Value,0.7623579718999284,High,116.53,88.83757446549865
16245,23,3,1413.66,2011-03-28 09:30:00,2011-11-16 10:14:00,United Kingdom,4,3,4,434,11,Potential Loyalists,Recent Developing,0.5405021330761284,Medium,353.415,191.0215613610999
16246,459,2,821.35,2010-02-08 12:32:00,2010-09-06 12:04:00,United Kingdom,1,2,3,123,6,Hibernating,Dormant,,Inactive (>1 yr),,
16247,170,1,114.56,2011-06-22 14:23:00,2011-06-22 14:23:00,United Kingdom,3,1,1,311,5,About to Sleep,Dormant,0.8383612983050807,High,28.64,24.01066758345751
16248,61,1,152.94,2011-10-09 11:32:00,2011-10-09 11:32:00,United Kingdom,3,1,1,311,5,About to Sleep,Dormant,0.761742801461469,High,38.235,29.125236013879267
16249,52,5,1800.07,2011-04-14 13:50:00,2011-10-18 10:07:00,United Kingdom,4,4,4,444,12,Loyal Customers,Lapsing Mid-Value,0.3404664725167566,Medium,450.0175,153.2158707958095
16250,261,3,565.24,2010-11-18 10:43:00,2011-03-23 15:07:00,United Kingdom,2,3,2,232,7,At Risk,Dormant,0.7899836686721935,High,40.825,32.2510832735423
16251,512,1,128.31,2010-07-15 14:55:00,2010-07-15 14:55:00,United Kingdom,1,1,1,111,3,Hibernating,Dormant,,Inactive (>1 yr),,
16252,382,1,295.09000000000003,2010-11-22 11:57:00,2010-11-22 11:57:00,United Kingdom,2,1,2,212,5,Hibernating,Dormant,,Inactive (>1 yr),,
16253,66,7,7222.2,2009-12-08 17:24:00,2011-10-04 09:09:00,United Kingdom,3,4,5,345,12,Loyal Customers,Lapsing Mid-Value,0.39846442607778715,Medium,920.965,366.97179016272923
16254,378,3,967.44,2010-03-17 15:43:00,2010-11-26 13:22:00,United Kingdom,2,3,3,233,8,At Risk,Lapsing Mid-Value,,Inactive (>1 yr),,
16255,16,15,4530.0,2010-01-24 12:21:00,2011-11-23 12:40:00,United Kingdom,5,5,5,555,15,Champions,Active High-Value,0.1640142986802223,Low,561.415,92.080087493557
16256,266,3,1579.37,2010-04-21 10:34:00,2011-03-18 12:18:00,United Kingdom,2,3,4,234,9,At Risk,Lapsing Mid-Value,0.7227298600186333,High,188.10750000000002,135.95090714345505
16257,176,1,21.95,2011-06-16 10:11:00,2011-06-16 10:11:00,United Kingdom,3,1,1,311,5,About to Sleep,Dormant,0.8975557570333301,High,5.4875,4.925337216720399
16258,45,15,11942.52,2010-03-10 14:19:00,2011-10-25 13:30:00,United Kingdom,4,5,5,455,14,Loyal Customers,Active High-Value,0.20075553156967715,Low,1300.8775,261.1583540195327
16259,410,3,340.94,2010-04-13 16:57:00,2010-10-25 14:27:00,United Kingdom,1,3,2,132,6,At Risk,Dormant,,Inactive (>1 yr),,
16260,50,1,1035.45,2011-10-20 09:40:00,2011-10-20 09:40:00,United Kingdom,4,1,3,413,8,Promising,Recent Developing,0.669026170406543,High,258.8625,173.18578703686376
16261,17,6,1041.16,2010-09-23 16:40:00,2011-11-22 17:23:00,United Kingdom,5,4,3,543,12,Champions,Recent Developing,0.3499238519073538,Medium,182.135,63.73338076714588
16262,378,1,755.15,2010-11-26 13:22:00,2010-11-26 13:22:00,United Kingdom,2,1,3,213,6,Hibernating,Dormant,,Inactive (>1 yr),,
16263,423,1,348.16,2010-10-12 14:52:00,2010-10-12 14:52:00,United Kingdom,1,1,2,112,4,Hibernating,Dormant,,Inactive (>1 yr),,
16264,438,2,823.53,2010-09-19 16:14:00,2010-09-27 15:00:00,United Kingdom,1,2,3,123,6,Hibernating,Dormant,,Inactive (>1 yr),,
16265,9,12,6685.17,2010-10-28 15:18:00,2011-11-30 16:41:00,United Kingdom,5,5,5,555,15,Champions,Active High-Value,0.14232270268438604,Low,1336.75,190.24987281335305
16266,73,14,1757.95,2010-02-04 16:21:00,2011-09-27 12:08:00,United Kingdom,3,5,4,354,12,Loyal Customers,Lapsing Mid-Value,0.3088221589315546,Medium,215.4725,66.5426826403794
16267,591,1,186.66,2010-04-27 14:10:00,2010-04-27 14:10:00,United Kingdom,1,1,1,111,3,Hibernating,Dormant,,Inactive (>1 yr),,
16268,71,2,617.65,2011-09-29 18:30:00,2011-09-29 18:30:00,United Kingdom,3,2,3,323,8,About to Sleep,Recent Developing,0.6528244351089151,High,154.4125,100.80425308625534
16269,437,1,717.57,2010-09-28 11:50:00,2010-09-28 11:50:00,United Kingdom,1,1,3,113,5,Hibernating,Dormant,,Inactive (>1 yr),,
16270,353,1,1141.24,2010-12-21 14:26:00,2010-12-21 14:26:00,United Kingdom,2,1,3,213,6,Hibernating,Dormant,0.7853804135883601,High,285.31,224.076885800895
16271,15,8,3367.82,2010-03-07 12:03:00,2011-11-24 12:12:00,United Kingdom,5,5,5,555,15,Champions,Active High-Value,0.3451812412879681,Medium,347.41,119.919415035853
16272,116,1,411.7,2011-08-15 10:53:00,2011-08-15 10:54:00,United Kingdom,3,1,2,312,6,About to Sleep,Dormant,0.7714841291274641,High,102.925,79.40500399044424
16273,648,2,318.34000000000003,2010-02-21 16:02:00,2010-03-01 13:24:00,United Kingdom,1,2,2,122,5,Hibernating,Dormant,,Inactive (>1 yr),,
16274,373,1,331.55,2010-12-01 15:35:00,2010-12-01 15:35:00,United Kingdom,2,1,2,212,5,Hibernating,Dormant,,Inactive (>1 yr),,
16275,196,3,2151.11,2010-03-08 14:41:00,2011-05-27 12:41:00,United Kingdom,2,3,4,234,9,At Risk,Lapsing Mid-Value,0.7318518246955521,High,139.9675,102.43547027307469
16276,176,3,2629.3900000000003,2010-04-11 12:02:00,2011-06-16 09:34:00,United Kingdom,3,3,4,334,10,Need Attention,Lapsing Mid-Value,0.7318784525099676,High,202.65000000000003,148.31516840114497
16277,733,1,188.69,2009-12-06 11:27:00,2009-12-06 11:27:00,United Kingdom,1,1,1,111,3,Hibernating,Dormant,,Inactive (>1 yr),,
16278,100,3,1117.84,2010-07-28 15:40:00,2011-08-31 17:12:00,United Kingdom,3,3,3,333,9,Need Attention,Lapsing Mid-Value,0.713223170408357,High,141.595,100.98883481397131
16279,21,9,5698.28,2010-04-22 14:09:00,2011-11-18 15:00:00,United Kingdom,4,5,5,455,14,Loyal Customers,Active High-Value,0.28104720283155643,Low,375.695,105.5880288678016
16280,725,1,238.05,2009-12-14 15:49:00,2009-12-14 15:49:00,United Kingdom,1,1,1,111,3,Hibernating,Dormant,,Inactive (>1 yr),,
16281,72,3,3424.02,2010-01-26 13:41:00,2011-09-28 14:57:00,United Kingdom,3,3,5,335,11,Need Attention,Lapsing Mid-Value,0.6867801836729983,High,515.515,354.0454863861857
16282,339,3,1307.58,2009-12-21 11:52:00,2011-01-04 11:42:00,United Kingdom,2,3,4,234,9,At Risk,Lapsing Mid-Value,0.8236937220753857,High,42.075,34.65691335632186
16283,5,8,4348.62,2010-02-28 14:12:00,2011-12-04 12:08:00,United Kingdom,5,5,5,555,15,Champions,Active High-Value,0.3274362670071478,Medium,392.2775,128.44588023089642
16284,31,3,1018.48,2010-11-11 13:27:00,2011-11-08 16:12:00,United Kingdom,4,3,3,433,10,Potential Loyalists,Recent Developing,0.581758970637903,Medium,203.17,118.19597006450276
16285,646,1,176.9,2010-03-03 16:03:00,2010-03-03 16:03:00,United Kingdom,1,1,1,111,3,Hibernating,Dormant,,Inactive (>1 yr),,
16286,477,2,328.95,2010-03-26 09:58:00,2010-08-19 14:48:00,United Kingdom,1,2,2,122,5,Hibernating,Dormant,,Inactive (>1 yr),,
16287,169,5,1006.98,2010-01-19 09:46:00,2011-06-23 09:08:00,United Kingdom,3,4,3,343,10,Loyal Customers,Lapsing Mid-Value,0.7542949569983255,High,35.625,26.871757843065346
16288,470,1,129.85,2010-08-26 14:45:00,2010-08-26 14:45:00,United Kingdom,1,1,1,111,3,Hibernating,Dormant,,Inactive (>1 yr),,
16289,462,1,136.31,2010-09-03 14:02:00,2010-09-03 14:02:00,United Kingdom,1,1,1,111,3,Hibernating,Dormant,,Inactive (>1 yr),,
16290,464,4,1957.7,2010-05-23 11:46:00,2010-09-01 11:52:00,United Kingdom,1,4,4,144,9,At Risk,Lapsing Mid-Value,,Inactive (>1 yr),,
16292,121,5,1253.76,2010-04-14 13:29:00,2011-08-10 12:24:00,United Kingdom,3,4,4,344,11,Loyal Customers,Lapsing Mid-Value,0.6774193687922466,High,75.5625,51.187501054364134
16293,21,15,4279.2,2009-12-11 09:58:00,2011-11-18 09:58:00,United Kingdom,4,5,5,455,14,Loyal Customers,Active High-Value,0.15322196737708324,Low,467.56,71.64046306682904
16294,476,1,126.05000000000001,2010-08-20 12:01:00,2010-08-20 12:01:00,United Kingdom,1,1,1,111,3,Hibernating,Dormant,,Inactive (>1 yr),,
16295,9,4,1328.55,2011-10-06 10:45:00,2011-11-30 08:17:00,United Kingdom,5,4,4,544,13,Champions,Recent Developing,0.3430950066887044,Medium,332.1375,113.95471778406956
16296,626,4,1313.67,2009-12-18 12:03:00,2010-03-23 13:11:00,United Kingdom,1,4,4,144,9,At Risk,Lapsing Mid-Value,,Inactive (>1 yr),,
16297,268,1,301.9,2011-03-16 08:29:00,2011-03-16 08:29:00,United Kingdom,2,1,2,212,5,Hibernating,Dormant,0.832191222775099,High,75.475,62.809632538950595
16298,22,7,1085.7,2010-09-23 15:23:00,2011-11-17 11:59:00,United Kingdom,4,4,3,443,11,Loyal Customers,Recent Developing,0.39697105117476356,Medium,149.55,59.367020703185894
16299,477,1,193.65,2010-08-19 17:46:00,2010-08-19 17:46:00,United Kingdom,1,1,1,111,3,Hibernating,Dormant,,Inactive (>1 yr),,
16300,430,3,1367.32,2010-02-02 11:40:00,2010-10-05 13:14:00,United Kingdom,1,3,4,134,8,At Risk,Lapsing Mid-Value,,Inactive (>1 yr),,
16301,736,1,107.33,2009-12-03 10:20:00,2009-12-03 10:20:00,United Kingdom,1,1,1,111,3,Hibernating,Dormant,,Inactive (>1 yr),,
16302,126,1,233.22,2011-08-05 09:44:00,2011-08-05 09:44:00,United Kingdom,3,1,1,311,5,About to Sleep,Dormant,0.8117586067231579,High,58.305,47.32958556499372
16303,25,7,7928.27,2010-03-18 14:12:00,2011-11-14 10:49:00,United Kingdom,4,4,5,445,13,Loyal Customers,Active High-Value,0.31154207717474103,Medium,1340.1575,417.515451291308
16304,694,1,381.66,2010-01-14 08:30:00,2010-01-14 08:30:00,United Kingdom,1,1,2,112,4,Hibernating,Dormant,,Inactive (>1 yr),,
16305,138,1,361.21999999999997,2011-07-24 12:18:00,2011-07-24 12:18:00,United Kingdom,3,1,2,312,6,About to Sleep,Dormant,0.7874972525617858,High,90.30499999999999,71.11493939259206
16306,213,7,1124.72,2010-10-01 09:36:00,2011-05-10 12:12:00,United Kingdom,2,4,3,243,9,At Risk,Lapsing Mid-Value,0.6319116543208544,High,141.0425,89.1263995045491
16307,429,3,1194.92,2010-05-11 14:40:00,2010-10-06 14:31:00,United Kingdom,1,3,3,133,7,At Risk,Lapsing Mid-Value,,Inactive (>1 yr),,
16308,37,7,5120.0,2009-12-15 15:48:00,2011-11-02 11:24:00,United Kingdom,4,4,5,445,13,Loyal Customers,Active High-Value,0.42183076937587144,Medium,640.0,269.97169240055774
16309,106,2,706.57,2011-04-13 11:46:00,2011-08-25 15:35:00,United Kingdom,3,2,3,323,8,About to Sleep,Dormant,0.6778505918077552,High,176.6425,119.73722316340141
16310,414,2,460.08,2010-03-07 15:41:00,2010-10-21 14:47:00,United Kingdom,1,2,2,122,5,Hibernating,Dormant,,Inactive (>1 yr),,
16311,17,2,616.26,2011-10-21 13:13:00,2011-11-22 08:54:00,United Kingdom,5,2,3,523,10,Potential Loyalists,Recent Developing,0.4981271527263911,Medium,154.065,76.74395978479144
16312,432,1,171.15,2010-10-03 14:15:00,2010-10-03 14:15:00,United Kingdom,1,1,1,111,3,Hibernating,Dormant,,Inactive (>1 yr),,
16313,3,2,274.15000000000003,2011-10-21 09:04:00,2011-12-06 13:02:00,United Kingdom,5,2,1,521,8,Potential Loyalists,Recent Developing,0.6591716356996092,High,68.53750000000001,45.177975981761975
16314,389,3,1491.4,2010-08-24 11:52:00,2010-11-15 12:06:00,United Kingdom,2,3,4,234,9,At Risk,Lapsing Mid-Value,,Inactive (>1 yr),,
16315,330,2,402.71,2010-06-21 13:53:00,2011-01-13 11:57:00,United Kingdom,2,2,2,222,6,Hibernating,Dormant,0.8070397308115155,High,56.5925,45.67239596595069
16316,64,13,5744.91,2010-08-03 14:38:00,2011-10-06 13:48:00,United Kingdom,3,5,5,355,13,Loyal Customers,Active High-Value,0.24335553686926958,Low,734.7275,178.80000521511627
16317,119,5,2192.51,2010-05-04 10:17:00,2011-08-12 12:46:00,United Kingdom,3,4,4,344,11,Loyal Customers,Lapsing Mid-Value,0.4915680379703301,Medium,335.4125,164.87806453572335
16318,35,1,328.15,2011-11-04 13:05:00,2011-11-04 13:05:00,United Kingdom,4,1,2,412,7,Promising,Recent Developing,0.6867589621307679,High,82.0375,56.339988355802866
16319,217,1,404.40000000000003,2011-05-06 11:27:00,2011-05-06 11:27:00,United Kingdom,2,1,2,212,5,Hibernating,Dormant,0.8272116034244326,High,101.10000000000001,83.63109310621014
16320,172,6,5628.99,2010-01-27 13:29:00,2011-06-20 15:25:00,Unspecified,3,4,5,345,12,Loyal Customers,Lapsing Mid-Value,0.5721590359314239,Medium,259.615,148.54106811333662
16321,72,7,604.5500000000001,2009-12-01 10:36:00,2011-09-28 14:55:00,Australia,3,4,3,343,10,Loyal Customers,Lapsing Mid-Value,0.48964028991972636,Medium,93.41250000000001,45.73852358212644
16322,1,2,326.75,2011-11-03 14:33:00,2011-12-08 15:41:00,United Kingdom,5,2,2,522,9,Potential Loyalists,Recent Developing,0.6496193451549169,High,81.6875,53.065780257342276
16323,196,2,353.66,2010-05-11 09:48:00,2011-05-27 14:48:00,United Kingdom,2,2,2,222,6,Hibernating,Dormant,0.8479848626645515,High,51.87500000000001,43.98921475072362
16324,128,3,408.59000000000003,2011-06-15 14:26:00,2011-08-03 12:58:00,United Kingdom,3,3,2,332,8,Need Attention,Dormant,0.6765846423289306,High,102.14750000000001,69.11142975229444
16325,46,12,3597.5,2009-12-04 13:21:00,2011-10-24 08:48:00,United Kingdom,4,5,5,455,14,Loyal Customers,Active High-Value,0.40864079313167273,Medium,148.56,60.7076762276413
16326,5,24,4626.25,2010-01-28 13:23:00,2011-12-04 10:11:00,United Kingdom,5,5,5,555,15,Champions,Active High-Value,0.06314183675695986,Low,759.8050000000001,47.975483277121896
16327,14,16,10129.04,2009-12-14 13:06:00,2011-11-25 13:23:00,United Kingdom,5,5,5,555,15,Champions,Active High-Value,0.14256732163265548,Low,821.1675,117.07165108678362
16328,563,1,310.83,2010-05-25 14:02:00,2010-05-25 14:02:00,United Kingdom,1,1,2,112,4,Hibernating,Dormant,,Inactive (>1 yr),,
16329,427,4,1664.92,2009-12-01 11:34:00,2010-10-08 12:44:00,United Kingdom,1,4,4,144,9,At Risk,Lapsing Mid-Value,,Inactive (>1 yr),,
16330,17,7,625.38,2010-02-15 12:36:00,2011-11-22 12:24:00,United Kingdom,5,4,3,543,12,Champions,Recent Developing,0.5732608747268548,Medium,62.9775,36.1025367381105
16331,432,6,2037.7,2010-03-07 10:55:00,2010-10-03 13:47:00,United Kingdom,1,4,4,144,9,At Risk,Lapsing Mid-Value,,Inactive (>1 yr),,
16332,28,11,1997.49,2010-04-29 13:41:00,2011-11-11 14:22:00,United Kingdom,4,5,4,454,13,Loyal Customers,Active High-Value,0.16517601854425176,Low,395.7,65.36015053796042
16333,7,22,26626.8,2011-02-03 10:50:00,2011-12-02 12:19:00,United Kingdom,5,5,5,555,15,Champions,Active High-Value,0.07498446866350861,Low,6656.7,499.14911255237774
16334,492,1,263.73,2010-08-04 16:38:00,2010-08-04 16:38:00,United Kingdom,1,1,1,111,3,Hibernating,Dormant,,Inactive (>1 yr),,
16335,551,7,2753.52,2009-12-04 10:18:00,2010-06-06 11:35:00,United Kingdom,1,4,4,144,9,At Risk,Lapsing Mid-Value,,Inactive (>1 yr),,
16336,420,4,3517.69,2010-03-18 08:05:00,2010-10-15 12:32:00,United Kingdom,1,4,5,145,10,At Risk,Lapsing Mid-Value,,Inactive (>1 yr),,
16337,36,1,151.05,2011-11-03 10:03:00,2011-11-03 10:03:00,United Kingdom,4,1,1,411,6,Promising,Recent Developing,0.725735235341284,High,37.7625,27.405576824575242
16338,157,1,214.79999999999998,2011-07-05 13:56:00,2011-07-05 13:56:00,United Kingdom,3,1,1,311,5,About to Sleep,Dormant,0.8195023678420248,High,53.699999999999996,44.007277153116725
16339,284,1,94.05,2011-02-28 13:41:00,2011-02-28 13:41:00,United Kingdom,2,1,1,211,4,Hibernating,Dormant,0.8639760513100362,High,23.5125,20.314236906427226
16340,107,3,1496.24,2010-06-06 13:26:00,2011-08-24 14:53:00,United Kingdom,3,3,4,334,10,Need Attention,Lapsing Mid-Value,0.7030893493048098,High,133.5775,93.91691755676322
16341,24,7,3850.79,2010-04-09 10:30:00,2011-11-15 09:12:00,United Kingdom,4,4,5,445,13,Loyal Customers,Active High-Value,0.3464956534971189,Medium,492.9675,170.81109606534096
16342,75,4,322.41,2011-06-13 10:10:00,2011-09-25 14:36:00,United Kingdom,3,4,2,342,9,Loyal Customers,Recent Developing,0.5079366461478682,Medium,80.6025,40.94096352113355
16343,16,3,614.12,2010-10-28 14:15:00,2011-11-23 17:45:00,United Kingdom,5,3,3,533,11,Potential Loyalists,Recent Developing,0.7521340742676754,High,82.145,61.7840535307182
16344,158,4,842.42,2010-02-09 12:16:00,2011-07-04 15:50:00,United Kingdom,3,4,3,343,10,Loyal Customers,Lapsing Mid-Value,0.7880009313859054,High,25.275000000000002,19.91672354077876
16345,44,2,1178.79,2010-08-13 17:13:00,2011-10-26 16:03:00,United Kingdom,4,2,3,423,9,Potential Loyalists,Recent Developing,0.8250440533961562,High,141.365,116.63235260834762
16346,385,1,224.51,2010-11-19 15:55:00,2010-11-19 15:55:00,United Kingdom,2,1,1,211,4,Hibernating,Dormant,,Inactive (>1 yr),,
16347,11,11,3442.96,2010-03-12 12:41:00,2011-11-28 13:14:00,United Kingdom,5,5,5,555,15,Champions,Active High-Value,0.36735457007916283,Medium,211.8625,77.82865760339664
16348,32,8,1742.08,2010-10-05 13:57:00,2011-11-07 15:44:00,United Kingdom,4,5,4,454,13,Loyal Customers,Lapsing Mid-Value,0.23603204306466602,Low,353.3275,83.39661169593079
16349,290,1,53.5,2011-02-22 12:40:00,2011-02-22 12:40:00,United Kingdom,2,1,1,211,4,Hibernating,Dormant,0.8829365956894164,High,13.375,11.809276967345944
16350,21,9,2253.89,2010-10-07 16:33:00,2011-11-18 15:53:00,United Kingdom,4,5,4,454,13,Loyal Customers,Active High-Value,0.3017711623194115,Medium,279.1175,84.22961239868833
16351,332,13,3330.0299999999997,2009-12-04 16:12:00,2011-01-11 10:26:00,United Kingdom,2,5,5,255,12,Can't Lose Them,Lapsing Mid-Value,0.7969548536412772,High,38.475,30.66283799384814
16352,17,2,494.44,2011-11-02 08:44:00,2011-11-22 10:32:00,United Kingdom,5,2,2,522,9,Potential Loyalists,Recent Developing,0.5939329015879897,Medium,123.61,73.4160459652914
16353,3,38,9795.460000000001,2009-12-07 13:55:00,2011-12-06 12:23:00,United Kingdom,5,5,5,555,15,Champions,Active High-Value,0.03939354011579275,Low,1617.9275,63.73589187569427
16354,63,5,1119.46,2010-04-27 13:33:00,2011-10-07 14:28:00,United Kingdom,3,4,3,343,10,Loyal Customers,Lapsing Mid-Value,0.505785784659603,Medium,98.95,50.04750339206772
16355,375,1,416.35,2010-11-29 14:21:00,2010-11-29 14:21:00,United Kingdom,2,1,2,212,5,Hibernating,Dormant,,Inactive (>1 yr),,
16356,197,6,415.87,2010-06-06 11:26:00,2011-05-26 11:51:00,United Kingdom,2,4,2,242,8,At Risk,Lapsing Mid-Value,0.669919972147648,High,52.9425,35.46723812542685
16357,33,4,868.37,2010-11-23 18:52:00,2011-11-06 16:04:00,United Kingdom,4,4,3,443,11,Loyal Customers,Recent Developing,0.5305581356060601,Medium,164.72,87.39353609703022
16358,1,5,2919.65,2010-11-10 11:36:00,2011-12-08 15:09:00,United Kingdom,5,4,5,545,14,Champions,Active High-Value,0.46194918222905124,Medium,506.875,234.15049174235034
16359,7,16,2697.75,2010-02-16 10:39:00,2011-12-02 17:04:00,United Kingdom,5,5,4,554,14,Champions,Active High-Value,0.1388509973783224,Low,437.73,60.77924708241307
16360,4,6,3450.41,2011-09-12 13:50:00,2011-12-05 12:16:00,United Kingdom,5,4,5,545,14,Champions,Active High-Value,0.1517428391588214,Low,862.6025,130.89375241549723
16361,9,4,891.21,2011-09-29 13:13:00,2011-11-30 12:32:00,United Kingdom,5,4,3,543,12,Champions,Recent Developing,0.29112809592844735,Low,222.8025,64.8640675930979
16362,32,6,922.16,2010-09-28 09:24:00,2011-11-07 13:01:00,United Kingdom,4,4,3,443,11,Loyal Customers,Recent Developing,0.43169578270365705,Medium,177.4975,76.62492219044236
16363,53,1,109.36000000000001,2011-10-17 14:14:00,2011-10-17 14:14:00,United Kingdom,4,1,1,411,6,Promising,Dormant,0.7680258674717995,High,27.340000000000003,20.997827216679
16364,11,2,705.79,2011-07-25 14:35:00,2011-11-28 11:27:00,United Kingdom,5,2,3,523,10,Potential Loyalists,Recent Developing,0.7104158305108682,High,176.4475,125.35109725406642
16365,17,15,3167.34,2009-12-11 12:41:00,2011-11-22 11:24:00,United Kingdom,5,5,5,555,15,Champions,Active High-Value,0.19604839810401659,Low,350.14,68.64438611214037
16366,18,4,1548.1299999999999,2009-12-16 10:39:00,2011-11-21 08:19:00,United Kingdom,5,4,4,544,13,Champions,Recent Developing,0.7532809420728722,High,81.825,61.63721308511277
16367,37,3,1350.48,2010-11-21 13:23:00,2011-11-02 13:13:00,United Kingdom,4,3,4,434,11,Potential Loyalists,Recent Developing,0.6195650324323432,High,200.1675,124.01678362940105
16368,2,3,621.44,2010-09-30 11:30:00,2011-12-07 13:12:00,United Kingdom,5,3,3,533,11,Potential Loyalists,Recent Developing,0.7700602340615639,High,119.9775,92.38990173212129
16369,18,7,2654.48,2010-04-07 16:52:00,2011-11-21 16:25:00,United Kingdom,5,4,4,544,13,Champions,Active High-Value,0.337279187435462,Medium,385.8325,130.13327208619287
16370,82,4,1301.91,2011-04-28 16:40:00,2011-09-18 15:55:00,United Kingdom,3,4,4,344,11,Loyal Customers,Lapsing Mid-Value,0.4152766344641756,Medium,325.4775,135.16320079381373
16371,448,1,157.2,2010-09-17 12:09:00,2010-09-17 12:09:00,United Kingdom,1,1,1,111,3,Hibernating,Dormant,,Inactive (>1 yr),,
16372,33,5,1290.31,2010-04-11 15:20:00,2011-11-06 13:08:00,United Kingdom,4,4,4,444,12,Loyal Customers,Recent Developing,0.6337573847959074,High,88.9325,56.36162862336204
16373,382,2,309.49,2010-10-24 13:10:00,2010-11-22 15:50:00,United Kingdom,2,2,2,222,6,Hibernating,Dormant,,Inactive (>1 yr),,
16374,66,5,1709.55,2010-04-30 13:10:00,2011-10-04 15:21:00,United Kingdom,3,4,4,344,11,Loyal Customers,Lapsing Mid-Value,0.5434132488674147,Medium,114.69500000000001,62.32678257884813
16375,470,2,104.0,2010-08-26 14:12:00,2010-08-26 14:25:00,United Kingdom,1,2,1,121,4,Hibernating,Dormant,,Inactive (>1 yr),,
16376,8,2,974.96,2011-11-22 16:47:00,2011-12-01 11:38:00,United Kingdom,5,2,3,523,10,Potential Loyalists,Recent Developing,0.3622027837484564,Medium,243.74,88.28330651084876
16377,267,2,1308.48,2010-04-01 10:36:00,2011-03-17 15:41:00,United Kingdom,2,2,4,224,8,Hibernating,Lapsing Mid-Value,0.8053711358054262,High,169.05,136.1479905079073
16378,247,3,362.95,2011-02-02 12:42:00,2011-04-06 15:07:00,United Kingdom,2,3,2,232,7,At Risk,Dormant,0.7510932366905009,High,90.7375,68.15232256420433
16379,4,4,2157.4,2011-09-22 09:33:00,2011-12-05 15:38:00,United Kingdom,5,4,4,544,13,Champions,Recent Developing,0.2872855574633703,Low,539.35,154.94746541786878
16380,61,1,1743.1499999999999,2011-10-09 15:40:00,2011-10-09 15:40:00,United Kingdom,3,1,4,314,8,About to Sleep,Recent Developing,0.6557776644234151,High,435.78749999999997,285.779708934919
16381,395,2,247.85,2010-10-17 13:06:00,2010-11-09 09:56:00,United Kingdom,2,2,1,221,5,Hibernating,Dormant,,Inactive (>1 yr),,
16382,408,2,353.1,2010-06-07 12:42:00,2010-10-27 16:23:00,United Kingdom,2,2,2,222,6,Hibernating,Dormant,,Inactive (>1 yr),,
16383,74,7,2887.99,2010-02-04 13:18:00,2011-09-26 12:45:00,United Kingdom,3,4,5,345,12,Loyal Customers,Lapsing Mid-Value,0.466470598805712,Medium,160.94,75.07377817179129
16384,89,4,1358.95,2010-04-28 14:01:00,2011-09-11 11:19:00,United Kingdom,3,4,4,344,11,Loyal Customers,Lapsing Mid-Value,0.5864303754166681,Medium,146.125,85.69213860776063
16385,60,5,881.35,2010-03-18 12:45:00,2011-10-10 13:12:00,United Kingdom,3,4,3,343,10,Loyal Customers,Lapsing Mid-Value,0.5530637267103309,Medium,101.915,56.36548970768337
16386,28,3,1068.16,2010-11-17 11:19:00,2011-11-11 12:28:00,United Kingdom,4,3,3,433,10,Potential Loyalists,Recent Developing,0.7063284021552714,High,75.6425,53.42844616003011
16387,322,5,882.46,2010-03-11 12:22:00,2011-01-21 11:34:00,United Kingdom,2,4,3,243,9,At Risk,Lapsing Mid-Value,0.8027307554760108,High,23.59,18.936418521679094
16388,653,1,186.05,2010-02-24 10:20:00,2010-02-24 10:20:00,United Kingdom,1,1,1,111,3,Hibernating,Dormant,,Inactive (>1 yr),,
16389,53,4,1382.07,2011-03-01 15:47:00,2011-10-17 14:41:00,United Kingdom,4,4,4,444,12,Loyal Customers,Lapsing Mid-Value,0.3891089270431322,Medium,345.5175,134.44394369962544
16390,536,3,467.5,2010-01-29 15:25:00,2010-06-21 10:11:00,United Kingdom,1,3,2,132,6,At Risk,Dormant,,Inactive (>1 yr),,
16391,400,4,1048.86,2010-05-27 11:27:00,2010-11-04 12:27:00,United Kingdom,2,4,3,243,9,At Risk,Lapsing Mid-Value,,Inactive (>1 yr),,
16392,269,3,755.45,2010-05-27 11:17:00,2011-03-15 12:11:00,United Kingdom,2,3,3,233,8,At Risk,Lapsing Mid-Value,0.7637284506511649,High,54.4725,41.60219802809558
16393,2,23,5297.77,2009-12-01 12:13:00,2011-12-07 12:51:00,United Kingdom,5,5,5,555,15,Champions,Active High-Value,0.08853555646976217,Low,714.04,63.21792874166898
16394,56,5,1555.34,2011-02-23 10:58:00,2011-10-14 09:48:00,United Kingdom,4,4,4,444,12,Loyal Customers,Lapsing Mid-Value,0.32330513461681476,Medium,388.835,125.71235201872916
16395,60,14,3517.56,2009-12-06 12:26:00,2011-10-10 12:50:00,United Kingdom,3,5,5,355,13,Loyal Customers,Active High-Value,0.26190459016461703,Low,370.515,97.03957922484308
16396,476,1,137.8,2010-08-20 14:17:00,2010-08-20 14:17:00,United Kingdom,1,1,1,111,3,Hibernating,Dormant,,Inactive (>1 yr),,
16397,628,1,123.13,2010-03-21 15:36:00,2010-03-21 15:36:00,United Kingdom,1,1,1,111,3,Hibernating,Dormant,,Inactive (>1 yr),,
16398,154,2,1705.8,2011-03-31 09:38:00,2011-07-08 15:16:00,United Kingdom,3,2,4,324,9,About to Sleep,Lapsing Mid-Value,0.6140786243306118,High,426.45,261.8738293457894
16399,19,3,628.42,2010-11-15 15:03:00,2011-11-20 16:12:00,United Kingdom,5,3,3,533,11,Potential Loyalists,Recent Developing,0.688647747428211,High,101.55499999999999,69.93562199007197
16400,94,9,3059.85,2009-12-08 12:38:00,2011-09-06 12:27:00,United Kingdom,3,5,5,355,13,Loyal Customers,Lapsing Mid-Value,0.5922071149629813,Medium,75.9825,44.99737711267473
16401,1,23,6847.45,2010-06-02 13:13:00,2011-12-08 18:15:00,United Kingdom,5,5,5,555,15,Champions,Active High-Value,0.08125255578173193,Low,1024.58,83.2497436028469
16402,264,2,293.45,2010-12-05 13:42:00,2011-03-20 12:25:00,United Kingdom,2,2,2,222,6,Hibernating,Dormant,0.8218023296901014,High,21.95,18.038561136697723
16403,312,1,177.5,2011-01-31 13:39:00,2011-01-31 13:39:00,United Kingdom,2,1,1,211,4,Hibernating,Dormant,0.8605761093060702,High,44.375,38.18806485045687
16404,70,1,443.05,2011-09-30 14:55:00,2011-09-30 14:55:00,United Kingdom,3,1,2,312,6,About to Sleep,Dormant,0.7213344439935286,High,110.7625,79.89680635283322
16405,302,2,167.25,2011-02-02 17:08:00,2011-02-10 15:24:00,United Kingdom,2,2,1,221,5,Hibernating,Dormant,0.8784063871825727,High,41.8125,36.72836706407132
16406,18,3,528.36,2010-02-24 11:51:00,2011-11-21 11:57:00,United Kingdom,5,3,2,532,10,Potential Loyalists,Recent Developing,0.8259144491771713,High,38.5875,31.869973807624095
16407,12,14,2761.65,2010-10-03 13:56:00,2011-11-27 11:05:00,United Kingdom,5,5,4,554,14,Champions,Active High-Value,0.15004219736921628,Low,519.92,78.00993925620293
16408,591,1,231.93,2010-04-27 14:08:00,2010-04-27 14:08:00,United Kingdom,1,1,1,111,3,Hibernating,Dormant,,Inactive (>1 yr),,
16409,36,12,5652.74,2009-12-13 15:38:00,2011-11-03 16:45:00,United Kingdom,4,5,5,455,14,Loyal Customers,Active High-Value,0.20210734836131936,Low,505.745,102.21478089699546
16410,734,1,130.32,2009-12-05 14:51:00,2009-12-05 14:51:00,United Kingdom,1,1,1,111,3,Hibernating,Dormant,,Inactive (>1 yr),,
16411,19,4,756.39,2010-10-07 15:09:00,2011-11-20 13:23:00,United Kingdom,5,4,3,543,12,Champions,Recent Developing,0.749521974644566,High,20.7875,15.580688047923918
16412,53,5,593.19,2010-02-04 13:46:00,2011-10-17 12:35:00,United Kingdom,4,4,2,442,10,Loyal Customers,Recent Developing,0.6675060711755082,High,33.9975,22.693537654789342
16413,56,2,522.03,2010-11-29 12:49:00,2011-10-14 12:08:00,United Kingdom,4,2,2,422,8,Potential Loyalists,Recent Developing,0.8143870407402212,High,65.55,53.38307052052149
16414,21,5,551.21,2010-01-14 10:21:00,2011-11-18 09:42:00,United Kingdom,4,4,2,442,10,Loyal Customers,Recent Developing,0.6779003909326194,High,31.5625,21.3962310888108
16415,44,3,696.76,2010-02-01 12:30:00,2011-10-26 13:35:00,United Kingdom,4,3,3,433,10,Potential Loyalists,Recent Developing,0.7849660035174139,High,50.0675,39.30128538110812
16416,26,9,2957.88,2010-02-23 12:00:00,2011-11-13 12:50:00,United Kingdom,4,5,5,455,14,Loyal Customers,Active High-Value,0.35405675485104743,Medium,262.85,93.06381801259782
16417,492,1,35.7,2010-08-04 09:08:00,2010-08-04 09:08:00,United Kingdom,1,1,1,111,3,Hibernating,Dormant,,Inactive (>1 yr),,
16418,44,5,1028.74,2010-10-13 12:31:00,2011-10-26 12:39:00,United Kingdom,4,4,3,443,11,Loyal Customers,Lapsing Mid-Value,0.5088781515694639,Medium,157.78,80.29079475463001
16419,112,8,1463.7,2010-02-09 13:26:00,2011-08-19 12:33:00,United Kingdom,3,5,4,354,12,Loyal Customers,Lapsing Mid-Value,0.4551798524480732,Medium,239.6775,109.09636908512306
16420,396,1,75.0,2010-11-08 15:15:00,2010-11-08 15:15:00,United Kingdom,2,1,1,211,4,Hibernating,Dormant,,Inactive (>1 yr),,
16421,376,3,526.27,2010-08-27 12:02:00,2010-11-28 13:31:00,United Kingdom,2,3,2,232,7,At Risk,Dormant,,Inactive (>1 yr),,
16422,17,107,61656.42,2010-01-12 11:57:00,2011-11-22 14:00:00,United Kingdom,5,5,5,555,15,Champions,Active High-Value,0.027382281297592653,Low,8254.05,226.01471894439462
16423,24,1,346.12,2011-11-15 09:21:00,2011-11-15 09:21:00,United Kingdom,4,1,2,412,7,Promising,Recent Developing,0.6597187494353776,High,86.53,57.08546338864322
16424,191,2,443.06,2010-11-22 11:24:00,2011-06-01 13:40:00,United Kingdom,2,2,2,222,6,Hibernating,Dormant,0.8428585066539843,High,33.39,28.143045537176537
16425,302,1,302.7,2011-02-10 14:30:00,2011-02-10 14:30:00,United Kingdom,2,1,2,212,5,Hibernating,Dormant,0.8324291258693817,High,75.675,62.994074100165456
16426,2,10,1863.76,2011-03-08 15:45:00,2011-12-07 14:01:00,United Kingdom,5,5,4,554,14,Champions,Active High-Value,0.18631725066138805,Low,465.94,86.81265977316714
16427,263,2,241.06,2011-02-28 15:18:00,2011-03-21 17:10:00,United Kingdom,2,2,1,221,5,Hibernating,Dormant,0.7587860752284741,High,60.265,45.72824282364399
16428,413,3,638.49,2010-07-30 12:10:00,2010-10-22 12:22:00,United Kingdom,1,3,3,133,7,At Risk,Dormant,,Inactive (>1 yr),,
16429,106,1,284.55,2011-08-25 13:54:00,2011-08-25 13:54:00,United Kingdom,3,1,2,312,6,About to Sleep,Dormant,0.8074917463710423,High,71.1375,57.44294410747002
16430,57,6,1102.94,2010-01-27 12:45:00,2011-10-13 14:47:00,United Kingdom,4,4,3,443,11,Loyal Customers,Lapsing Mid-Value,0.6956671559829338,High,75.2125,52.32286596936641
16431,213,3,623.28,2011-02-15 14:02:00,2011-05-10 14:09:00,United Kingdom,2,3,3,233,8,At Risk,Lapsing Mid-Value,0.7000721230182715,High,155.82,109.08523820870705
16432,64,1,287.4,2011-10-06 13:59:00,2011-10-06 13:59:00,United Kingdom,3,1,2,312,6,About to Sleep,Dormant,0.7427364210510133,High,71.85,53.36561185251531
16433,28,2,384.52,2010-10-27 12:26:00,2011-11-11 14:09:00,United Kingdom,4,2,2,422,8,Potential Loyalists,Recent Developing,0.8649925922381638,High,46.065,39.84588376145101
16434,29,12,2673.69,2010-01-17 14:51:00,2011-11-10 14:28:00,United Kingdom,4,5,4,454,13,Loyal Customers,Active High-Value,0.19831710255720247,Low,377.95,74.95394891149468
16435,512,3,1003.0699999999999,2010-07-13 13:29:00,2010-07-15 18:22:00,United Kingdom,1,3,3,133,7,At Risk,Lapsing Mid-Value,,Inactive (>1 yr),,
16436,668,3,319.14,2009-12-06 16:02:00,2010-02-09 13:19:00,United Kingdom,1,3,2,132,6,At Risk,Dormant,,Inactive (>1 yr),,
16437,381,2,301.25,2010-10-06 12:34:00,2010-11-23 16:59:00,United Kingdom,2,2,2,222,6,Hibernating,Dormant,,Inactive (>1 yr),,
16438,5,5,798.35,2011-09-18 13:31:00,2011-12-04 10:51:00,United Kingdom,5,4,3,543,12,Champions,Recent Developing,0.2258649096629552,Low,199.5875,45.07981265735507
16439,722,1,310.70000000000005,2009-12-17 14:22:00,2009-12-17 14:22:00,United Kingdom,1,1,2,112,4,Hibernating,Dormant,,Inactive (>1 yr),,
16440,7,6,3856.9700000000003,2010-08-03 11:32:00,2011-12-02 12:02:00,United Kingdom,5,4,5,545,14,Champions,Active High-Value,0.29332448429613545,Low,910.1675,266.97441256060284
16441,67,5,1013.18,2010-03-22 18:00:00,2011-10-03 17:48:00,United Kingdom,3,4,3,343,10,Loyal Customers,Lapsing Mid-Value,0.5660437370503827,Medium,95.3,53.94396814090147
16442,1,5,891.98,2009-12-13 11:05:00,2011-12-08 11:43:00,United Kingdom,5,4,3,543,12,Champions,Recent Developing,0.6884817877931892,High,152.325,104.87298832559755
16443,520,1,162.24,2010-07-07 11:57:00,2010-07-07 11:57:00,United Kingdom,1,1,1,111,3,Hibernating,Dormant,,Inactive (>1 yr),,
16444,46,17,3625.88,2010-03-24 14:06:00,2011-10-24 13:50:00,United Kingdom,4,5,5,455,14,Loyal Customers,Active High-Value,0.31309247097253234,Medium,163.6675,51.24306199289693
16445,33,4,583.16,2010-10-24 12:39:00,2011-11-06 12:32:00,United Kingdom,4,4,2,442,10,Loyal Customers,Recent Developing,0.6992777952601705,High,57.6275,40.29763114635548
16446,205,1,2.9,2011-05-18 09:52:00,2011-05-18 09:52:00,United Kingdom,2,1,1,211,4,Hibernating,Dormant,0.9464805599900066,High,0.725,0.6861984059927547
16447,135,3,727.1,2010-02-17 14:09:00,2011-07-27 12:45:00,United Kingdom,3,3,3,333,9,Need Attention,Lapsing Mid-Value,0.7669609000151303,High,63.9775,49.068240980717995
16448,198,2,361.12,2010-08-25 16:58:00,2011-05-25 16:28:00,United Kingdom,2,2,2,222,6,Hibernating,Dormant,0.8137886155685403,High,45.7475,37.2287946907218
16449,197,2,707.69,2011-03-04 12:15:00,2011-05-26 10:25:00,United Kingdom,2,2,3,223,7,Hibernating,Dormant,0.6717070212853516,High,176.9225,118.84008547335763
16450,149,3,1505.73,2010-02-21 15:46:00,2011-07-13 11:47:00,United Kingdom,3,3,4,334,10,Need Attention,Lapsing Mid-Value,0.7812004955586723,High,77.98,60.91801464366527
16451,87,3,1013.15,2009-12-04 15:11:00,2011-09-13 09:17:00,United Kingdom,3,3,3,333,9,Need Attention,Lapsing Mid-Value,0.7705695687774282,High,66.7425,51.429739444127506
16452,630,2,332.17,2010-01-15 12:22:00,2010-03-19 12:39:00,United Kingdom,1,2,2,122,5,Hibernating,Dormant,,Inactive (>1 yr),,
16453,530,2,251.71,2010-06-09 13:15:00,2010-06-27 12:46:00,United Kingdom,1,2,1,121,4,Hibernating,Dormant,,Inactive (>1 yr),,
16454,64,2,7.45,2010-04-07 15:54:00,2011-10-06 16:57:00,United Kingdom,3,2,1,321,6,About to Sleep,Dormant,0.9194892524554614,High,1.475,1.3562466473718058
16455,63,11,3995.57,2010-03-30 10:31:00,2011-10-07 12:17:00,United Kingdom,3,5,5,355,13,Loyal Customers,Active High-Value,0.3477887914290574,Medium,364.97,126.93247520786308
16456,99,13,6000.94,2010-03-29 11:16:00,2011-09-01 13:50:00,United Kingdom,3,5,5,355,13,Loyal Customers,Active High-Value,0.370763861855191,Medium,342.695,127.05892163846468
16457,218,1,208.36,2011-05-05 13:19:00,2011-05-05 13:19:00,United Kingdom,2,1,1,211,4,Hibernating,Dormant,0.8374005137638013,High,52.09,43.62019276195641
16458,2,30,5690.89,2010-05-26 14:38:00,2011-12-07 09:34:00,United Kingdom,5,5,5,555,15,Champions,Active High-Value,0.04677243576731685,Low,870.6850000000001,40.72405823606628
16459,729,1,71.78999999999999,2009-12-10 12:42:00,2009-12-10 12:42:00,United Kingdom,1,1,1,111,3,Hibernating,Dormant,,Inactive (>1 yr),,
16460,28,3,811.23,2011-09-19 10:15:00,2011-11-11 13:46:00,United Kingdom,4,3,3,433,10,Potential Loyalists,Recent Developing,0.4261346298686648,Medium,202.8075,86.42329894708924
16461,177,3,1539.83,2010-03-03 13:57:00,2011-06-15 12:07:00,United Kingdom,3,3,4,334,10,Need Attention,Lapsing Mid-Value,0.803853520991265,High,35.73,28.721686305017894
16462,73,3,136.0,2011-03-01 08:58:00,2011-09-27 10:24:00,United Kingdom,3,3,1,331,7,Need Attention,Dormant,0.6934187567753528,High,34.0,23.576237730361996
16463,21,4,1422.4,2011-05-19 14:45:00,2011-11-18 14:01:00,United Kingdom,4,4,4,444,12,Loyal Customers,Recent Developing,0.3815870016694649,Medium,355.6,135.69233779366172
16464,19,3,1298.66,2011-07-20 13:53:00,2011-11-20 12:11:00,United Kingdom,5,3,4,534,12,Potential Loyalists,Recent Developing,0.41136280506605605,Medium,324.665,133.5551051067711
16465,420,2,746.24,2010-09-21 10:46:00,2010-10-15 09:27:00,United Kingdom,1,2,3,123,6,Hibernating,Dormant,,Inactive (>1 yr),,
16466,33,15,3767.09,2010-03-07 14:31:00,2011-11-06 11:35:00,United Kingdom,4,5,5,455,14,Loyal Customers,Active High-Value,0.1574327158000239,Low,398.99,62.81407927705154
16467,508,7,2869.16,2009-12-02 11:59:00,2010-07-19 11:49:00,United Kingdom,1,4,4,144,9,At Risk,Lapsing Mid-Value,,Inactive (>1 yr),,
16468,74,3,787.52,2010-08-15 13:10:00,2011-09-26 14:13:00,United Kingdom,3,3,3,333,9,Need Attention,Recent Developing,0.8551374273981306,High,18.725,16.012448328029997
16469,23,5,803.9,2010-07-13 13:17:00,2011-11-16 12:25:00,United Kingdom,4,4,3,443,11,Loyal Customers,Recent Developing,0.4612517262430871,Medium,156.355,72.11901365673788
16470,51,11,2416.85,2009-12-11 12:21:00,2011-10-19 12:11:00,United Kingdom,4,5,4,454,13,Loyal Customers,Active High-Value,0.31370344719863524,Medium,188.1925,59.03663598692916
16471,274,4,1189.98,2010-02-25 10:07:00,2011-03-10 09:41:00,United Kingdom,2,4,3,243,9,At Risk,Lapsing Mid-Value,0.7638819265612938,High,55.987500000000004,42.76783936335044
16472,434,2,789.6,2010-04-21 11:48:00,2010-10-01 13:56:00,United Kingdom,1,2,3,123,6,Hibernating,Dormant,,Inactive (>1 yr),,
16473,164,4,470.83,2010-11-30 16:29:00,2011-06-28 09:10:00,United Kingdom,3,4,2,342,9,Loyal Customers,Lapsing Mid-Value,0.6354295084061952,High,79.0275,50.21640547557059
16474,7,7,1810.49,2011-07-17 14:51:00,2011-12-02 13:02:00,United Kingdom,5,4,4,544,13,Champions,Active High-Value,0.15439980693757172,Low,452.6225,69.88482661560106
16475,88,4,544.3,2011-03-11 09:39:00,2011-09-12 14:37:00,United Kingdom,3,4,2,342,9,Loyal Customers,Lapsing Mid-Value,0.4878896384992662,Medium,136.075,66.38958255878764
16476,431,1,350.35,2010-10-04 10:29:00,2010-10-04 10:29:00,United Kingdom,1,1,2,112,4,Hibernating,Dormant,,Inactive (>1 yr),,
16477,63,11,4094.37,2010-08-12 09:43:00,2011-10-07 09:44:00,United Kingdom,3,5,5,355,13,Loyal Customers,Active High-Value,0.2479937657193346,Low,567.2025,140.6626839004209
16478,25,3,331.0,2011-10-05 12:02:00,2011-11-14 15:51:00,United Kingdom,4,3,2,432,9,Potential Loyalists,Recent Developing,0.4901974564871624,Medium,82.75,40.56383952431269
16479,10,2,300.83,2011-11-29 13:04:00,2011-11-29 13:40:00,United Kingdom,5,2,2,522,9,Potential Loyalists,Recent Developing,0.49101564694276295,Medium,75.2075,36.92805926744784
16480,75,1,769.29,2011-09-25 11:40:00,2011-09-25 11:40:00,United Kingdom,3,1,3,313,7,About to Sleep,Recent Developing,0.6912705883738044,High,192.3225,132.946887732521
16481,682,1,453.38,2010-01-26 13:09:00,2010-01-26 13:09:00,United Kingdom,1,1,2,112,4,Hibernating,Dormant,,Inactive (>1 yr),,
16482,15,1,220.62,2011-11-24 12:33:00,2011-11-24 12:33:00,United Kingdom,5,1,1,511,7,New Customers,Recent Developing,0.6445651482020062,High,55.155,35.55099074908165
16483,192,1,139.35,2011-05-31 13:08:00,2011-05-31 13:08:00,United Kingdom,2,1,1,211,4,Hibernating,Dormant,0.8362782741264911,High,34.8375,29.133844374881633
16484,173,2,404.3,2011-06-02 10:39:00,2011-06-19 12:06:00,United Kingdom,3,2,2,322,7,About to Sleep,Dormant,0.7867803589945991,High,101.075,79.5238247853791
16485,77,5,2287.19,2009-12-06 12:28:00,2011-09-23 15:50:00,United Kingdom,3,4,4,344,11,Loyal Customers,Lapsing Mid-Value,0.6469747615510772,High,90.9125,58.81809300951231
16486,537,1,134.36,2010-06-20 12:16:00,2010-06-20 12:16:00,United Kingdom,1,1,1,111,3,Hibernating,Dormant,,Inactive (>1 yr),,
16487,577,2,209.4,2010-02-18 17:36:00,2010-05-11 13:38:00,United Kingdom,1,2,1,121,4,Hibernating,Dormant,,Inactive (>1 yr),,
16488,33,3,498.8,2011-07-14 11:46:00,2011-11-06 13:42:00,United Kingdom,4,3,2,432,9,Potential Loyalists,Recent Developing,0.5201944008837063,Medium,124.7,64.86824179019817
16489,380,2,303.7,2010-09-29 15:02:00,2010-11-24 14:40:00,United Kingdom,2,2,2,222,6,Hibernating,Dormant,,Inactive (>1 yr),,
16490,436,1,205.41000000000003,2010-09-29 16:30:00,2010-09-29 16:30:00,United Kingdom,1,1,1,111,3,Hibernating,Dormant,,Inactive (>1 yr),,
16491,46,2,1533.16,2010-10-22 15:42:00,2011-10-24 10:18:00,United Kingdom,4,2,4,424,10,Potential Loyalists,Recent Developing,0.8026797295573711,High,182.875,146.79005554280425
16492,540,1,385.56,2010-06-17 08:20:00,2010-06-17 08:20:00,United Kingdom,1,1,2,112,4,Hibernating,Dormant,,Inactive (>1 yr),,
16493,79,7,2132.09,2010-03-26 13:05:00,2011-09-21 11:10:00,United Kingdom,3,4,4,344,11,Loyal Customers,Lapsing Mid-Value,0.3716962891721333,Medium,337.9075,125.59896383343265
16494,296,1,826.53,2011-02-16 12:49:00,2011-02-16 12:49:00,United Kingdom,2,1,3,213,6,Hibernating,Dormant,0.7892627745759185,High,206.6325,163.0873402675585
16495,3,3,648.26,2011-03-08 16:38:00,2011-12-06 13:20:00,United Kingdom,5,3,3,533,11,Potential Loyalists,Recent Developing,0.7602360860963033,High,162.065,123.2076612931974
16496,8,6,2330.77,2010-07-18 13:42:00,2011-12-01 10:31:00,United Kingdom,5,4,4,544,13,Champions,Active High-Value,0.4771193612691375,Medium,399.88,190.7904901843027
16497,49,23,6695.28,2009-12-03 14:11:00,2011-10-21 10:55:00,United Kingdom,4,5,5,455,14,Loyal Customers,Active High-Value,0.22607241628957048,Low,741.4225,167.61517606645407
16498,161,2,100.97,2011-06-30 19:52:00,2011-07-01 15:07:00,United Kingdom,3,2,1,321,6,About to Sleep,Dormant,0.7937807095607144,High,25.2425,20.037009561086336
16499,360,8,2578.34,2010-06-11 12:22:00,2010-12-14 13:31:00,United Kingdom,2,5,4,254,11,Can't Lose Them,Lapsing Mid-Value,0.7767780440617422,High,91.3625,70.96838405059093
16500,4,9,843.9100000000001,2010-06-14 14:54:00,2011-12-05 12:04:00,United Kingdom,5,5,3,553,13,Champions,Recent Developing,0.4015236249766116,Medium,100.215,40.23869007703113
16501,383,1,1191.23,2010-11-21 14:10:00,2010-11-21 14:10:00,United Kingdom,2,1,3,213,6,Hibernating,Dormant,,Inactive (>1 yr),,
16502,620,2,258.55,2010-03-29 13:39:00,2010-03-29 13:44:00,United Kingdom,1,2,1,121,4,Hibernating,Dormant,,Inactive (>1 yr),,
16503,106,11,3614.34,2010-06-21 14:07:00,2011-08-25 11:46:00,United Kingdom,3,5,5,355,13,Loyal Customers,Lapsing Mid-Value,0.39680736394166166,Medium,357.9825,142.0500921622459
16504,25,1,465.88,2011-11-14 15:18:00,2011-11-14 15:18:00,United Kingdom,4,1,2,412,7,Promising,Recent Developing,0.6261263411420919,High,116.47,72.92493495281944
16505,31,1,777.6,2011-11-08 12:14:00,2011-11-08 12:14:00,United Kingdom,4,1,3,413,8,Promising,Recent Developing,0.669423194093842,High,194.4,130.13586893184288
16506,19,2,90.30000000000001,2011-10-30 15:50:00,2011-11-20 12:17:00,United Kingdom,5,2,1,521,8,Potential Loyalists,Recent Developing,0.5871818009743703,Medium,22.575000000000003,13.255629156996411
16507,572,1,142.71,2010-05-16 12:56:00,2010-05-16 12:56:00,United Kingdom,1,1,1,111,3,Hibernating,Dormant,,Inactive (>1 yr),,
16508,630,1,240.95,2010-03-19 13:41:00,2010-03-19 13:41:00,United Kingdom,1,1,1,111,3,Hibernating,Dormant,,Inactive (>1 yr),,
16509,296,1,363.7,2011-02-16 09:25:00,2011-02-16 09:25:00,United Kingdom,2,1,2,212,5,Hibernating,Dormant,0.8308918763131318,High,90.925,75.5488438537715
16510,372,6,1757.25,2010-01-17 12:30:00,2010-12-02 13:39:00,United Kingdom,2,4,4,244,10,At Risk,Lapsing Mid-Value,,Inactive (>1 yr),,
16511,21,6,1758.49,2010-03-01 12:21:00,2011-11-18 10:41:00,United Kingdom,4,4,4,444,12,Loyal Customers,Recent Developing,0.44292094770280394,Medium,229.0825,101.46543800212758
16513,4,4,874.59,2011-10-27 14:56:00,2011-12-05 10:18:00,United Kingdom,5,4,3,543,12,Champions,Recent Developing,0.27555882693253786,Low,218.6475,60.250248611732076
16515,52,10,3179.06,2010-06-17 12:17:00,2011-10-18 13:10:00,United Kingdom,4,5,5,455,14,Loyal Customers,Active High-Value,0.2757001800799724,Low,406.035,111.9439226187716
16516,30,1,101.69999999999999,2011-11-09 14:59:00,2011-11-09 14:59:00,United Kingdom,4,1,1,411,6,Promising,Recent Developing,0.7346713133762409,High,25.424999999999997,18.679018142590923
16517,277,1,162.7,2011-03-07 13:50:00,2011-03-07 13:50:00,United Kingdom,2,1,1,211,4,Hibernating,Dormant,0.8485990079653455,High,40.675,34.516764648990424
16518,61,4,959.37,2010-06-01 13:31:00,2011-10-09 15:04:00,United Kingdom,3,4,3,343,10,Loyal Customers,Lapsing Mid-Value,0.6022316081945588,High,121.08,72.91820312019718
16519,25,4,436.96,2010-03-01 13:51:00,2011-11-14 15:41:00,United Kingdom,4,4,2,442,10,Loyal Customers,Recent Developing,0.7680384004380987,High,27.32,20.982809099968858
16520,186,6,2148.38,2010-03-02 16:50:00,2011-06-06 13:24:00,United Kingdom,3,4,4,344,11,Loyal Customers,Lapsing Mid-Value,0.556369902056247,Medium,180.20250000000001,100.25924727529086
16521,415,3,1136.36,2010-03-01 13:22:00,2010-10-20 13:09:00,United Kingdom,1,3,3,133,7,At Risk,Lapsing Mid-Value,,Inactive (>1 yr),,
16522,435,2,433.36,2010-09-15 13:32:00,2010-09-30 10:54:00,United Kingdom,1,2,2,122,5,Hibernating,Dormant,,Inactive (>1 yr),,
16523,1,28,11916.33,2010-01-24 13:14:00,2011-12-08 09:06:00,United Kingdom,5,5,5,555,15,Champions,Active High-Value,0.04815064871086269,Low,2354.6175000000003,113.37636009094975
16524,446,2,306.19,2010-01-17 13:16:00,2010-09-19 13:37:00,United Kingdom,1,2,2,122,5,Hibernating,Dormant,,Inactive (>1 yr),,
16525,2,48,24151.3,2009-12-02 13:53:00,2011-12-07 15:07:00,United Kingdom,5,5,5,555,15,Champions,Active High-Value,0.03241170618252339,Low,3154.0025,102.22660232894424
16526,171,2,717.21,2010-05-04 16:34:00,2011-06-21 12:02:00,United Kingdom,3,2,3,323,8,About to Sleep,Dormant,0.8336417882273853,High,72.59,60.5140574074259
16527,81,2,1232.94,2010-10-11 13:25:00,2011-09-19 16:21:00,United Kingdom,3,2,4,324,9,About to Sleep,Lapsing Mid-Value,0.8349716414925699,High,57.015,47.60590813969887
16528,3,1,244.41,2011-12-06 12:45:00,2011-12-06 12:45:00,United Kingdom,5,1,1,511,7,New Customers,Recent Developing,0.5334772761091439,Medium,61.1025,32.596795263458965
16529,190,4,1986.8,2010-06-27 13:29:00,2011-06-02 17:23:00,United Kingdom,2,4,4,244,10,At Risk,Lapsing Mid-Value,0.6971520066234898,High,113.8125,79.34461275383593
16530,668,1,48.349999999999994,2010-02-09 15:30:00,2010-02-09 15:30:00,United Kingdom,1,1,1,111,3,Hibernating,Dormant,,Inactive (>1 yr),,
16531,22,11,2298.33,2010-09-24 09:49:00,2011-11-17 16:29:00,United Kingdom,4,5,4,454,13,Loyal Customers,Active High-Value,0.18753526847312013,Low,311.1475,58.35112994724014
16532,17,5,8756.64,2010-03-29 10:26:00,2011-11-22 11:08:00,United Kingdom,5,4,5,545,14,Champions,Active High-Value,0.4914243455145283,Medium,1687.2,829.1311557521121
16533,19,3,1082.81,2011-10-02 15:07:00,2011-11-20 13:08:00,United Kingdom,5,3,3,533,11,Potential Loyalists,Recent Developing,0.4053785620427825,Medium,270.7025,109.73699019138633
16534,642,1,635.9,2010-03-07 15:47:00,2010-03-07 15:47:00,United Kingdom,1,1,3,113,5,Hibernating,Dormant,,Inactive (>1 yr),,
16535,5,2,952.04,2010-11-19 13:01:00,2011-12-04 15:18:00,United Kingdom,5,2,3,523,10,Potential Loyalists,Recent Developing,0.8850885917166862,High,148.4375,131.3803378329456
16536,110,1,548.12,2011-08-21 15:54:00,2011-08-21 15:54:00,United Kingdom,3,1,2,312,6,About to Sleep,Dormant,0.7494403153271644,High,137.03,102.69580640928133
16537,641,1,10.55,2010-03-08 13:41:00,2010-03-08 13:41:00,United Kingdom,1,1,1,111,3,Hibernating,Dormant,,Inactive (>1 yr),,
16538,541,3,395.07,2010-04-23 16:25:00,2010-06-16 16:59:00,United Kingdom,1,3,2,132,6,At Risk,Dormant,,Inactive (>1 yr),,
16539,2,10,3289.66,2010-06-25 15:24:00,2011-12-07 08:41:00,United Kingdom,5,5,5,555,15,Champions,Active High-Value,0.4841584848239142,Medium,236.615,114.55915988661047
16540,414,1,205.75,2010-10-21 17:22:00,2010-10-21 17:22:00,United Kingdom,1,1,1,111,3,Hibernating,Dormant,,Inactive (>1 yr),,
16541,735,1,424.03,2009-12-04 13:22:00,2009-12-04 13:22:00,United Kingdom,1,1,2,112,4,Hibernating,Dormant,,Inactive (>1 yr),,
16542,53,2,257.32,2010-11-03 14:44:00,2011-10-17 10:47:00,United Kingdom,4,2,1,421,7,Potential Loyalists,Recent Developing,0.8570038044606958,High,29.905,25.628698772397108
16543,591,1,292.21,2010-04-27 11:38:00,2010-04-27 11:38:00,United Kingdom,1,1,2,112,4,Hibernating,Dormant,,Inactive (>1 yr),,
16544,519,4,376.70000000000005,2010-02-15 13:20:00,2010-07-08 11:11:00,United Kingdom,1,4,2,142,7,At Risk,Dormant,,Inactive (>1 yr),,
16545,164,2,689.82,2010-11-29 10:39:00,2011-06-28 10:37:00,United Kingdom,3,2,3,323,8,About to Sleep,Dormant,0.8038233551418805,High,84.825,68.18431609991002
16546,290,5,5307.07,2010-09-23 15:43:00,2011-02-22 11:20:00,United Kingdom,2,4,5,245,11,At Risk,Lapsing Mid-Value,0.8025439788097867,High,121.9375,97.86020641611836
16547,546,1,104.25999999999999,2010-06-11 13:02:00,2010-06-11 13:02:00,United Kingdom,1,1,1,111,3,Hibernating,Dormant,,Inactive (>1 yr),,
16548,599,1,30.15,2010-04-19 16:15:00,2010-04-19 16:15:00,United Kingdom,1,1,1,111,3,Hibernating,Dormant,,Inactive (>1 yr),,
16549,10,34,12781.8,2010-03-28 15:45:00,2011-11-29 15:06:00,United Kingdom,5,5,5,555,15,Champions,Active High-Value,0.06628145275358564,Low,1008.725,66.85975842886067
16550,108,18,8807.68,2009-12-02 11:24:00,2011-08-23 11:12:00,United Kingdom,3,5,5,355,13,Loyal Customers,Active High-Value,0.33114404962647165,Medium,436.0775,144.4044693009877
16551,95,7,2237.12,2009-12-13 16:12:00,2011-09-05 09:38:00,United Kingdom,3,4,4,344,11,Loyal Customers,Lapsing Mid-Value,0.46377684323225443,Medium,230.53,106.91447567033161
16552,242,2,379.73,2010-12-01 12:36:00,2011-04-11 10:04:00,United Kingdom,2,2,2,222,6,Hibernating,Dormant,0.7733218010991075,High,71.11000000000001,54.99091327615755
16553,163,33,16584.01,2010-02-11 18:46:00,2011-06-29 15:42:00,United Kingdom,3,5,5,355,13,Loyal Customers,Active High-Value,0.4182436512525672,Medium,1429.955,598.0696003268647
16554,42,8,2841.72,2009-12-15 09:42:00,2011-10-28 14:51:00,United Kingdom,4,5,4,454,13,Loyal Customers,Lapsing Mid-Value,0.41443106266311314,Medium,209.275,86.730060638823
16555,35,6,1915.68,2010-07-22 13:39:00,2011-11-04 14:31:00,United Kingdom,4,4,4,444,12,Loyal Customers,Lapsing Mid-Value,0.7534995468382346,High,71.4725,53.85449636139572
16556,66,17,8012.58,2009-12-07 10:51:00,2011-10-04 11:36:00,United Kingdom,3,5,5,355,13,Loyal Customers,Active High-Value,0.1792258030270939,Low,828.4475,148.47916845328837
16557,24,2,281.85,2011-07-25 13:28:00,2011-11-15 14:04:00,United Kingdom,4,2,1,421,7,Potential Loyalists,Recent Developing,0.7209136587681549,High,70.4625,50.79737868095112
16558,0,38,13304.11,2009-12-03 18:11:00,2011-12-09 10:20:00,United Kingdom,5,5,5,555,15,Champions,Active High-Value,0.046665841330157484,Low,1942.2725,90.6377803049283
16559,397,1,175.0,2010-11-07 13:52:00,2010-11-07 13:52:00,United Kingdom,2,1,1,211,4,Hibernating,Dormant,,Inactive (>1 yr),,
16560,26,8,3048.38,2009-12-08 12:05:00,2011-11-13 10:35:00,United Kingdom,4,5,5,455,14,Loyal Customers,Active High-Value,0.45906675408570197,Medium,210.3525,96.56583938881262
16561,5,2,511.12,2011-10-11 09:53:00,2011-12-04 11:50:00,United Kingdom,5,2,2,522,9,Potential Loyalists,Recent Developing,0.6219462541780558,High,127.78,79.47229235887197
16562,476,1,223.85999999999999,2010-08-20 11:45:00,2010-08-20 11:45:00,United Kingdom,1,1,1,111,3,Hibernating,Dormant,,Inactive (>1 yr),,
16563,53,6,4412.56,2009-12-01 18:35:00,2011-10-17 11:51:00,United Kingdom,4,4,5,445,13,Loyal Customers,Lapsing Mid-Value,0.5481680756482648,Medium,269.435,147.6956654622902
16564,569,1,87.8,2010-05-19 14:41:00,2010-05-19 14:41:00,United Kingdom,1,1,1,111,3,Hibernating,Dormant,,Inactive (>1 yr),,
16565,364,4,773.05,2010-06-02 12:47:00,2010-12-10 15:21:00,United Kingdom,2,4,3,243,9,At Risk,Lapsing Mid-Value,0.8212764339482466,High,43.425,35.663929144202605
16566,15,5,614.66,2011-02-20 10:29:00,2011-11-24 16:34:00,United Kingdom,5,4,3,543,12,Champions,Recent Developing,0.3745281727819719,Medium,153.665,57.551871670541715
16567,194,2,865.6,2011-01-07 09:31:00,2011-05-29 13:57:00,United Kingdom,2,2,3,223,7,Hibernating,Lapsing Mid-Value,0.6790648952825543,High,216.4,146.94964333914476
16568,427,2,1020.9000000000001,2010-03-08 14:51:00,2010-10-08 10:54:00,United Kingdom,1,2,3,123,6,Hibernating,Dormant,,Inactive (>1 yr),,
16569,3,5,1455.23,2009-12-16 15:05:00,2011-12-06 15:32:00,United Kingdom,5,4,4,544,13,Champions,Recent Developing,0.8345420411249757,High,31.05,25.912530376930494
16570,15,20,7434.31,2010-03-30 09:32:00,2011-11-24 17:02:00,United Kingdom,5,5,5,555,15,Champions,Active High-Value,0.1039741774570997,Low,934.6,97.17426625140538
16571,26,10,4248.74,2010-03-18 09:12:00,2011-11-13 11:46:00,United Kingdom,4,5,5,455,14,Loyal Customers,Active High-Value,0.30238168715248626,Medium,355.4225,107.47325520195454
16572,127,3,1009.6,2011-03-09 12:04:00,2011-08-04 16:34:00,United Kingdom,3,3,3,333,9,Need Attention,Lapsing Mid-Value,0.5699670135338307,Medium,252.4,143.85967421593887
16573,84,2,663.61,2011-02-22 15:14:00,2011-09-16 09:13:00,United Kingdom,3,2,3,323,8,About to Sleep,Recent Developing,0.6914432270641502,High,165.9025,114.71215997801018
16574,71,3,1301.78,2010-02-19 11:46:00,2011-09-29 13:39:00,United Kingdom,3,3,4,334,10,Need Attention,Lapsing Mid-Value,0.7372736269891487,High,112.86,83.20870154199532
16576,420,2,540.87,2010-07-06 10:42:00,2010-10-15 13:37:00,United Kingdom,1,2,2,122,5,Hibernating,Dormant,,Inactive (>1 yr),,
16577,666,1,380.0,2010-02-11 09:45:00,2010-02-11 09:45:00,United Kingdom,1,1,2,112,4,Hibernating,Dormant,,Inactive (>1 yr),,
16578,626,1,156.6,2010-03-23 15:11:00,2010-03-23 15:11:00,United Kingdom,1,1,1,111,3,Hibernating,Dormant,,Inactive (>1 yr),,
16579,425,1,295.05,2010-10-10 11:58:00,2010-10-10 11:58:00,United Kingdom,1,1,2,112,4,Hibernating,Dormant,,Inactive (>1 yr),,
16581,182,1,105.84,2011-06-10 10:05:00,2011-06-10 10:05:00,United Kingdom,3,1,1,311,5,About to Sleep,Dormant,0.8643619371033844,High,26.46,22.871016855755553
16582,113,1,313.62,2011-08-18 17:02:00,2011-08-18 17:02:00,United Kingdom,3,1,2,312,6,About to Sleep,Dormant,0.7970570467524966,High,78.405,62.493257750629496
16583,373,2,297.95,2010-02-04 12:18:00,2010-12-01 12:03:00,United Kingdom,2,2,2,222,6,Hibernating,Dormant,,Inactive (>1 yr),,
16584,80,5,3156.17,2010-02-16 10:41:00,2011-09-20 13:45:00,United Kingdom,3,4,5,345,12,Loyal Customers,Lapsing Mid-Value,0.5429533437987231,Medium,234.02,127.06194151577718
16585,593,2,341.59,2010-01-13 13:31:00,2010-04-25 10:34:00,United Kingdom,1,2,2,122,5,Hibernating,Dormant,,Inactive (>1 yr),,
16586,248,3,1462.78,2010-03-14 11:24:00,2011-04-05 09:32:00,United Kingdom,2,3,4,234,9,At Risk,Lapsing Mid-Value,0.7546216140894243,High,115.9875,87.5266744641971
16587,232,1,225.15,2011-04-21 15:51:00,2011-04-21 15:51:00,United Kingdom,2,1,1,211,4,Hibernating,Dormant,0.8343052772660984,High,56.2875,46.960958294115514
16588,386,4,1361.28,2010-05-14 13:43:00,2010-11-18 17:56:00,United Kingdom,2,4,4,244,10,At Risk,Lapsing Mid-Value,,Inactive (>1 yr),,
16589,71,4,612.36,2010-09-15 14:56:00,2011-09-29 14:50:00,United Kingdom,3,4,3,343,10,Loyal Customers,Recent Developing,0.5493155434642115,Medium,114.81,63.066917545126124
16590,400,2,605.9,2010-10-21 12:09:00,2010-11-04 09:06:00,United Kingdom,2,2,3,223,7,Hibernating,Dormant,,Inactive (>1 yr),,
16591,68,1,213.5,2011-10-02 10:43:00,2011-10-02 10:43:00,United Kingdom,3,1,1,311,5,About to Sleep,Dormant,0.7530710206310063,High,53.375,40.19516572617996
16592,4,28,7807.91,2009-12-18 15:57:00,2011-12-05 13:49:00,United Kingdom,5,5,5,555,15,Champions,Active High-Value,0.061793199346314345,Low,1028.42,63.5493620717366
16593,50,8,1071.1399999999999,2009-12-05 10:44:00,2011-10-20 12:41:00,United Kingdom,4,5,3,453,12,Loyal Customers,Lapsing Mid-Value,0.4740868564168708,Medium,82.5075,39.115721305814965
16594,75,1,181.09,2011-09-25 14:08:00,2011-09-25 14:08:00,United Kingdom,3,1,1,311,5,About to Sleep,Dormant,0.7411024926539842,High,45.2725,33.5515625986775
16595,61,5,1757.75,2010-01-17 12:12:00,2011-10-09 13:15:00,United Kingdom,3,4,4,344,11,Loyal Customers,Lapsing Mid-Value,0.6101957919700796,High,90.04,54.94202910898597
16596,15,4,458.98,2009-12-10 13:09:00,2011-11-24 10:02:00,United Kingdom,5,4,2,542,11,Champions,Recent Developing,0.7962779646961835,High,32.375,25.77949910703894
16597,4,1,90.04,2011-12-05 15:44:00,2011-12-05 15:44:00,United Kingdom,5,1,1,511,7,New Customers,Recent Developing,0.6081761351414705,High,22.51,13.690044802034501
16598,285,1,145.04999999999998,2011-02-27 11:42:00,2011-02-27 11:42:00,United Kingdom,2,1,1,211,4,Hibernating,Dormant,0.8591568032829163,High,36.262499999999996,31.15517357904675
16599,385,1,172.8,2010-11-19 12:45:00,2010-11-19 12:45:00,United Kingdom,2,1,1,211,4,Hibernating,Dormant,,Inactive (>1 yr),,
16600,4,13,2153.41,2009-12-18 12:59:00,2011-12-05 16:00:00,United Kingdom,5,5,4,554,14,Champions,Active High-Value,0.2621507273387248,Low,203.38,53.31621492614985
16601,40,3,675.83,2010-03-26 13:39:00,2011-10-30 11:09:00,United Kingdom,4,3,3,433,10,Potential Loyalists,Recent Developing,0.7783413204413011,High,60.3825,46.998194781546864
16602,36,2,763.33,2010-11-16 09:13:00,2011-11-03 15:54:00,United Kingdom,4,2,3,423,9,Potential Loyalists,Recent Developing,0.8215538394827361,High,132.02,108.46153788851083
16603,74,2,482.47,2011-09-09 13:02:00,2011-09-26 10:06:00,United Kingdom,3,2,2,322,7,About to Sleep,Recent Developing,0.6872635049812559,High,120.6175,82.89600581207664
16604,562,2,432.45,2010-05-20 16:34:00,2010-05-26 09:10:00,United Kingdom,1,2,2,122,5,Hibernating,Dormant,,Inactive (>1 yr),,
16605,724,1,60.48,2009-12-15 19:03:00,2009-12-15 19:03:00,United Kingdom,1,1,1,111,3,Hibernating,Dormant,,Inactive (>1 yr),,
16606,404,2,357.66,2010-10-01 13:21:00,2010-10-31 13:57:00,United Kingdom,2,2,2,222,6,Hibernating,Dormant,,Inactive (>1 yr),,
16607,17,25,5706.87,2010-04-29 14:01:00,2011-11-22 10:24:00,United Kingdom,5,5,5,555,15,Champions,Active High-Value,0.07016583793803718,Low,836.9275,58.72371933088662
16608,453,2,1286.6200000000001,2010-02-14 11:57:00,2010-09-12 11:44:00,United Kingdom,1,2,4,124,7,Hibernating,Lapsing Mid-Value,,Inactive (>1 yr),,
16609,15,7,5493.46,2011-04-01 10:11:00,2011-11-24 13:32:00,United Kingdom,5,4,5,545,14,Champions,Active High-Value,0.22056806171231896,Low,1373.365,302.92045607353896
16610,219,1,75.66,2011-05-04 13:13:00,2011-05-04 13:13:00,United Kingdom,2,1,1,211,4,Hibernating,Dormant,0.8681026311226441,High,18.915,16.42016126768481
16611,186,6,1785.13,2010-03-10 16:07:00,2011-06-06 15:46:00,United Kingdom,3,4,4,344,11,Loyal Customers,Lapsing Mid-Value,0.7735495061160048,High,32.3725,25.041731386740366
16612,32,9,3245.43,2009-12-03 15:54:00,2011-11-07 07:38:00,United Kingdom,4,5,5,455,14,Loyal Customers,Active High-Value,0.35137071287684807,Medium,296.915,104.32723521382935
16613,70,1,618.59,2011-09-30 15:52:00,2011-09-30 15:52:00,United Kingdom,3,1,3,313,7,About to Sleep,Recent Developing,0.7029790546893635,High,154.6475,108.71395336007335
16614,182,3,1179.79,2010-05-10 15:18:00,2011-06-10 11:36:00,United Kingdom,3,3,3,333,9,Need Attention,Lapsing Mid-Value,0.728980629210446,High,126.5475,92.25067617500892
16615,626,1,291.5,2010-03-23 15:13:00,2010-03-23 15:13:00,United Kingdom,1,1,2,112,4,Hibernating,Dormant,,Inactive (>1 yr),,
16616,15,2,500.42,2011-07-05 13:38:00,2011-11-24 16:31:00,United Kingdom,5,2,2,522,9,Potential Loyalists,Recent Developing,0.7306047324082567,High,125.105,91.40230504793496
16617,235,1,151.85,2011-04-18 10:35:00,2011-04-18 10:35:00,United Kingdom,2,1,1,211,4,Hibernating,Dormant,0.8544953238830962,High,37.9625,32.43877873291204
16618,31,5,2647.59,2011-01-21 11:55:00,2011-11-08 13:52:00,United Kingdom,4,4,4,444,12,Loyal Customers,Lapsing Mid-Value,0.3863174651283362,Medium,661.8975,255.70256437478292
16619,263,4,1938.33,2010-02-22 12:05:00,2011-03-21 08:18:00,United Kingdom,2,4,4,244,10,At Risk,Lapsing Mid-Value,0.7656213502369291,High,56.5525,43.29780140927394
16620,3,6,1758.93,2009-12-01 14:35:00,2011-12-06 12:19:00,United Kingdom,5,4,4,544,13,Champions,Recent Developing,0.7344493428847491,High,44.74,32.859263600663674
16621,51,4,813.48,2011-03-07 11:32:00,2011-10-19 11:38:00,United Kingdom,4,4,3,443,11,Loyal Customers,Recent Developing,0.46086561568504525,Medium,203.37,93.72624026186766
16622,543,1,225.4,2010-06-14 10:44:00,2010-06-14 10:44:00,United Kingdom,1,1,1,111,3,Hibernating,Dormant,,Inactive (>1 yr),,
16623,245,4,1015.24,2010-04-26 14:04:00,2011-04-08 10:09:00,United Kingdom,2,4,3,243,9,At Risk,Lapsing Mid-Value,0.7907732005413519,High,32.3625,25.591397702519497
16624,80,2,810.5699999999999,2011-05-26 14:20:00,2011-09-20 12:39:00,United Kingdom,3,2,3,323,8,About to Sleep,Recent Developing,0.6299638458976436,High,202.64249999999998,127.65744864231324
16625,274,5,1654.03,2010-06-14 11:56:00,2011-03-10 12:50:00,United Kingdom,2,4,4,244,10,At Risk,Lapsing Mid-Value,0.7250183712007622,High,83.27,60.37227976988746
16626,0,17,4413.1,2011-03-18 12:27:00,2011-12-09 11:56:00,United Kingdom,5,5,5,555,15,Champions,Active High-Value,0.08621117976290218,Low,1103.275,95.11463935291592
16627,79,1,322.8,2011-09-21 14:38:00,2011-09-21 14:38:00,United Kingdom,3,1,2,312,6,About to Sleep,Dormant,0.7392278556659337,High,80.7,59.655687952240854
16628,29,7,2318.1,2010-03-08 12:24:00,2011-11-10 12:45:00,United Kingdom,4,4,4,444,12,Loyal Customers,Lapsing Mid-Value,0.3134068115773141,Medium,547.0125,171.43744351793555
16629,73,2,408.63,2011-09-04 16:12:00,2011-09-27 10:34:00,United Kingdom,3,2,2,322,7,About to Sleep,Recent Developing,0.6846331024430427,High,102.1575,69.94040616282513
16630,407,1,106.80000000000001,2010-10-28 14:30:00,2010-10-28 14:30:00,United Kingdom,2,1,1,211,4,Hibernating,Dormant,,Inactive (>1 yr),,
16631,481,7,1892.52,2010-02-26 10:49:00,2010-08-15 11:20:00,United Kingdom,1,4,4,144,9,At Risk,Lapsing Mid-Value,,Inactive (>1 yr),,
16632,485,2,406.4,2010-05-07 16:46:00,2010-08-11 11:39:00,United Kingdom,1,2,2,122,5,Hibernating,Dormant,,Inactive (>1 yr),,
16633,17,6,2883.1,2011-04-19 14:36:00,2011-11-22 13:41:00,United Kingdom,5,4,5,545,14,Champions,Active High-Value,0.194534480318762,Low,720.775,140.21559005175567
16634,222,6,1649.81,2010-01-21 09:30:00,2011-05-01 12:09:00,United Kingdom,2,4,4,244,10,At Risk,Lapsing Mid-Value,0.8260795938491767,High,13.275,10.966206608347822
16635,406,1,473.0,2010-10-29 09:41:00,2010-10-29 09:41:00,United Kingdom,2,1,2,212,5,Hibernating,Dormant,,Inactive (>1 yr),,
16636,438,4,3802.04,2010-03-03 14:06:00,2010-09-27 13:13:00,United Kingdom,1,4,5,145,10,At Risk,Lapsing Mid-Value,,Inactive (>1 yr),,
16637,32,4,1154.47,2011-04-28 10:20:00,2011-11-07 13:17:00,United Kingdom,4,4,3,443,11,Loyal Customers,Recent Developing,0.3687611601375756,Medium,288.6175,106.43092413600672
16638,22,15,2380.13,2010-08-18 13:33:00,2011-11-17 11:09:00,United Kingdom,4,5,4,454,13,Loyal Customers,Active High-Value,0.19487483007734782,Low,407.58,79.42708324292542
16639,31,4,1747.98,2010-10-26 18:23:00,2011-11-08 13:20:00,United Kingdom,4,4,4,444,12,Loyal Customers,Recent Developing,0.5105903923119026,Medium,314.3775,160.51813105903517
16640,397,1,179.4,2010-11-07 10:48:00,2010-11-07 10:48:00,United Kingdom,2,1,1,211,4,Hibernating,Dormant,,Inactive (>1 yr),,
16641,105,2,554.5,2010-01-07 12:22:00,2011-08-26 12:49:00,United Kingdom,3,2,2,322,7,About to Sleep,Dormant,0.870315698728275,High,57.775000000000006,50.282489494026095
16642,4,3,1077.45,2010-10-20 14:22:00,2011-12-05 11:31:00,United Kingdom,5,3,3,533,11,Potential Loyalists,Recent Developing,0.7708563567389523,High,172.0825,132.65088900853075
16643,245,2,923.11,2010-10-13 09:47:00,2011-04-08 08:24:00,United Kingdom,2,2,3,223,7,Hibernating,Dormant,0.759928538623619,High,121.8775,92.61819046610012
16644,177,2,833.78,2011-05-11 12:53:00,2011-06-15 12:39:00,United Kingdom,3,2,3,323,8,About to Sleep,Dormant,0.6369694620827699,High,208.445,132.77309952384297
16645,735,1,160.39,2009-12-04 09:49:00,2009-12-04 09:49:00,United Kingdom,1,1,1,111,3,Hibernating,Dormant,,Inactive (>1 yr),,
16646,449,1,678.8,2010-09-16 13:28:00,2010-09-16 13:28:00,United Kingdom,1,1,3,113,5,Hibernating,Dormant,,Inactive (>1 yr),,
16647,169,4,541.9,2010-06-13 15:52:00,2011-06-23 11:47:00,United Kingdom,3,4,2,342,9,Loyal Customers,Lapsing Mid-Value,0.6975026200478407,High,53.515,37.3268527118602
16648,42,3,672.8,2010-04-28 14:58:00,2011-10-28 08:58:00,United Kingdom,4,3,3,433,10,Potential Loyalists,Recent Developing,0.7683012723179289,High,72.66499999999999,55.8286119529823
16649,520,1,306.58000000000004,2010-07-07 15:41:00,2010-07-07 15:41:00,United Kingdom,1,1,2,112,4,Hibernating,Dormant,,Inactive (>1 yr),,
16650,71,7,1916.11,2010-07-08 14:18:00,2011-09-29 09:51:00,United Kingdom,3,4,4,344,11,Loyal Customers,Lapsing Mid-Value,0.5960100414328684,Medium,129.605,77.24588141990691
16651,586,1,136.2,2010-05-02 11:46:00,2010-05-02 11:46:00,United Kingdom,1,1,1,111,3,Hibernating,Dormant,,Inactive (>1 yr),,
16652,58,16,17550.39,2010-03-17 10:22:00,2011-10-12 09:38:00,United Kingdom,4,5,5,455,14,Loyal Customers,Active High-Value,0.20515384759678448,Low,1693.4925,347.42650225129756
16653,16,2,1212.66,2011-09-29 13:38:00,2011-11-23 14:51:00,United Kingdom,5,2,4,524,11,Potential Loyalists,Recent Developing,0.5242758159346118,Medium,303.165,158.9420777378166
16654,141,8,1484.07,2010-04-06 13:29:00,2011-07-21 15:23:00,United Kingdom,3,5,4,354,12,Loyal Customers,Lapsing Mid-Value,0.5397210045595775,Medium,93.4675,50.44637299367231
16655,17,13,6423.26,2010-01-31 15:40:00,2011-11-22 11:25:00,United Kingdom,5,5,5,555,15,Champions,Active High-Value,0.12873580218314515,Low,947.38,121.96172427226804
16656,22,30,16833.170000000002,2009-12-04 12:59:00,2011-11-17 14:43:00,United Kingdom,4,5,5,455,14,Loyal Customers,Active High-Value,0.061563018617980816,Low,2156.45,132.7575714987447
16657,9,4,874.43,2011-03-30 12:02:00,2011-11-30 11:48:00,United Kingdom,5,4,3,543,12,Champions,Recent Developing,0.4781763449114239,Medium,218.6075,104.5329353202241
16658,368,5,680.83,2010-03-30 16:24:00,2010-12-06 13:47:00,United Kingdom,2,4,3,243,9,At Risk,Lapsing Mid-Value,,Inactive (>1 yr),,
16659,189,1,39.12,2011-06-03 15:03:00,2011-06-03 15:03:00,United Kingdom,2,2,1,221,5,Hibernating,Dormant,0.8851077834246173,High,9.78,8.656354121892756
16660,16,7,1879.55,2010-01-14 11:09:00,2011-11-23 14:53:00,United Kingdom,5,4,4,544,13,Champions,Active High-Value,0.43067692355259,Medium,316.91249999999997,136.48690053536018
16661,540,4,932.76,2009-12-17 15:39:00,2010-06-17 15:24:00,United Kingdom,1,4,3,143,8,At Risk,Lapsing Mid-Value,,Inactive (>1 yr),,
16662,394,1,151.05,2010-11-10 16:56:00,2010-11-10 16:56:00,United Kingdom,2,2,1,221,5,Hibernating,Dormant,,Inactive (>1 yr),,
16663,729,1,165.0,2009-12-10 13:12:00,2009-12-10 13:12:00,United Kingdom,1,2,1,121,4,Hibernating,Dormant,,Inactive (>1 yr),,
16664,569,1,109.2,2010-05-19 17:11:00,2010-05-19 17:11:00,United Kingdom,1,2,1,121,4,Hibernating,Dormant,,Inactive (>1 yr),,
16665,362,1,135.39999999999998,2010-12-12 14:03:00,2010-12-12 14:03:00,United Kingdom,2,2,1,221,5,Hibernating,Dormant,0.8692623037526638,High,33.849999999999994,29.424528982027663
16666,19,2,217.71,2010-03-28 15:13:00,2011-11-20 14:01:00,United Kingdom,5,2,1,521,8,Potential Loyalists,Recent Developing,0.9074292688872935,High,29.745,26.991483603052544
16667,68,2,567.1800000000001,2011-02-28 12:57:00,2011-10-02 15:26:00,United Kingdom,3,2,2,322,7,About to Sleep,Recent Developing,0.7030734079771835,High,141.79500000000002,99.69229388412475
16668,15,13,862.42,2010-03-18 18:25:00,2011-11-24 17:43:00,United Kingdom,5,5,3,553,13,Champions,Active High-Value,0.286814962490316,Low,76.67999999999999,21.99297132375743
16669,23,2,1344.48,2011-09-22 14:13:00,2011-11-16 12:26:00,United Kingdom,4,2,4,424,10,Potential Loyalists,Recent Developing,0.48773917010142154,Medium,336.12,163.93888985448982
16670,16,20,8030.150000000001,2009-12-10 15:28:00,2011-11-23 09:34:00,United Kingdom,5,5,5,555,15,Champions,Active High-Value,0.0910405632509054,Low,1023.975,93.22326075484585
16671,28,3,1692.27,2011-06-28 11:20:00,2011-11-11 13:40:00,United Kingdom,4,3,4,434,11,Potential Loyalists,Recent Developing,0.5414258844533959,Medium,423.0675,229.05969537098707
16672,2,20,8134.9400000000005,2011-03-18 10:15:00,2011-12-07 16:29:00,United Kingdom,5,5,5,555,15,Champions,Active High-Value,0.0905436840012214,Low,2033.7350000000001,184.141859182224
16673,679,1,171.13,2010-01-29 14:22:00,2010-01-29 14:22:00,United Kingdom,1,2,1,121,4,Hibernating,Dormant,,Inactive (>1 yr),,
16674,54,2,304.24,2011-09-02 13:59:00,2011-10-16 11:31:00,United Kingdom,4,2,2,422,8,Potential Loyalists,Recent Developing,0.5907555100346208,Medium,76.06,44.932864093233256
16675,441,2,608.86,2010-08-18 13:11:00,2010-09-24 12:15:00,United Kingdom,1,2,3,123,6,Hibernating,Dormant,,Inactive (>1 yr),,
16676,33,6,2361.9,2010-10-17 13:07:00,2011-11-06 12:01:00,United Kingdom,4,4,4,444,12,Loyal Customers,Lapsing Mid-Value,0.3519031796061613,Medium,398.03000000000003,140.06802257864038
16677,411,2,880.62,2010-02-25 16:11:00,2010-10-24 14:53:00,United Kingdom,1,2,3,123,6,Hibernating,Dormant,,Inactive (>1 yr),,
16678,2,12,3109.99,2011-03-02 09:24:00,2011-12-07 12:17:00,United Kingdom,5,5,5,555,15,Champions,Active High-Value,0.1305233042394953,Low,777.4975,101.48154273794698
16679,366,3,663.31,2010-06-10 18:35:00,2010-12-08 13:51:00,United Kingdom,2,3,3,233,8,At Risk,Dormant,,Inactive (>1 yr),,
16680,43,3,821.45,2010-06-23 09:30:00,2011-10-27 17:35:00,United Kingdom,4,3,3,433,10,Potential Loyalists,Recent Developing,0.8418178483354186,High,45.925,38.660484684804096
16681,72,7,1921.84,2010-03-08 14:10:00,2011-09-28 11:11:00,United Kingdom,3,4,4,344,11,Loyal Customers,Lapsing Mid-Value,0.3215992619641751,Medium,442.585,142.33500935641442
16682,4,5,1028.0,2011-06-05 11:02:00,2011-12-05 12:13:00,United Kingdom,5,4,3,543,12,Champions,Recent Developing,0.35124666151866524,Medium,257.0,90.27039201029696
16683,533,1,320.25,2010-06-24 10:36:00,2010-06-24 10:36:00,United Kingdom,1,2,2,122,5,Hibernating,Dormant,,Inactive (>1 yr),,
16684,4,55,147142.77,2009-12-07 12:56:00,2011-12-05 14:06:00,United Kingdom,5,5,5,555,15,Champions,Active High-Value,0.022835986873174844,Low,16663.39,380.52495530259296
16685,61,2,324.24,2011-10-09 13:44:00,2011-10-09 13:58:00,United Kingdom,3,2,2,322,7,About to Sleep,Recent Developing,0.6577744710769636,High,81.06,53.31919862549867
16686,47,16,4881.07,2009-12-06 15:48:00,2011-10-23 13:49:00,United Kingdom,4,5,5,455,14,Loyal Customers,Active High-Value,0.1626262904516755,Low,739.97,120.33857614552633
16687,390,1,157.63,2010-11-14 11:46:00,2010-11-14 11:46:00,United Kingdom,2,2,1,221,5,Hibernating,Dormant,,Inactive (>1 yr),,
16688,1,4,1260.86,2011-10-10 12:23:00,2011-12-08 15:24:00,United Kingdom,5,4,4,544,13,Champions,Recent Developing,0.3261644018881275,Medium,315.215,102.8119119411661
16689,75,2,422.59999999999997,2011-09-18 13:29:00,2011-09-25 11:39:00,United Kingdom,3,2,2,322,7,About to Sleep,Recent Developing,0.7112229114638623,High,105.64999999999999,75.14070059615705
16690,72,4,353.03,2010-09-14 15:00:00,2011-09-28 15:02:00,United Kingdom,3,4,2,342,9,Loyal Customers,Recent Developing,0.6341177764985773,High,56.394999999999996,35.76107200563726
16691,418,2,178.83,2010-05-27 14:55:00,2010-10-17 15:03:00,United Kingdom,1,2,1,121,4,Hibernating,Dormant,,Inactive (>1 yr),,
16692,256,4,1764.6999999999998,2010-09-24 11:31:00,2011-03-28 14:46:00,United Kingdom,2,4,4,244,10,At Risk,Lapsing Mid-Value,0.6736527329877043,High,281.5,189.63324433603879
16693,68,5,1179.48,2010-02-21 12:42:00,2011-10-02 11:10:00,United Kingdom,3,4,3,343,10,Loyal Customers,Lapsing Mid-Value,0.5451897704989384,Medium,119.465,65.13109593265567
16694,723,1,98.30000000000001,2009-12-16 15:45:00,2009-12-16 15:45:00,United Kingdom,1,2,1,121,4,Hibernating,Dormant,,Inactive (>1 yr),,
16695,561,2,191.9,2010-05-27 12:24:00,2010-05-27 12:36:00,United Kingdom,1,2,1,121,4,Hibernating,Dormant,,Inactive (>1 yr),,
16696,135,4,657.9000000000001,2011-04-05 15:20:00,2011-07-27 14:23:00,United Kingdom,3,4,3,343,10,Loyal Customers,Lapsing Mid-Value,0.6393780145129955,High,164.47500000000002,105.16169893702495
16697,241,1,112.75,2011-04-12 17:12:00,2011-04-12 17:12:00,United Kingdom,2,2,1,221,5,Hibernating,Dormant,0.8513633110621102,High,28.1875,23.99780333056323
16698,226,2,1998.0,2011-03-31 13:33:00,2011-04-27 10:52:00,United Kingdom,2,2,4,224,8,Hibernating,Lapsing Mid-Value,0.6601847606025013,High,499.5,329.7622879209494
16699,380,7,994.6,2009-12-04 13:31:00,2010-11-24 14:38:00,United Kingdom,2,4,3,243,9,At Risk,Lapsing Mid-Value,,Inactive (>1 yr),,
16700,8,25,8830.77,2009-12-02 10:51:00,2011-12-01 11:00:00,United Kingdom,5,5,5,555,15,Champions,Active High-Value,0.060788749400453986,Low,1184.9025,72.02874113647142
16701,8,26,9916.73,2009-12-01 19:19:00,2011-12-01 11:10:00,United Kingdom,5,5,5,555,15,Champions,Active High-Value,0.06759027874836415,Low,1349.575,91.21815044182355
16702,415,4,1109.53,2009-12-07 16:40:00,2010-10-20 14:10:00,United Kingdom,1,4,3,143,8,At Risk,Lapsing Mid-Value,,Inactive (>1 yr),,
16704,618,2,664.16,2010-02-05 14:14:00,2010-03-31 14:02:00,United Kingdom,1,2,3,123,6,Hibernating,Dormant,,Inactive (>1 yr),,
16705,0,42,43515.05,2009-12-09 13:34:00,2011-12-09 12:08:00,United Kingdom,5,5,5,555,15,Champions,Active High-Value,0.04010648373134964,Low,3508.7475,140.72352452616371
16706,37,3,531.35,2011-08-17 15:53:00,2011-11-02 13:50:00,United Kingdom,4,3,2,432,9,Potential Loyalists,Recent Developing,0.4650611853735571,Medium,132.8375,61.7775652120599
16707,400,4,533.41,2010-03-09 15:16:00,2010-11-04 14:39:00,United Kingdom,2,4,2,242,8,At Risk,Lapsing Mid-Value,,Inactive (>1 yr),,
16708,45,1,656.63,2011-10-25 12:20:00,2011-10-25 12:20:00,United Kingdom,4,2,3,423,9,Potential Loyalists,Recent Developing,0.6723717127666863,High,164.1575,110.3748594384973
16709,84,14,9056.01,2009-12-09 13:16:00,2011-09-16 10:56:00,United Kingdom,3,5,5,355,13,Loyal Customers,Active High-Value,0.2784675658869689,Low,757.4675,210.9301309634876
16710,19,22,5921.35,2009-12-04 13:41:00,2011-11-20 14:50:00,United Kingdom,5,5,5,555,15,Champions,Active High-Value,0.11605951917259669,Low,524.3925,60.86074140771591
16711,3,9,2868.48,2009-12-02 13:22:00,2011-12-06 16:32:00,United Kingdom,5,5,4,554,14,Champions,Active High-Value,0.38457387367851736,Medium,412.7575,158.73575066486063
16712,9,13,4225.22,2010-11-03 15:45:00,2011-11-30 13:48:00,United Kingdom,5,5,5,555,15,Champions,Active High-Value,0.14835478825897522,Low,900.915,133.65505406433465
16713,18,32,14115.56,2009-12-15 12:49:00,2011-11-21 12:36:00,United Kingdom,5,5,5,555,15,Champions,Active High-Value,0.058647832592578254,Low,1624.0875,95.24921181569894
16714,317,3,1482.33,2010-02-07 11:17:00,2011-01-26 13:46:00,United Kingdom,2,3,4,234,9,At Risk,Lapsing Mid-Value,0.7338165885146417,High,278.515,204.37892715015542
16715,78,2,625.52,2010-05-26 12:35:00,2011-09-22 18:15:00,United Kingdom,3,2,3,323,8,About to Sleep,Recent Developing,0.8419218236013619,High,75.42999999999999,63.50616315425072
16716,266,3,2149.6800000000003,2010-03-19 11:05:00,2011-03-18 10:03:00,United Kingdom,2,3,4,234,9,At Risk,Lapsing Mid-Value,0.7339426821637361,High,225.3,165.35728629148977
16717,23,14,6663.68,2009-12-07 15:55:00,2011-11-16 12:16:00,United Kingdom,4,5,5,455,14,Loyal Customers,Active High-Value,0.21690411027096362,Low,883.9575,191.73401505484532
16718,369,5,3006.08,2009-12-06 13:07:00,2010-12-05 13:03:00,United Kingdom,2,4,5,245,11,At Risk,Lapsing Mid-Value,,Inactive (>1 yr),,
16719,14,14,3508.62,2009-12-13 10:59:00,2011-11-25 09:27:00,United Kingdom,5,5,5,555,15,Champions,Active High-Value,0.16970547778124967,Low,334.8725,56.82969760830153
16720,26,3,566.74,2009-12-17 17:54:00,2011-11-13 16:22:00,United Kingdom,4,3,2,432,9,Potential Loyalists,Recent Developing,0.8214336398658286,High,38.2375,31.40956880436962
16721,262,1,292.47,2011-03-22 16:08:00,2011-03-22 16:08:00,United Kingdom,2,2,2,222,6,Hibernating,Dormant,0.8208937521836764,High,73.1175,60.02169892528997
16722,17,22,8189.56,2009-12-03 19:23:00,2011-11-22 13:28:00,United Kingdom,5,5,5,555,15,Champions,Active High-Value,0.07692094946234715,Low,982.8225,75.59963985295768
16723,91,4,1231.36,2009-12-04 13:23:00,2011-09-09 13:01:00,United Kingdom,3,4,4,344,11,Loyal Customers,Lapsing Mid-Value,0.6321336614399993,High,144.1,91.0904606135039
16724,404,1,147.35,2010-10-31 11:40:00,2010-10-31 11:40:00,United Kingdom,2,2,1,221,5,Hibernating,Dormant,,Inactive (>1 yr),,
16725,302,13,1686.81,2009-12-13 15:54:00,2011-02-10 16:52:00,United Kingdom,2,5,4,254,11,Can't Lose Them,Lapsing Mid-Value,0.6472066244093169,High,158.6675,102.69065707846528
16726,26,7,2063.88,2010-10-24 16:09:00,2011-11-13 14:53:00,United Kingdom,4,4,4,444,12,Loyal Customers,Lapsing Mid-Value,0.3367317036165406,Medium,339.685,114.38270874298459
16727,364,4,1377.77,2010-01-20 10:48:00,2010-12-10 13:48:00,United Kingdom,2,4,4,244,10,At Risk,Lapsing Mid-Value,0.7613090567875365,High,64.08,48.784684358945334
16728,46,4,1048.28,2011-03-20 13:28:00,2011-10-24 14:36:00,United Kingdom,4,4,3,443,11,Loyal Customers,Recent Developing,0.41020730121780646,Medium,262.07,107.50302743015054
16729,38,21,7202.01,2011-04-12 14:22:00,2011-11-01 14:29:00,United Kingdom,4,5,5,455,14,Loyal Customers,Active High-Value,0.14508403842721515,Low,1800.5025,261.22417389829695
16730,52,3,743.11,2011-01-24 14:01:00,2011-10-18 14:11:00,United Kingdom,4,3,3,433,10,Potential Loyalists,Recent Developing,0.5598434644546024,Medium,185.7775,104.0063192177149
16731,648,1,170.3,2010-03-01 15:05:00,2010-03-01 15:05:00,United Kingdom,1,2,1,121,4,Hibernating,Dormant,,Inactive (>1 yr),,
16732,31,4,4387.64,2009-12-08 13:04:00,2011-11-08 09:54:00,United Kingdom,4,4,5,445,13,Loyal Customers,Lapsing Mid-Value,0.7158274319548981,High,150.9375,108.04520301069243
16733,529,1,259.68,2010-06-28 10:12:00,2010-06-28 10:12:00,United Kingdom,1,2,1,121,4,Hibernating,Dormant,,Inactive (>1 yr),,
16734,52,3,646.76,2011-08-17 15:00:00,2011-10-18 13:44:00,United Kingdom,4,3,3,433,10,Potential Loyalists,Recent Developing,0.573450900979686,Medium,161.69,92.72127617940542
16735,78,14,6217.41,2009-12-08 09:24:00,2011-09-22 11:49:00,United Kingdom,3,5,5,355,13,Loyal Customers,Active High-Value,0.30464057378911324,Medium,561.8525,171.16306798484774
16736,505,5,2956.56,2009-12-03 16:12:00,2010-07-22 10:09:00,United Kingdom,1,4,5,145,10,At Risk,Lapsing Mid-Value,,Inactive (>1 yr),,
16737,53,2,835.1999999999999,2010-05-11 09:53:00,2011-10-17 13:03:00,United Kingdom,4,2,3,423,9,Potential Loyalists,Recent Developing,0.875746569401393,High,104.39999999999999,91.42794184550542
16738,297,1,3.75,2011-02-15 09:46:00,2011-02-15 09:46:00,United Kingdom,2,2,1,221,5,Hibernating,Dormant,0.9356973070378162,High,0.9375,0.8772162253479526
16739,176,2,786.43,2010-06-21 09:38:00,2011-06-16 09:17:00,United Kingdom,3,2,3,323,8,About to Sleep,Dormant,0.8216020568766391,High,80.75,66.3443660927886
16740,395,1,226.91,2010-11-09 13:34:00,2010-11-09 13:34:00,United Kingdom,2,2,1,221,5,Hibernating,Dormant,,Inactive (>1 yr),,
16741,625,1,173.06,2010-03-24 15:15:00,2010-03-24 15:15:00,United Kingdom,1,2,1,121,4,Hibernating,Dormant,,Inactive (>1 yr),,
16742,492,13,2334.97,2009-12-16 17:22:00,2010-08-04 10:52:00,United Kingdom,1,5,4,154,10,Can't Lose Them,Lapsing Mid-Value,,Inactive (>1 yr),,
16743,29,14,4212.15,2010-04-22 13:21:00,2011-11-10 13:13:00,United Kingdom,4,5,5,455,14,Loyal Customers,Active High-Value,0.1923473835738408,Low,553.2825,106.42244125219358
16744,11,7,1291.91,2011-06-19 15:13:00,2011-11-28 13:06:00,United Kingdom,5,4,4,544,13,Champions,Recent Developing,0.19463952797765083,Low,322.9775,62.86418814740173
16745,86,17,7180.7,2011-02-01 11:31:00,2011-09-14 11:58:00,United Kingdom,3,5,5,355,13,Loyal Customers,Active High-Value,0.28200957694607076,Low,1795.175,506.25654229416256
16746,4,42,18045.05,2009-12-04 13:00:00,2011-12-05 12:33:00,United Kingdom,5,5,5,555,15,Champions,Active High-Value,0.03761394231933158,Low,1670.0275,62.81631805669752
16747,37,2,836.06,2011-10-03 10:18:00,2011-11-02 11:37:00,United Kingdom,4,2,3,423,9,Potential Loyalists,Recent Developing,0.4925802989671625,Medium,209.015,102.95667118862146
16748,17,14,3637.33,2009-12-10 12:28:00,2011-11-22 10:17:00,United Kingdom,5,5,5,555,15,Champions,Active High-Value,0.20828277100064752,Low,378.975,78.9339631399704
16749,591,2,4157.88,2009-12-15 14:05:00,2010-04-27 13:06:00,United Kingdom,1,2,5,125,8,Hibernating,Lapsing Mid-Value,,Inactive (>1 yr),,
16750,44,5,623.93,2011-04-21 16:53:00,2011-10-26 12:48:00,United Kingdom,4,4,3,443,11,Loyal Customers,Recent Developing,0.32792826369369377,Medium,155.9825,51.151070391601586
16751,30,1,1764.72,2011-11-09 10:48:00,2011-11-09 10:48:00,United Kingdom,4,2,4,424,10,Potential Loyalists,Recent Developing,0.6058754976945403,High,441.18,267.30015207287727
16752,372,1,207.5,2010-12-02 12:18:00,2010-12-02 12:18:00,United Kingdom,2,2,1,221,5,Hibernating,Dormant,,Inactive (>1 yr),,
16753,58,1,223.92000000000002,2011-10-12 13:14:00,2011-10-12 13:14:00,United Kingdom,4,2,1,421,7,Potential Loyalists,Dormant,0.7245198517697979,High,55.980000000000004,40.55862130207329
16754,372,29,65500.07,2010-03-08 11:32:00,2010-12-02 17:38:00,United Kingdom,2,5,5,255,12,Can't Lose Them,Active High-Value,,Inactive (>1 yr),,
16755,114,7,2864.68,2009-12-09 14:25:00,2011-08-17 13:21:00,United Kingdom,3,4,4,344,11,Loyal Customers,Lapsing Mid-Value,0.4179563895490201,Medium,368.8575,154.1663489580777
16756,214,7,1312.3700000000001,2010-03-09 15:56:00,2011-05-09 09:33:00,United Kingdom,2,4,4,244,10,At Risk,Lapsing Mid-Value,0.6871409898018062,High,59.85,41.1253882396381
16757,318,2,270.48,2010-10-26 15:09:00,2011-01-25 11:59:00,United Kingdom,2,2,1,221,5,Hibernating,Dormant,0.8295873758555208,High,26.707500000000003,22.156204840661324
16758,65,1,369.34000000000003,2011-10-05 14:47:00,2011-10-05 14:47:00,United Kingdom,3,2,2,322,7,About to Sleep,Dormant,0.7210478886111712,High,92.33500000000001,66.5779567949125
16759,7,3,789.79,2011-11-09 09:06:00,2011-12-02 12:42:00,United Kingdom,5,3,3,533,11,Potential Loyalists,Recent Developing,0.3773440335894343,Medium,197.4475,74.50563607214983
16760,430,1,228.0,2010-10-05 15:55:00,2010-10-05 15:55:00,United Kingdom,1,2,1,121,4,Hibernating,Dormant,,Inactive (>1 yr),,
16761,96,1,316.62,2011-09-04 11:15:00,2011-09-04 11:15:00,United Kingdom,3,2,2,322,7,About to Sleep,Dormant,0.7790796974668803,High,79.155,61.66805345299091
16762,19,3,1207.24,2011-07-18 12:52:00,2011-11-20 11:43:00,United Kingdom,5,3,4,534,12,Potential Loyalists,Recent Developing,0.4368603415540336,Medium,301.81,131.84881968442286
16763,198,2,964.6999999999999,2009-12-01 15:26:00,2011-05-25 11:52:00,United Kingdom,2,2,3,223,7,Hibernating,Lapsing Mid-Value,0.8113032264233124,High,152.9625,124.09896977177593
16764,3,13,2790.9500000000003,2011-07-19 17:17:00,2011-12-06 11:41:00,United Kingdom,5,5,4,554,14,Champions,Active High-Value,0.08475504897155922,Low,697.7375000000001,59.136775981793306
16765,294,2,454.75,2010-11-22 13:42:00,2011-02-18 15:41:00,United Kingdom,2,2,2,222,6,Hibernating,Dormant,0.8778927268997939,High,8.5,7.462088178648249
16766,273,2,1145.6,2011-03-11 13:34:00,2011-03-11 15:22:00,United Kingdom,2,2,3,223,7,Hibernating,Lapsing Mid-Value,0.8104037977468889,High,286.4,232.09964767470896
16767,30,15,8052.41,2010-04-28 16:49:00,2011-11-09 09:42:00,United Kingdom,4,5,5,455,14,Loyal Customers,Active High-Value,0.09192524923816073,Low,1393.89,128.13368566057986
16768,47,9,1698.57,2009-12-07 11:47:00,2011-10-23 10:38:00,United Kingdom,4,5,4,454,13,Loyal Customers,Lapsing Mid-Value,0.3946853805224958,Medium,119.52250000000001,47.17378339350001
16769,260,4,1117.05,2009-12-14 11:10:00,2011-03-24 13:41:00,United Kingdom,2,4,3,243,9,At Risk,Lapsing Mid-Value,0.7663346586288539,High,90.385,69.26515812016896
16770,57,9,1778.93,2010-08-22 16:08:00,2011-10-13 12:21:00,United Kingdom,4,5,4,454,13,Loyal Customers,Lapsing Mid-Value,0.35702767282141806,Medium,156.57500000000002,55.90160787201354
16771,33,10,3921.1,2009-12-09 11:52:00,2011-11-06 13:28:00,United Kingdom,4,5,5,455,14,Loyal Customers,Active High-Value,0.1998241240211111,Low,557.6525,111.43242232068266
16772,423,3,3698.0499999999997,2009-12-18 10:50:00,2010-10-12 13:19:00,United Kingdom,1,3,5,135,9,At Risk,Lapsing Mid-Value,,Inactive (>1 yr),,
16773,57,3,421.24,2009-12-06 15:01:00,2011-10-13 14:37:00,United Kingdom,4,3,2,432,9,Potential Loyalists,Recent Developing,0.7872128709602871,High,42.8975,33.76946413201892
16774,67,8,1567.48,2010-02-16 16:53:00,2011-10-03 12:41:00,United Kingdom,3,5,4,354,12,Loyal Customers,Lapsing Mid-Value,0.37253064835848576,Medium,165.38,61.60911862552637
16775,10,16,2820.84,2010-09-23 17:34:00,2011-11-29 15:22:00,United Kingdom,5,5,4,554,14,Champions,Active High-Value,0.1165265951538869,Low,364.90250000000003,42.52084588814122
16776,60,2,592.51,2010-10-20 12:13:00,2011-10-10 13:04:00,United Kingdom,3,2,2,322,7,About to Sleep,Recent Developing,0.7989263932170508,High,92.885,74.20827803396577
16777,80,5,1292.18,2010-03-17 12:42:00,2011-09-20 13:41:00,United Kingdom,3,4,4,344,11,Loyal Customers,Lapsing Mid-Value,0.6032832722201605,High,55.655,33.575730515413035
16778,74,2,245.94,2011-03-10 15:21:00,2011-09-26 13:48:00,United Kingdom,3,2,1,321,6,About to Sleep,Dormant,0.7387271529331948,High,61.485,45.42063899809748
16779,2,53,32809.03,2009-12-03 13:03:00,2011-12-07 14:54:00,United Kingdom,5,5,5,555,15,Champions,Active High-Value,0.030627806917757475,Low,2563.7025,78.52058516457213
16780,100,3,596.4,2010-10-28 19:41:00,2011-08-31 16:09:00,United Kingdom,3,3,2,332,8,Need Attention,Lapsing Mid-Value,0.6584447629145324,High,105.56,69.50542917325804
16781,372,2,623.0,2010-02-08 13:56:00,2010-12-02 14:26:00,United Kingdom,2,2,3,223,7,Hibernating,Dormant,,Inactive (>1 yr),,
16782,10,38,9636.12,2009-12-09 11:58:00,2011-11-29 13:20:00,United Kingdom,5,5,5,555,15,Champions,Active High-Value,0.07794936434248205,Low,475.9375,37.09902559175005
16783,436,1,391.95,2010-09-29 11:53:00,2010-09-29 11:53:00,United Kingdom,1,2,2,122,5,Hibernating,Dormant,,Inactive (>1 yr),,
16784,19,5,892.33,2010-03-28 12:55:00,2011-11-20 12:20:00,United Kingdom,5,4,3,543,12,Champions,Recent Developing,0.715608211872989,High,26.9,19.249860899383403
16785,409,1,533.78,2010-10-26 10:36:00,2010-10-26 10:36:00,United Kingdom,1,2,2,122,5,Hibernating,Dormant,,Inactive (>1 yr),,
16786,393,1,51.839999999999996,2010-11-11 08:25:00,2010-11-11 08:25:00,United Kingdom,2,2,1,221,5,Hibernating,Dormant,,Inactive (>1 yr),,
16787,397,4,1017.53,2010-01-10 11:12:00,2010-11-07 11:01:00,United Kingdom,2,4,3,243,9,At Risk,Lapsing Mid-Value,,Inactive (>1 yr),,
16788,123,5,1927.28,2010-02-07 12:40:00,2011-08-08 14:53:00,United Kingdom,3,4,4,344,11,Loyal Customers,Lapsing Mid-Value,0.5687618464680236,Medium,148.185,84.28197421886408
16789,8,1,80.8,2011-12-01 15:12:00,2011-12-01 15:12:00,United Kingdom,5,2,1,521,8,Potential Loyalists,Recent Developing,0.6615325963585219,High,20.2,13.362958446442143
16790,3,6,1545.6200000000001,2011-11-02 11:23:00,2011-12-06 11:53:00,United Kingdom,5,4,4,544,13,Champions,Recent Developing,0.23917661271232452,Low,386.40500000000003,92.41903903510575
16791,29,15,3944.88,2009-12-03 18:08:00,2011-11-10 19:12:00,United Kingdom,4,5,5,455,14,Loyal Customers,Active High-Value,0.16192561326691574,Low,423.2575,68.53623025732159
16792,282,5,623.46,2010-01-04 13:47:00,2011-03-02 14:41:00,United Kingdom,2,4,3,243,9,At Risk,Lapsing Mid-Value,0.7795401231843118,High,27.595000000000002,21.511409699271084
16793,57,1,243.84,2011-10-13 15:08:00,2011-10-13 15:08:00,United Kingdom,4,2,1,421,7,Potential Loyalists,Dormant,0.7315650718160785,High,60.96,44.59620677790815
16794,1,15,2050.68,2010-03-25 15:17:00,2011-12-08 17:54:00,United Kingdom,5,5,4,554,14,Champions,Active High-Value,0.15635629562688097,Low,298.62,46.6911170000992
16795,365,3,2062.41,2010-01-25 13:14:00,2010-12-09 14:08:00,United Kingdom,2,3,4,234,9,At Risk,Lapsing Mid-Value,,Inactive (>1 yr),,
16796,89,1,305.62,2011-09-11 14:01:00,2011-09-11 14:01:00,United Kingdom,3,2,2,322,7,About to Sleep,Dormant,0.7497196940680225,High,76.405,57.28233322526726
16797,393,5,1802.02,2009-12-02 13:33:00,2010-11-11 19:14:00,United Kingdom,2,4,4,244,10,At Risk,Lapsing Mid-Value,,Inactive (>1 yr),,
16798,554,3,841.16,2009-12-10 19:35:00,2010-06-03 19:01:00,United Kingdom,1,3,3,133,7,At Risk,Lapsing Mid-Value,,Inactive (>1 yr),,
16799,432,2,452.78000000000003,2010-09-12 12:46:00,2010-10-03 14:28:00,United Kingdom,1,2,2,122,5,Hibernating,Dormant,,Inactive (>1 yr),,
16800,11,1,1162.65,2011-11-28 14:06:00,2011-11-28 14:06:00,United Kingdom,5,2,3,523,10,Potential Loyalists,Recent Developing,0.5143939900851467,Medium,290.6625,149.515043143124
16801,163,4,1594.23,2011-03-11 13:56:00,2011-06-29 15:33:00,United Kingdom,3,4,4,344,11,Loyal Customers,Lapsing Mid-Value,0.6130489490642832,High,398.5575,244.33525651668805
16802,679,2,582.61,2009-12-09 13:00:00,2010-01-29 13:44:00,United Kingdom,1,2,2,122,5,Hibernating,Dormant,,Inactive (>1 yr),,
16803,65,1,332.3,2011-10-05 14:28:00,2011-10-05 14:28:00,United Kingdom,3,2,2,322,7,About to Sleep,Dormant,0.7234002276004834,High,83.075,60.09647390791016
16804,23,3,536.99,2011-03-14 15:48:00,2011-11-16 16:43:00,United Kingdom,4,3,2,432,9,Potential Loyalists,Recent Developing,0.6208379596248069,High,134.2475,83.34594398473126
16805,173,4,1076.34,2009-12-14 15:17:00,2011-06-19 11:23:00,United Kingdom,3,4,3,343,10,Loyal Customers,Lapsing Mid-Value,0.6359820411857469,High,115.1475,73.23174208743578
16806,103,4,736.21,2011-04-14 19:59:00,2011-08-28 15:27:00,United Kingdom,3,4,3,343,10,Loyal Customers,Lapsing Mid-Value,0.5059141745097766,Medium,184.0525,93.11476860396067
16807,142,6,2123.88,2010-03-26 14:38:00,2011-07-20 12:00:00,United Kingdom,3,4,4,344,11,Loyal Customers,Lapsing Mid-Value,0.48730355189120533,Medium,280.3975,136.63869769141425
16808,99,2,288.42,2011-03-10 19:05:00,2011-09-01 19:34:00,United Kingdom,3,3,2,332,8,Need Attention,Dormant,0.7430531815451306,High,72.105,53.577849655311645
16809,23,9,1727.43,2010-04-13 15:34:00,2011-11-16 15:45:00,United Kingdom,4,5,4,454,13,Loyal Customers,Active High-Value,0.25744067034294194,Low,228.6725,58.86960168899639
16810,192,2,842.0400000000001,2010-10-15 15:32:00,2011-05-31 15:32:00,United Kingdom,2,3,3,233,8,At Risk,Dormant,0.8038280793489627,High,77.385,62.204235920419485
16811,4,2,547.07,2011-11-22 17:19:00,2011-12-05 11:39:00,United Kingdom,5,3,2,532,10,Potential Loyalists,Recent Developing,0.4360124040950823,Medium,136.7675,59.63232647707417
16812,360,4,2392.0,2010-11-22 14:36:00,2010-12-14 12:35:00,United Kingdom,2,4,4,244,10,At Risk,Lapsing Mid-Value,0.8876562991610829,High,119.8375,106.37451175071628
16813,8,10,1652.18,2011-05-19 13:28:00,2011-12-01 14:03:00,United Kingdom,5,5,4,554,14,Champions,Active High-Value,0.14215648238344358,Low,413.045,58.71702426606946
16814,14,36,11914.95,2010-04-11 12:45:00,2011-11-25 13:27:00,United Kingdom,5,5,5,555,15,Champions,Active High-Value,0.04714457180406725,Low,1533.3775,72.29042565149113
16815,453,2,406.02,2010-06-21 12:05:00,2010-09-12 10:59:00,United Kingdom,1,3,2,132,6,At Risk,Dormant,,Inactive (>1 yr),,
16816,103,4,417.06,2010-12-16 17:01:00,2011-08-28 14:16:00,United Kingdom,3,4,2,342,9,Loyal Customers,Lapsing Mid-Value,0.5575032177229278,Medium,104.265,58.12807299588106
16817,2,13,2560.7,2010-10-04 09:06:00,2011-12-07 11:03:00,United Kingdom,5,5,4,554,14,Champions,Active High-Value,0.23628798459917905,Low,340.1375,80.37040436160326
16818,10,11,3349.57,2011-05-18 11:42:00,2011-11-29 10:41:00,United Kingdom,5,5,5,555,15,Champions,Active High-Value,0.16647158509785806,Low,837.3925,139.40205682405812
16819,465,2,182.59,2010-08-31 17:31:00,2010-08-31 17:37:00,United Kingdom,1,3,1,131,5,At Risk,Dormant,,Inactive (>1 yr),,
16820,95,1,497.61,2011-09-05 12:06:00,2011-09-05 12:06:00,United Kingdom,3,2,2,322,7,About to Sleep,Dormant,0.751979728632203,High,124.4025,93.54815819116763
16821,381,1,113.35,2010-11-23 10:04:00,2010-11-23 10:04:00,United Kingdom,2,2,1,221,5,Hibernating,Dormant,,Inactive (>1 yr),,
16822,686,1,181.39,2010-01-22 14:22:00,2010-01-22 14:22:00,United Kingdom,1,2,1,121,4,Hibernating,Dormant,,Inactive (>1 yr),,
16823,227,7,2243.09,2009-12-02 09:57:00,2011-04-26 15:00:00,United Kingdom,2,4,4,244,10,At Risk,Lapsing Mid-Value,0.6914979101996004,High,89.595,61.954755264333194
16824,15,3,686.24,2010-11-11 12:21:00,2011-11-24 12:38:00,United Kingdom,5,3,3,533,11,Potential Loyalists,Recent Developing,0.7125500943525475,High,115.16,82.05726886563936
16825,38,5,1826.89,2010-06-23 13:14:00,2011-11-01 11:51:00,United Kingdom,4,4,4,444,12,Loyal Customers,Lapsing Mid-Value,0.5317737797461506,Medium,193.79500000000002,103.05509964590526
16826,51,1,341.7,2011-10-19 14:05:00,2011-10-19 14:05:00,United Kingdom,4,2,2,422,8,Potential Loyalists,Recent Developing,0.7080711354957974,High,85.425,60.48697674972849
16827,393,5,387.18,2010-04-29 19:07:00,2010-11-11 14:04:00,United Kingdom,2,4,2,242,8,At Risk,Lapsing Mid-Value,,Inactive (>1 yr),,
16828,112,1,113.5,2011-08-19 13:24:00,2011-08-19 13:24:00,United Kingdom,3,2,1,321,6,About to Sleep,Dormant,0.8281316868189798,High,28.375,23.49823661348855
16829,156,2,513.32,2010-11-16 18:11:00,2011-07-06 10:48:00,United Kingdom,3,3,2,332,8,Need Attention,Dormant,0.8171680547939529,High,49.305,40.29047094161585
16830,38,4,1207.5,2009-12-13 12:11:00,2011-11-01 11:35:00,United Kingdom,4,4,4,444,12,Loyal Customers,Recent Developing,0.7161340123509154,High,81.4775,58.34880899132172
16831,564,1,91.8,2010-05-24 09:08:00,2010-05-24 09:08:00,United Kingdom,1,2,1,121,4,Hibernating,Dormant,,Inactive (>1 yr),,
16832,184,5,417.61,2010-09-07 12:35:00,2011-06-08 15:36:00,United Kingdom,3,4,2,342,9,Loyal Customers,Lapsing Mid-Value,0.7038818790881953,High,49.7875,35.04451905510353
16833,1,6,2409.04,2010-03-26 15:31:00,2011-12-08 14:39:00,United Kingdom,5,4,4,544,13,Champions,Active High-Value,0.6373235586697349,High,276.6325,176.30440934370543
16834,227,2,898.96,2010-02-03 14:24:00,2011-04-26 09:37:00,United Kingdom,2,3,3,233,8,At Risk,Dormant,0.8168983898249964,High,103.365,84.43870206426075
16835,128,6,1456.66,2010-05-19 08:41:00,2011-08-03 13:50:00,United Kingdom,3,4,4,344,11,Loyal Customers,Lapsing Mid-Value,0.7397585109376792,High,24.775,18.327517108481
16836,39,4,782.37,2010-05-14 12:52:00,2011-10-31 10:05:00,United Kingdom,4,4,3,443,11,Loyal Customers,Recent Developing,0.6664218031054374,High,62.9675,41.962914887041634
16837,31,11,3170.98,2011-04-08 08:48:00,2011-11-08 14:27:00,United Kingdom,4,5,5,455,14,Loyal Customers,Active High-Value,0.24581343934089692,Low,792.745,194.86737497029932
16838,197,4,1159.61,2010-02-14 15:27:00,2011-05-26 13:13:00,United Kingdom,2,4,3,243,9,At Risk,Lapsing Mid-Value,0.6453200517819198,High,147.2125,94.99917812294586
16839,8,44,21758.25,2010-02-11 15:02:00,2011-12-01 09:03:00,United Kingdom,5,5,5,555,15,Champions,Active High-Value,0.021672990167264563,Low,4010.5275,86.92012307304414
16840,603,2,139.85,2010-02-03 12:42:00,2010-04-15 15:48:00,United Kingdom,1,3,1,131,5,At Risk,Dormant,,Inactive (>1 yr),,
16841,36,12,4006.06,2010-01-12 11:32:00,2011-11-03 11:51:00,United Kingdom,4,5,5,455,14,Loyal Customers,Active High-Value,0.22623037160166384,Low,467.455,105.75251835705576
16842,100,3,1264.19,2011-02-10 14:51:00,2011-08-31 10:42:00,United Kingdom,3,3,4,334,10,Need Attention,Lapsing Mid-Value,0.5537167059313834,Medium,316.0475,175.0007806178489
16843,42,35,19571.43,2009-12-10 11:40:00,2011-10-28 09:06:00,United Kingdom,4,5,5,455,14,Loyal Customers,Active High-Value,0.08702723798791212,Low,2549.1425,221.84483101260128
16844,562,2,614.34,2010-05-06 09:16:00,2010-05-26 10:29:00,United Kingdom,1,3,3,133,7,At Risk,Dormant,,Inactive (>1 yr),,
16845,618,1,253.88,2010-03-31 13:09:00,2010-03-31 13:09:00,United Kingdom,1,2,1,121,4,Hibernating,Dormant,,Inactive (>1 yr),,
16846,50,3,842.41,2010-03-10 12:03:00,2011-10-20 13:55:00,United Kingdom,4,3,3,433,10,Potential Loyalists,Recent Developing,0.7881096580916974,High,53.58,42.226915480553146
16847,43,2,614.89,2010-03-31 13:32:00,2011-10-27 13:29:00,United Kingdom,4,3,3,433,10,Potential Loyalists,Recent Developing,0.8850767044799966,High,48.36,42.802309428652634
16848,52,4,1411.62,2010-10-03 11:01:00,2011-10-18 08:42:00,United Kingdom,4,4,4,444,12,Loyal Customers,Lapsing Mid-Value,0.7205145048130821,High,70.355,50.69179798612439
16849,186,1,124.57,2011-06-06 09:16:00,2011-06-06 09:16:00,United Kingdom,3,2,1,321,6,About to Sleep,Dormant,0.8463390010677563,High,31.1425,26.3571123407526
16850,333,1,332.41,2011-01-10 11:09:00,2011-01-10 11:09:00,United Kingdom,2,2,2,222,6,Hibernating,Dormant,0.8350245971935818,High,83.1025,69.39263158827964
16851,4,3,342.45,2011-10-19 09:48:00,2011-12-05 13:32:00,United Kingdom,5,3,2,532,10,Potential Loyalists,Recent Developing,0.49262630549044445,Medium,85.6125,42.17496957880068
16852,10,2,144.91000000000003,2011-06-16 15:49:00,2011-11-29 13:22:00,United Kingdom,5,3,1,531,9,Potential Loyalists,Recent Developing,0.8089411337189539,High,36.227500000000006,29.30591492180341
16854,417,2,1408.96,2010-03-09 14:32:00,2010-10-18 16:31:00,United Kingdom,1,3,4,134,8,At Risk,Lapsing Mid-Value,,Inactive (>1 yr),,
16855,23,2,328.4,2011-10-27 16:31:00,2011-11-16 12:03:00,United Kingdom,4,3,2,432,9,Potential Loyalists,Recent Developing,0.5048298162206485,Medium,82.1,41.446527911715236
16856,14,3,358.49,2010-09-23 13:11:00,2011-11-25 08:59:00,United Kingdom,5,3,2,532,10,Potential Loyalists,Recent Developing,0.8757285728744465,High,8.850000000000001,7.7501978699388525
16857,442,1,352.8,2010-09-23 10:49:00,2010-09-23 10:49:00,United Kingdom,1,2,2,122,5,Hibernating,Dormant,,Inactive (>1 yr),,
16858,368,10,4292.59,2009-12-15 11:09:00,2010-12-06 09:52:00,United Kingdom,2,5,5,255,12,Can't Lose Them,Lapsing Mid-Value,,Inactive (>1 yr),,
16859,144,7,1932.41,2010-03-04 12:37:00,2011-07-18 12:19:00,United Kingdom,3,4,4,344,11,Loyal Customers,Lapsing Mid-Value,0.5736806120320336,Medium,186.9525,107.25102462091876
16860,452,3,1610.62,2010-02-15 13:46:00,2010-09-13 10:05:00,United Kingdom,1,3,4,134,8,At Risk,Lapsing Mid-Value,,Inactive (>1 yr),,
16861,59,5,946.59,2010-07-19 11:44:00,2011-10-11 09:05:00,United Kingdom,3,4,3,343,10,Loyal Customers,Lapsing Mid-Value,0.6707648920534217,High,43.44,29.138026910800637
16862,547,4,662.33,2010-01-07 12:57:00,2010-06-10 13:05:00,United Kingdom,1,4,3,143,8,At Risk,Lapsing Mid-Value,,Inactive (>1 yr),,
16863,31,3,834.27,2010-10-26 10:03:00,2011-11-08 15:26:00,United Kingdom,4,3,3,433,10,Potential Loyalists,Recent Developing,0.7383976191765225,High,84.6375,62.49612849305292
16864,434,2,409.25,2010-04-20 11:56:00,2010-10-01 16:16:00,United Kingdom,1,3,2,132,6,At Risk,Dormant,,Inactive (>1 yr),,
16865,401,1,130.95,2010-11-03 11:34:00,2010-11-03 11:34:00,United Kingdom,2,2,1,221,5,Hibernating,Dormant,,Inactive (>1 yr),,
16866,140,3,207.73999999999998,2011-07-01 12:34:00,2011-07-22 10:06:00,United Kingdom,3,3,1,331,7,Need Attention,Dormant,0.8407886921271821,High,51.934999999999995,43.666360725625196
16867,689,1,76.74000000000001,2010-01-19 09:11:00,2010-01-19 09:11:00,United Kingdom,1,2,1,121,4,Hibernating,Dormant,,Inactive (>1 yr),,
16868,394,3,384.56,2010-04-25 11:31:00,2010-11-10 13:17:00,United Kingdom,2,3,2,232,7,At Risk,Dormant,,Inactive (>1 yr),,
16869,22,4,817.12,2011-06-17 13:01:00,2011-11-17 12:02:00,United Kingdom,4,4,3,443,11,Loyal Customers,Recent Developing,0.4135266778227452,Medium,204.28,84.47522974563039
16870,469,1,450.15999999999997,2010-08-27 13:53:00,2010-08-27 13:53:00,United Kingdom,1,2,2,122,5,Hibernating,Dormant,,Inactive (>1 yr),,
16871,22,6,2812.34,2011-03-14 10:31:00,2011-11-17 19:27:00,United Kingdom,4,4,4,444,12,Loyal Customers,Active High-Value,0.29502552423366607,Low,703.085,207.42802070582712
16872,77,6,1213.13,2010-09-02 17:36:00,2011-09-23 16:05:00,United Kingdom,3,4,4,344,11,Loyal Customers,Lapsing Mid-Value,0.5155794416396989,Medium,170.005,87.65108297595701
16873,4,12,14617.39,2010-02-09 14:17:00,2011-12-05 12:05:00,United Kingdom,5,5,5,555,15,Champions,Active High-Value,0.18367819041839717,Low,1780.905,327.1134077070756
16874,379,1,209.89000000000001,2010-11-25 13:08:00,2010-11-25 13:08:00,United Kingdom,2,2,1,221,5,Hibernating,Dormant,,Inactive (>1 yr),,
16875,67,11,4234.53,2010-01-05 09:16:00,2011-10-03 13:39:00,United Kingdom,3,5,5,355,13,Loyal Customers,Active High-Value,0.3002707140220652,Medium,523.8825,157.30657233866458
16876,403,1,136.01,2010-11-01 11:59:00,2010-11-01 11:59:00,United Kingdom,2,2,1,221,5,Hibernating,Dormant,,Inactive (>1 yr),,
16877,12,6,846.62,2011-05-15 16:13:00,2011-11-27 13:47:00,United Kingdom,5,4,3,543,12,Champions,Recent Developing,0.27571960166417747,Low,211.655,58.357432290231486
16878,84,1,13.3,2011-09-16 17:39:00,2011-09-16 17:39:00,United Kingdom,3,2,1,321,6,About to Sleep,Dormant,0.883939567424416,High,3.325,2.9390990616861834
16880,30,8,1813.21,2010-08-03 13:54:00,2011-11-09 11:33:00,United Kingdom,4,5,4,454,13,Loyal Customers,Lapsing Mid-Value,0.3132088100851471,Medium,372.8575,116.78225390632275
16881,66,1,432.0,2011-10-04 10:33:00,2011-10-04 10:33:00,United Kingdom,3,2,2,322,7,About to Sleep,Dormant,0.7532584042157205,High,108.0,81.35190765529782
16882,66,3,705.12,2011-01-26 17:43:00,2011-10-04 10:42:00,United Kingdom,3,3,3,333,9,Need Attention,Recent Developing,0.56806678064507,Medium,176.28,100.13881209211294
16883,187,19,2246.06,2009-12-04 12:07:00,2011-06-05 12:51:00,United Kingdom,2,5,4,254,11,Can't Lose Them,Lapsing Mid-Value,0.798198009152401,High,36.1125,28.82492560551608
16884,37,4,1070.97,2010-05-18 12:00:00,2011-11-02 11:52:00,United Kingdom,4,4,3,443,11,Loyal Customers,Recent Developing,0.6444254738383143,High,107.46000000000001,69.24996141866525
16885,15,4,683.35,2010-11-19 12:51:00,2011-11-24 13:40:00,United Kingdom,5,4,3,543,12,Champions,Recent Developing,0.5160572223601275,Medium,112.6025,58.10933338080626
16886,456,1,134.0,2010-09-09 15:08:00,2010-09-09 15:08:00,United Kingdom,1,2,1,121,4,Hibernating,Dormant,,Inactive (>1 yr),,
16887,35,3,658.17,2009-12-01 13:41:00,2011-11-04 14:07:00,United Kingdom,4,3,3,433,10,Potential Loyalists,Recent Developing,0.8062899401962171,High,48.082499999999996,38.768436049484606
16888,400,3,434.2,2010-01-07 13:07:00,2010-11-04 12:39:00,United Kingdom,2,3,2,232,7,At Risk,Dormant,,Inactive (>1 yr),,
16889,194,6,2526.65,2010-05-23 10:46:00,2011-05-29 11:05:00,United Kingdom,2,4,4,244,10,At Risk,Lapsing Mid-Value,0.4819870193966593,Medium,394.6675,190.22461197773103
16890,476,3,277.91,2010-05-06 16:27:00,2010-08-20 11:23:00,United Kingdom,1,3,1,131,5,At Risk,Dormant,,Inactive (>1 yr),,
16891,1,11,1727.94,2009-12-04 12:37:00,2011-12-08 11:15:00,United Kingdom,5,5,4,554,14,Champions,Active High-Value,0.3908835989827556,Medium,131.2925,51.32008491944344
16892,1,7,754.75,2009-12-08 14:20:00,2011-12-08 13:18:00,United Kingdom,5,4,3,543,12,Champions,Recent Developing,0.5296647527072322,Medium,129.5475,68.61674455134018
16893,366,2,249.47,2010-11-28 15:14:00,2010-12-08 12:06:00,United Kingdom,2,3,1,231,6,At Risk,Dormant,,Inactive (>1 yr),,
16894,502,3,1306.96,2010-06-22 14:21:00,2010-07-25 15:43:00,United Kingdom,1,3,4,134,8,At Risk,Lapsing Mid-Value,,Inactive (>1 yr),,
16895,64,5,1102.9,2010-02-12 11:07:00,2011-10-06 12:15:00,United Kingdom,3,4,3,343,10,Loyal Customers,Lapsing Mid-Value,0.6497541364564098,High,50.5675,32.856442295259505
16896,555,1,103.95,2010-06-02 15:40:00,2010-06-02 15:40:00,United Kingdom,1,2,1,121,4,Hibernating,Dormant,,Inactive (>1 yr),,
16897,299,2,289.78,2011-01-30 11:52:00,2011-02-13 15:02:00,United Kingdom,2,3,2,232,7,At Risk,Dormant,0.7683899470123143,High,72.445,55.666009711307105
16898,26,5,885.21,2010-05-12 12:18:00,2011-11-13 15:44:00,United Kingdom,4,4,3,443,11,Loyal Customers,Recent Developing,0.5572173993294256,Medium,97.2375,54.18242686729502
16899,7,8,1695.77,2010-11-07 15:00:00,2011-12-02 12:03:00,United Kingdom,5,5,4,554,14,Champions,Active High-Value,0.24535357054744808,Low,317.765,77.96477734500984
16900,16,3,882.16,2011-10-07 13:17:00,2011-11-23 10:32:00,United Kingdom,5,3,3,533,11,Potential Loyalists,Recent Developing,0.40980960158519203,Medium,220.54,90.37940953359825
16901,729,1,204.26,2009-12-10 16:30:00,2009-12-10 16:30:00,United Kingdom,1,2,1,121,4,Hibernating,Dormant,,Inactive (>1 yr),,
16902,116,1,1706.88,2011-08-15 14:17:00,2011-08-15 14:17:00,United Kingdom,3,2,4,324,9,About to Sleep,Lapsing Mid-Value,0.7048216680722477,High,426.72,300.76150219978956
16903,29,3,1041.75,2010-10-20 14:42:00,2011-11-10 15:32:00,United Kingdom,4,3,3,433,10,Potential Loyalists,Recent Developing,0.7275681377930029,High,90.8,66.06318691160466
16904,4,20,4656.56,2010-10-24 16:03:00,2011-12-05 13:10:00,United Kingdom,5,5,5,555,15,Champions,Active High-Value,0.09949220872291197,Low,824.0625,81.98779825072464
16905,5,17,4704.27,2009-12-10 20:04:00,2011-12-04 14:01:00,United Kingdom,5,5,5,555,15,Champions,Active High-Value,0.1257378216619267,Low,695.8,87.4883763123686
16906,81,7,1410.07,2010-05-13 13:23:00,2011-09-19 11:49:00,United Kingdom,3,4,4,344,11,Loyal Customers,Lapsing Mid-Value,0.4413546326312131,Medium,139.8975,61.74440971852514
16907,29,9,1470.89,2010-07-01 17:30:00,2011-11-10 18:04:00,United Kingdom,4,5,4,454,13,Loyal Customers,Lapsing Mid-Value,0.3089233283054153,Medium,187.21,57.8335362920568
16908,722,1,252.59,2009-12-17 13:35:00,2009-12-17 13:35:00,United Kingdom,1,2,1,121,4,Hibernating,Dormant,,Inactive (>1 yr),,
16909,72,1,379.14,2011-09-28 16:45:00,2011-09-28 16:45:00,United Kingdom,3,2,2,322,7,About to Sleep,Dormant,0.7329090074764982,High,94.785,69.46878027365989
16910,4,8,1508.96,2011-09-09 14:14:00,2011-12-05 12:51:00,United Kingdom,5,5,4,554,14,Champions,Active High-Value,0.14572654461995102,Low,377.24,54.973881692430325
16911,635,2,255.25,2010-02-16 16:12:00,2010-03-14 12:18:00,United Kingdom,1,3,1,131,5,At Risk,Dormant,,Inactive (>1 yr),,
16912,28,15,4460.51,2009-12-09 12:32:00,2011-11-11 12:18:00,United Kingdom,4,5,5,455,14,Loyal Customers,Active High-Value,0.13829245643434296,Low,638.895,88.35435895361954
16913,290,3,423.90999999999997,2010-02-26 12:06:00,2011-02-22 12:56:00,United Kingdom,2,3,2,232,7,At Risk,Dormant,0.8616858191730048,High,28.36,24.437409831746415
16914,36,1,183.76,2011-11-03 15:27:00,2011-11-03 15:27:00,United Kingdom,4,2,1,421,7,Potential Loyalists,Recent Developing,0.7053961059965105,High,45.94,32.40589710947969
16915,9,11,1543.18,2010-05-19 13:32:00,2011-11-30 16:39:00,United Kingdom,5,5,4,554,14,Champions,Active High-Value,0.24354675653198604,Low,155.42000000000002,37.85203690020128
16916,23,4,896.12,2010-10-20 12:56:00,2011-11-16 12:08:00,United Kingdom,4,4,3,443,11,Loyal Customers,Recent Developing,0.6353574525430891,High,91.495,58.13203012042994
16917,276,2,1851.88,2010-03-17 15:24:00,2011-03-08 11:55:00,United Kingdom,2,3,4,234,9,At Risk,Lapsing Mid-Value,0.8241689334420959,High,97.88,80.66965520531234
16918,49,16,3206.54,2009-12-03 12:27:00,2011-10-21 12:50:00,United Kingdom,4,5,5,455,14,Loyal Customers,Active High-Value,0.18996511601576255,Low,267.205,50.75962882499183
16919,156,24,4909.66,2010-08-19 15:28:00,2011-07-06 13:35:00,United Kingdom,3,5,5,355,13,Loyal Customers,Active High-Value,0.5073203265533105,Medium,598.475,303.6185324339925
16920,411,1,355.45,2010-10-24 14:07:00,2010-10-24 14:07:00,United Kingdom,1,2,2,122,5,Hibernating,Dormant,,Inactive (>1 yr),,
16921,61,3,409.21,2010-04-18 15:34:00,2011-10-09 16:22:00,United Kingdom,3,3,2,332,8,Need Attention,Recent Developing,0.7665020388060412,High,38.545,29.544821085778857
16922,572,1,611.08,2010-05-16 11:24:00,2010-05-16 11:24:00,United Kingdom,1,2,3,123,6,Hibernating,Dormant,,Inactive (>1 yr),,
16923,12,32,13157.130000000001,2010-01-31 11:14:00,2011-11-27 13:00:00,United Kingdom,5,5,5,555,15,Champions,Active High-Value,0.04714365397155786,Low,1767.27,83.31556535431507
16924,21,3,829.89,2011-09-16 12:54:00,2011-11-18 12:53:00,United Kingdom,4,3,3,433,10,Potential Loyalists,Recent Developing,0.36969902833367707,Medium,207.4725,76.70238165595882
16925,540,1,125.65,2010-06-17 15:03:00,2010-06-17 15:03:00,United Kingdom,1,2,1,121,4,Hibernating,Dormant,,Inactive (>1 yr),,
16926,371,5,1169.6100000000001,2010-07-01 12:57:00,2010-12-03 13:42:00,United Kingdom,2,4,3,243,9,At Risk,Lapsing Mid-Value,,Inactive (>1 yr),,
16927,115,3,543.05,2010-12-13 11:57:00,2011-08-16 11:10:00,United Kingdom,3,3,2,332,8,Need Attention,Lapsing Mid-Value,0.6473278453749673,High,135.7625,87.882846607719
16928,80,26,3798.08,2010-02-03 12:30:00,2011-09-20 15:10:00,United Kingdom,3,5,5,355,13,Loyal Customers,Active High-Value,0.19172936353475034,Low,672.625,128.96196314756145
16929,3,7,1295.39,2011-07-07 12:39:00,2011-12-06 08:37:00,United Kingdom,5,4,4,544,13,Champions,Recent Developing,0.20497104091656126,Low,323.8475,66.37935917322608
16930,26,3,378.89,2011-10-02 14:25:00,2011-11-13 16:13:00,United Kingdom,4,3,2,432,9,Potential Loyalists,Recent Developing,0.46648396170022355,Medium,94.7225,44.18652706214942
16931,5,23,5032.22,2010-11-07 13:24:00,2011-12-04 13:15:00,United Kingdom,5,5,5,555,15,Champions,Active High-Value,0.042548923681273755,Low,1100.705,46.833813040596425
16932,53,3,412.55,2010-05-17 14:15:00,2011-10-17 14:12:00,United Kingdom,4,3,2,432,9,Potential Loyalists,Recent Developing,0.7629810319691637,High,37.557500000000005,28.655660108181866
16933,1,9,3099.3,2009-12-09 15:03:00,2011-12-08 12:54:00,United Kingdom,5,5,5,555,15,Champions,Active High-Value,0.5948906199220398,Medium,140.8075,83.76506096467263
16934,54,6,2083.14,2010-03-28 12:43:00,2011-10-16 12:40:00,United Kingdom,4,4,4,444,12,Loyal Customers,Lapsing Mid-Value,0.4574100191411829,Medium,232.7575,106.46561253025388
16935,381,3,530.86,2010-10-14 13:09:00,2010-11-23 09:16:00,United Kingdom,2,3,2,232,7,At Risk,Dormant,,Inactive (>1 yr),,
16936,25,2,548.29,2010-11-19 11:54:00,2011-11-14 11:04:00,United Kingdom,4,3,2,432,9,Potential Loyalists,Recent Developing,0.8447670208132491,High,65.475,55.311120687747476
16937,499,1,196.25,2010-07-28 17:56:00,2010-07-28 17:56:00,United Kingdom,1,2,1,121,4,Hibernating,Dormant,,Inactive (>1 yr),,
16938,8,9,6162.11,2010-02-17 14:47:00,2011-12-01 10:20:00,United Kingdom,5,5,5,555,15,Champions,Active High-Value,0.34903460139591846,Medium,469.6075,163.9092665750338
16939,488,3,433.85,2010-02-28 13:33:00,2010-08-08 12:24:00,United Kingdom,1,3,2,132,6,At Risk,Dormant,,Inactive (>1 yr),,
16940,52,8,6427.66,2009-12-08 13:08:00,2011-10-18 13:15:00,United Kingdom,4,5,5,455,14,Loyal Customers,Active High-Value,0.3101988174103716,Medium,762.47,236.51729231088603
16941,611,1,33.0,2010-04-07 11:13:00,2010-04-07 11:13:00,United Kingdom,1,2,1,121,4,Hibernating,Dormant,,Inactive (>1 yr),,
16942,12,9,1904.99,2011-04-26 11:59:00,2011-11-27 12:40:00,United Kingdom,5,5,4,554,14,Champions,Active High-Value,0.22503301840984877,Low,476.2475,107.17141243514445
16943,211,3,816.73,2011-01-25 14:00:00,2011-05-12 11:57:00,United Kingdom,2,3,3,233,8,At Risk,Lapsing Mid-Value,0.6241939687980405,High,204.1825,127.4494850341059
16944,609,1,101.36,2010-04-09 11:03:00,2010-04-09 11:03:00,United Kingdom,1,2,1,121,4,Hibernating,Dormant,,Inactive (>1 yr),,
16945,21,33,8548.16,2009-12-09 11:33:00,2011-11-18 11:39:00,United Kingdom,4,5,5,455,14,Loyal Customers,Active High-Value,0.05202481543061203,Low,1086.375,56.51845886343114
16946,383,5,1222.04,2010-03-02 10:49:00,2010-11-21 14:06:00,United Kingdom,2,4,4,244,10,At Risk,Lapsing Mid-Value,,Inactive (>1 yr),,
16947,235,4,946.71,2010-03-03 10:54:00,2011-04-18 09:38:00,United Kingdom,2,4,3,243,9,At Risk,Lapsing Mid-Value,0.7070695966985105,High,101.62,71.85241241650264
16948,138,7,868.77,2010-02-21 13:48:00,2011-07-24 12:46:00,United Kingdom,3,4,3,343,10,Loyal Customers,Lapsing Mid-Value,0.5406457526598408,Medium,108.755,58.79792883052099
16949,3,6,1286.27,2011-01-27 12:11:00,2011-12-06 11:07:00,United Kingdom,5,4,4,544,13,Champions,Recent Developing,0.34192054566692254,Medium,321.5675,109.95053506874811
16950,56,10,3533.77,2010-01-24 11:26:00,2011-10-14 09:06:00,United Kingdom,4,5,5,455,14,Loyal Customers,Active High-Value,0.361648047113249,Medium,251.64,91.00511457557798
16951,134,3,1277.75,2011-02-08 14:58:00,2011-07-28 12:05:00,United Kingdom,3,3,4,334,10,Need Attention,Lapsing Mid-Value,0.630446383364793,High,319.4375,201.38821658609106
16952,109,5,795.83,2009-12-11 13:52:00,2011-08-22 13:03:00,United Kingdom,3,4,3,343,10,Loyal Customers,Lapsing Mid-Value,0.7659860504493682,High,41.9025,32.096730478954655
16953,30,1,20.8,2011-11-09 15:54:00,2011-11-09 15:54:00,United Kingdom,4,2,1,421,7,Potential Loyalists,Dormant,0.7993498582957581,High,5.2,4.156619263137943
16954,0,20,6081.88,2010-01-18 14:49:00,2011-12-09 09:46:00,United Kingdom,5,5,5,555,15,Champions,Active High-Value,0.1564883026843408,Low,521.27,81.57265754026632
16955,184,6,1120.31,2010-01-31 11:38:00,2011-06-08 10:36:00,United Kingdom,3,4,3,343,10,Loyal Customers,Lapsing Mid-Value,0.679515521803838,High,82.3925,55.98698263022272
16956,17,1,308.74,2011-11-22 08:56:00,2011-11-22 08:56:00,United Kingdom,5,2,2,522,9,Potential Loyalists,Recent Developing,0.6472098930601037,High,77.185,49.95489559584411
16957,239,2,416.64,2011-03-03 09:25:00,2011-04-14 13:56:00,United Kingdom,2,3,2,232,7,At Risk,Dormant,0.7128309701891036,High,104.16,74.24847385489703
16958,435,1,778.49,2010-09-30 14:25:00,2010-09-30 14:25:00,United Kingdom,1,2,3,123,6,Hibernating,Dormant,,Inactive (>1 yr),,
16959,87,1,117.35000000000001,2011-09-13 15:03:00,2011-09-13 15:03:00,United Kingdom,3,2,1,321,6,About to Sleep,Dormant,0.789293330470393,High,29.337500000000002,23.155893082675156
16960,38,8,1988.93,2010-03-02 13:36:00,2011-11-01 11:35:00,United Kingdom,4,5,4,454,13,Loyal Customers,Lapsing Mid-Value,0.41358774571843365,Medium,126.275,52.22579259059521
16961,116,3,794.56,2010-06-25 14:36:00,2011-08-15 13:46:00,United Kingdom,3,3,3,333,9,Need Attention,Lapsing Mid-Value,0.76600146421131,High,58.5425,44.84364071859061
16962,409,1,251.04,2010-10-26 11:36:00,2010-10-26 11:36:00,United Kingdom,1,2,1,121,4,Hibernating,Dormant,,Inactive (>1 yr),,
16963,187,1,110.55000000000001,2011-06-05 13:48:00,2011-06-05 13:48:00,United Kingdom,2,2,1,221,5,Hibernating,Dormant,0.8510004257927112,High,27.637500000000003,23.51952426784606
16964,733,2,207.85,2009-12-06 12:51:00,2009-12-06 12:53:00,United Kingdom,1,3,1,131,5,At Risk,Dormant,,Inactive (>1 yr),,
16965,226,1,192.07,2011-04-27 12:08:00,2011-04-27 12:08:00,United Kingdom,2,2,1,221,5,Hibernating,Dormant,0.8312198750031079,High,48.0175,39.91310034796173
16966,8,7,2154.97,2011-04-13 14:17:00,2011-12-01 13:40:00,United Kingdom,5,4,4,544,13,Champions,Active High-Value,0.22923344498335813,Low,538.7425,123.49779923394681
16967,189,1,319.02,2011-06-03 14:24:00,2011-06-03 14:24:00,United Kingdom,2,2,2,222,6,Hibernating,Dormant,0.8086006795086491,High,79.755,64.4899471942123
16968,4,2,439.43,2011-08-24 10:51:00,2011-12-05 15:02:00,United Kingdom,5,3,2,532,10,Potential Loyalists,Recent Developing,0.7570382313991247,High,109.8575,83.16632750592935
16969,39,3,650.41,2011-06-01 12:10:00,2011-10-31 13:12:00,United Kingdom,4,3,3,433,10,Potential Loyalists,Recent Developing,0.5207542704857541,Medium,162.6025,84.67594626665982
16970,626,1,71.4,2010-03-23 13:50:00,2010-03-23 13:50:00,United Kingdom,1,2,1,121,4,Hibernating,Dormant,,Inactive (>1 yr),,
16971,38,1,357.21,2011-11-01 15:06:00,2011-11-01 15:06:00,United Kingdom,4,2,2,422,8,Potential Loyalists,Recent Developing,0.6771889000437301,High,89.3025,60.474661746155206
16972,382,2,749.0,2010-09-09 11:20:00,2010-11-22 10:59:00,United Kingdom,2,3,3,233,8,At Risk,Dormant,,Inactive (>1 yr),,
16973,386,1,127.0,2010-11-18 13:56:00,2010-11-18 13:56:00,United Kingdom,2,2,1,221,5,Hibernating,Dormant,,Inactive (>1 yr),,
16974,522,2,365.5,2010-05-24 10:43:00,2010-07-05 10:18:00,United Kingdom,1,3,2,132,6,At Risk,Dormant,,Inactive (>1 yr),,
16975,423,3,926.12,2010-07-22 11:38:00,2010-10-12 17:53:00,United Kingdom,1,3,3,133,7,At Risk,Lapsing Mid-Value,,Inactive (>1 yr),,
16976,267,1,251.51999999999998,2011-03-17 16:33:00,2011-03-17 16:33:00,United Kingdom,2,2,1,221,5,Hibernating,Dormant,0.8528070550298291,High,62.879999999999995,53.62450762027565
16977,395,4,496.0,2010-03-18 11:06:00,2010-11-09 13:17:00,United Kingdom,2,4,2,242,8,At Risk,Dormant,,Inactive (>1 yr),,
16978,77,3,768.88,2010-02-11 16:27:00,2011-09-23 12:50:00,United Kingdom,3,3,3,333,9,Need Attention,Recent Developing,0.7976717715652957,High,86.0825,68.66558027576956
16979,3,9,2859.74,2010-09-15 14:30:00,2011-12-06 12:21:00,United Kingdom,5,5,4,554,14,Champions,Active High-Value,0.23148975630623395,Low,463.0,107.17975716978631
16980,255,3,1422.8300000000002,2010-10-07 14:05:00,2011-03-29 16:36:00,United Kingdom,2,3,4,234,9,At Risk,Lapsing Mid-Value,0.6348607709317621,High,257.115,163.23222711812002
16982,60,1,384.06,2011-10-10 12:28:00,2011-10-10 12:28:00,United Kingdom,3,2,2,322,7,About to Sleep,Recent Developing,0.7145334097246859,High,96.015,68.60592533471572
16983,12,11,3490.5299999999997,2010-09-19 12:38:00,2011-11-27 12:10:00,United Kingdom,5,5,5,555,15,Champions,Active High-Value,0.2061533258153597,Low,435.59499999999997,89.7993579585416
16984,88,9,10350.53,2010-03-07 15:34:00,2011-09-12 13:43:00,United Kingdom,3,5,5,355,13,Loyal Customers,Active High-Value,0.32353029750547996,Medium,1114.88,360.6974580829095
16985,17,23,10923.16,2009-12-10 13:34:00,2011-11-22 13:33:00,United Kingdom,5,5,5,555,15,Champions,Active High-Value,0.09658981109259142,Low,1366.03,131.94457964681266
16986,29,11,4888.75,2010-02-04 14:46:00,2011-11-10 11:55:00,United Kingdom,4,5,5,455,14,Loyal Customers,Active High-Value,0.43874133028992895,Medium,468.3,205.46256497477373
16987,3,11,2499.45,2009-12-02 14:34:00,2011-12-06 17:26:00,United Kingdom,5,5,4,554,14,Champions,Active High-Value,0.2809924452182001,Low,404.2,113.57714635719648
16988,5,2,382.67,2010-11-25 09:22:00,2011-12-04 16:02:00,United Kingdom,5,3,2,532,10,Potential Loyalists,Recent Developing,0.923391055855752,High,31.53,29.11451999113186
16989,7,6,1133.25,2011-07-12 09:11:00,2011-12-02 16:39:00,United Kingdom,5,4,3,543,12,Champions,Recent Developing,0.23894527235616905,Low,283.3125,67.69618247440714
16990,218,2,344.0,2010-10-13 11:42:00,2011-05-05 08:30:00,United Kingdom,2,3,2,232,7,At Risk,Dormant,0.8366798320376665,High,44.75,37.44142248368558
16991,421,1,1041.21,2010-10-14 14:08:00,2010-10-14 14:08:00,United Kingdom,1,2,3,123,6,Hibernating,Dormant,,Inactive (>1 yr),,
16992,10,13,5476.5,2010-02-11 12:36:00,2011-11-29 11:50:00,United Kingdom,5,5,5,555,15,Champions,Active High-Value,0.23481351008159873,Low,403.5775,94.76544936495641
16993,463,2,1950.9499999999998,2010-05-12 13:55:00,2010-09-02 12:16:00,United Kingdom,1,3,4,134,8,At Risk,Lapsing Mid-Value,,Inactive (>1 yr),,
16996,30,9,2123.61,2010-10-18 12:24:00,2011-11-09 16:43:00,United Kingdom,4,5,4,454,13,Loyal Customers,Active High-Value,0.31502079597512483,Medium,364.24,114.74317472597947
16997,288,3,702.0,2011-01-18 11:51:00,2011-02-24 17:28:00,United Kingdom,2,3,3,233,8,At Risk,Lapsing Mid-Value,0.7637087014559815,High,175.5,134.03087710552475
16998,149,5,402.0,2010-09-21 14:39:00,2011-07-13 09:44:00,United Kingdom,3,4,2,342,9,Loyal Customers,Lapsing Mid-Value,0.6711902022982109,High,73.75,49.50027741949305
16999,23,2,484.82,2011-09-26 15:43:00,2011-11-16 13:53:00,United Kingdom,4,3,2,432,9,Potential Loyalists,Recent Developing,0.5590579788904348,Medium,121.205,67.76062233141515
17000,396,2,406.3,2010-10-27 14:16:00,2010-11-08 13:35:00,United Kingdom,2,3,2,232,7,At Risk,Dormant,,Inactive (>1 yr),,
17001,0,19,6640.8,2010-03-25 12:41:00,2011-12-09 09:38:00,United Kingdom,5,5,5,555,15,Champions,Active High-Value,0.12547974597259312,Low,997.3925,125.15255753496959
17002,85,7,2571.55,2010-03-08 15:46:00,2011-09-15 12:40:00,United Kingdom,3,4,4,344,11,Loyal Customers,Lapsing Mid-Value,0.4284541288334769,Medium,373.4325,159.99869646560737
17003,402,4,828.21,2010-05-10 11:20:00,2010-11-02 13:15:00,United Kingdom,2,4,3,243,9,At Risk,Lapsing Mid-Value,,Inactive (>1 yr),,
17004,46,4,2324.36,2010-10-11 15:43:00,2011-10-24 14:25:00,United Kingdom,4,4,4,444,12,Loyal Customers,Lapsing Mid-Value,0.5294397733186772,Medium,328.03499999999997,173.67477604059226
17005,470,2,622.36,2010-04-30 10:55:00,2010-08-26 10:57:00,United Kingdom,1,3,3,133,7,At Risk,Dormant,,Inactive (>1 yr),,
17006,4,8,1635.27,2010-03-05 13:33:00,2011-12-05 12:09:00,United Kingdom,5,5,4,554,14,Champions,Active High-Value,0.3961051910732503,Medium,195.445,77.4167790693114
17007,50,7,1120.1,2010-09-28 13:51:00,2011-10-20 10:47:00,United Kingdom,4,4,3,443,11,Loyal Customers,Lapsing Mid-Value,0.4030725017877543,Medium,222.48250000000002,89.67657787899405
17008,429,1,81.36,2010-10-06 15:19:00,2010-10-06 15:19:00,United Kingdom,1,2,1,121,4,Hibernating,Dormant,,Inactive (>1 yr),,
17009,551,1,242.06,2010-06-06 16:01:00,2010-06-06 16:01:00,United Kingdom,1,2,1,121,4,Hibernating,Dormant,,Inactive (>1 yr),,
17010,18,1,195.36,2011-11-21 14:49:00,2011-11-21 14:49:00,United Kingdom,5,2,1,521,8,Potential Loyalists,Recent Developing,0.6745135202131284,High,48.84,32.94324032720919
17011,30,3,671.7,2010-02-26 09:47:00,2011-11-09 13:30:00,United Kingdom,4,3,3,433,10,Potential Loyalists,Recent Developing,0.8107959147527183,High,67.725,54.91115332662784
17012,725,1,360.61,2009-12-14 17:34:00,2009-12-14 17:34:00,United Kingdom,1,2,2,122,5,Hibernating,Dormant,,Inactive (>1 yr),,
17014,8,3,583.4300000000001,2011-10-04 11:36:00,2011-12-01 14:09:00,United Kingdom,5,3,2,532,10,Potential Loyalists,Recent Developing,0.37592737213085664,Medium,145.85750000000002,54.83182668057643
17015,28,3,1838.6100000000001,2011-06-07 13:19:00,2011-11-11 10:45:00,United Kingdom,4,3,4,434,11,Potential Loyalists,Recent Developing,0.41061790951031846,Medium,459.65250000000003,188.74154865119166
17016,576,1,552.4,2010-05-12 12:32:00,2010-05-12 12:32:00,United Kingdom,1,2,2,122,5,Hibernating,Dormant,,Inactive (>1 yr),,
17017,2,29,12576.99,2009-12-03 13:22:00,2011-12-07 09:32:00,United Kingdom,5,5,5,555,15,Champions,Active High-Value,0.06740852286725794,Low,1790.1599999999999,120.67204129605047
17018,40,6,2287.7,2009-12-05 10:27:00,2011-10-30 11:42:00,United Kingdom,4,4,4,444,12,Loyal Customers,Lapsing Mid-Value,0.514625300990153,Medium,230.025,118.37668486025996
17019,11,11,3586.99,2009-12-02 11:52:00,2011-11-28 13:06:00,United Kingdom,5,5,5,555,15,Champions,Active High-Value,0.36172042804851384,Medium,224.815,81.32017803172664
17020,542,2,935.62,2010-03-03 12:27:00,2010-06-15 13:06:00,United Kingdom,1,3,3,133,7,At Risk,Dormant,,Inactive (>1 yr),,
17021,442,6,1182.22,2010-04-29 20:05:00,2010-09-23 20:01:00,United Kingdom,1,4,3,143,8,At Risk,Lapsing Mid-Value,,Inactive (>1 yr),,
17022,31,2,260.0,2010-10-03 10:27:00,2011-11-08 17:09:00,United Kingdom,4,3,1,431,8,Potential Loyalists,Recent Developing,0.8974146154935924,High,17.75,15.929109425011264
17023,417,3,800.18,2010-01-11 15:09:00,2010-10-18 15:37:00,United Kingdom,1,3,3,133,7,At Risk,Lapsing Mid-Value,,Inactive (>1 yr),,
17024,45,3,95.85,2011-07-05 09:31:00,2011-10-25 13:47:00,United Kingdom,4,3,1,431,8,Potential Loyalists,Recent Developing,0.6333148412906949,High,23.9625,15.175806884428276
17025,60,5,1349.67,2010-03-08 13:37:00,2011-10-10 09:06:00,United Kingdom,3,4,4,344,11,Loyal Customers,Lapsing Mid-Value,0.7244620218427684,High,49.2,35.64353147466421
17026,185,3,175.82999999999998,2010-10-18 15:22:00,2011-06-07 14:28:00,United Kingdom,3,3,1,331,7,Need Attention,Dormant,0.7837595859017821,High,30.419999999999998,23.84196660313221
17027,78,9,1310.63,2009-12-10 12:10:00,2011-09-22 12:24:00,United Kingdom,3,5,4,354,12,Loyal Customers,Lapsing Mid-Value,0.28755416159679564,Low,219.39000000000001,63.086507512721
17028,581,3,1593.83,2009-12-18 14:28:00,2010-05-07 15:33:00,United Kingdom,1,3,4,134,8,At Risk,Lapsing Mid-Value,,Inactive (>1 yr),,
17029,110,7,2137.3,2010-02-14 10:19:00,2011-08-21 11:06:00,United Kingdom,3,4,4,344,11,Loyal Customers,Lapsing Mid-Value,0.5380840988003447,Medium,179.0,96.3170536852617
17030,63,1,146.87,2011-10-07 08:49:00,2011-10-07 08:49:00,United Kingdom,3,2,1,321,6,About to Sleep,Dormant,0.7591735556479401,High,36.7175,27.87495502950324
17031,11,6,2773.85,2010-05-07 14:52:00,2011-11-28 10:23:00,United Kingdom,5,4,4,544,13,Champions,Active High-Value,0.6105554015789211,High,95.0875,58.056186747635664
17032,603,5,2896.69,2009-12-10 15:36:00,2010-04-15 14:14:00,United Kingdom,1,4,5,145,10,At Risk,Lapsing Mid-Value,,Inactive (>1 yr),,
17033,86,4,1332.79,2010-11-07 12:55:00,2011-09-14 14:34:00,United Kingdom,3,4,4,344,11,Loyal Customers,Lapsing Mid-Value,0.5076110213347363,Medium,257.535,130.72760437944135
17034,16,5,1276.42,2010-07-14 12:55:00,2011-11-23 15:14:00,United Kingdom,5,4,4,544,13,Champions,Recent Developing,0.47966588419211525,Medium,186.38,89.40012749572644
17035,245,4,613.59,2009-12-03 10:37:00,2011-04-08 11:23:00,United Kingdom,2,4,3,243,9,At Risk,Lapsing Mid-Value,0.6747182660807782,High,108.38250000000001,73.12765247349995
17036,383,1,176.9,2010-11-21 14:26:00,2010-11-21 14:26:00,United Kingdom,2,2,1,221,5,Hibernating,Dormant,,Inactive (>1 yr),,
17037,87,1,1267.32,2011-09-13 12:49:00,2011-09-13 12:49:00,United Kingdom,3,2,4,324,9,About to Sleep,Recent Developing,0.6776571093533881,High,316.83,214.70210195643392
17038,30,2,743.17,2010-10-20 16:04:00,2011-11-09 13:50:00,United Kingdom,4,3,3,433,10,Potential Loyalists,Recent Developing,0.888126700141204,High,28.1,24.95636027396783
17039,604,1,1954.99,2010-04-14 12:56:00,2010-04-14 12:56:00,United Kingdom,1,2,4,124,7,Hibernating,Dormant,,Inactive (>1 yr),,
17040,137,2,463.25,2010-06-07 15:08:00,2011-07-25 10:19:00,United Kingdom,3,3,2,332,8,Need Attention,Dormant,0.810347676975677,High,112.4325,91.1094151915678
17041,26,6,1655.2,2010-04-18 14:25:00,2011-11-13 11:21:00,United Kingdom,4,4,4,444,12,Loyal Customers,Recent Developing,0.4693625667264718,Medium,267.8725,125.72932415543681
17042,2,5,1036.58,2011-04-06 14:53:00,2011-12-07 12:26:00,United Kingdom,5,4,3,543,12,Champions,Recent Developing,0.43767017312085427,Medium,259.145,113.42003701340377
17043,32,8,2593.65,2009-12-09 15:20:00,2011-11-07 15:33:00,United Kingdom,4,5,4,454,13,Loyal Customers,Active High-Value,0.3023201920109591,Medium,433.795,131.144987693394
17044,25,12,11962.3,2009-12-07 12:25:00,2011-11-14 14:28:00,United Kingdom,4,5,5,455,14,Loyal Customers,Active High-Value,0.5027670925631474,Medium,237.12,119.21613298857352
17045,113,5,827.6800000000001,2010-10-06 14:52:00,2011-08-18 17:09:00,United Kingdom,3,4,3,343,10,Loyal Customers,Lapsing Mid-Value,0.5854876525920957,Medium,84.86,49.68448219896524
17046,157,5,1906.07,2010-03-29 13:46:00,2011-07-05 14:24:00,United Kingdom,3,4,4,344,11,Loyal Customers,Lapsing Mid-Value,0.6753009016911814,High,160.505,108.38917122594307
17047,85,6,2289.23,2009-12-08 08:48:00,2011-09-15 13:27:00,United Kingdom,3,4,4,344,11,Loyal Customers,Lapsing Mid-Value,0.48380672849973744,Medium,275.225,133.15570685134026
17048,117,7,2071.68,2010-01-18 13:55:00,2011-08-14 11:49:00,United Kingdom,3,4,4,344,11,Loyal Customers,Lapsing Mid-Value,0.4696560134473886,Medium,231.3375,108.64904801088527
17049,2,19,9942.53,2010-03-04 10:23:00,2011-12-07 10:48:00,United Kingdom,5,5,5,555,15,Champions,Active High-Value,0.11868020540970334,Low,1413.7575,167.78503049950865
17050,96,10,4348.46,2010-01-26 14:54:00,2011-09-04 13:48:00,United Kingdom,3,5,5,355,13,Loyal Customers,Lapsing Mid-Value,0.283828347192368,Low,796.41,226.0437339874738
17051,194,4,706.49,2010-03-21 14:55:00,2011-05-29 14:13:00,United Kingdom,2,4,3,243,9,At Risk,Lapsing Mid-Value,0.7122362106124451,High,60.222500000000004,42.89264519360798
17052,28,1,399.09,2011-11-11 14:50:00,2011-11-11 14:50:00,United Kingdom,4,2,2,422,8,Potential Loyalists,Recent Developing,0.6414410532652263,High,99.7725,63.99817748690479
17053,130,1,498.48,2011-08-01 10:23:00,2011-08-01 10:23:00,United Kingdom,3,2,2,322,7,About to Sleep,Dormant,0.7793256602636265,High,124.62,97.11956378205313
17054,28,5,1356.33,2011-04-08 13:14:00,2011-11-11 12:56:00,United Kingdom,4,4,4,444,12,Loyal Customers,Recent Developing,0.38058329458045576,Medium,339.0825,129.0491349845774
17055,445,1,232.85,2010-09-20 12:21:00,2010-09-20 12:21:00,United Kingdom,1,2,1,121,4,Hibernating,Dormant,,Inactive (>1 yr),,
17056,738,1,128.60000000000002,2009-12-01 12:55:00,2009-12-01 12:55:00,United Kingdom,1,2,1,121,4,Hibernating,Dormant,,Inactive (>1 yr),,
17057,596,1,288.79,2010-04-22 19:21:00,2010-04-22 19:21:00,United Kingdom,1,2,2,122,5,Hibernating,Dormant,,Inactive (>1 yr),,
17058,81,3,1179.89,2011-04-14 09:18:00,2011-09-19 10:13:00,United Kingdom,3,3,3,333,9,Need Attention,Lapsing Mid-Value,0.5083399565831047,Medium,294.9725,149.94630784320987
17059,29,9,4864.57,2010-01-26 14:43:00,2011-11-10 12:27:00,United Kingdom,4,5,5,455,14,Loyal Customers,Active High-Value,0.26931540058943426,Low,589.5075,158.76344851297594
17060,266,1,234.24,2011-03-18 13:27:00,2011-03-18 13:27:00,United Kingdom,2,2,1,221,5,Hibernating,Dormant,0.8477870113489702,High,58.56,49.6464073845957
17061,73,11,5232.2300000000005,2011-04-21 13:29:00,2011-09-27 11:24:00,United Kingdom,3,5,5,355,13,Loyal Customers,Active High-Value,0.33229522223091396,Medium,1308.0575000000001,434.6612576533138
17062,313,6,884.71,2010-09-26 11:57:00,2011-01-30 11:01:00,United Kingdom,2,4,3,243,9,At Risk,Lapsing Mid-Value,0.7995557718116093,High,60.985,48.76090874393099
17063,21,13,3638.53,2009-12-01 12:36:00,2011-11-18 16:19:00,United Kingdom,4,5,5,455,14,Loyal Customers,Active High-Value,0.19357775995742244,Low,365.285,70.71105204604706
17064,58,3,855.45,2011-01-16 16:10:00,2011-10-12 10:18:00,United Kingdom,4,3,3,433,10,Potential Loyalists,Recent Developing,0.5564030067833294,Medium,213.8625,118.9937380381998
17065,637,2,194.7,2010-03-12 11:40:00,2010-03-12 11:41:00,United Kingdom,1,3,1,131,5,At Risk,Dormant,,Inactive (>1 yr),,
17066,726,1,228.34,2009-12-13 13:24:00,2009-12-13 13:24:00,United Kingdom,1,2,1,121,4,Hibernating,Dormant,,Inactive (>1 yr),,
17067,724,3,454.54,2009-12-08 12:03:00,2009-12-15 08:39:00,United Kingdom,1,3,2,132,6,At Risk,Dormant,,Inactive (>1 yr),,
17068,12,47,8980.18,2010-03-28 14:26:00,2011-11-27 13:14:00,United Kingdom,5,5,5,555,15,Champions,Active High-Value,0.04918614249458886,Low,1096.4975,53.932482279960446
17069,28,14,5517.2300000000005,2009-12-03 12:27:00,2011-11-11 17:13:00,United Kingdom,4,5,5,455,14,Loyal Customers,Active High-Value,0.16790414099519888,Low,608.1625,102.11300214799265
17070,114,2,437.42,2010-10-25 15:57:00,2011-08-17 17:01:00,United Kingdom,3,3,2,332,8,Need Attention,Dormant,0.7895154283950088,High,76.06,60.05054348372437
17071,28,13,3793.71,2010-01-24 13:05:00,2011-11-11 16:31:00,United Kingdom,4,5,5,455,14,Loyal Customers,Active High-Value,0.13343816338912884,Low,607.2575,81.03132550427391
17072,625,1,273.35,2010-03-24 16:33:00,2010-03-24 16:33:00,United Kingdom,1,2,1,121,4,Hibernating,Dormant,,Inactive (>1 yr),,
17073,17,4,1444.84,2011-08-22 14:37:00,2011-11-22 11:47:00,United Kingdom,5,4,4,544,13,Champions,Recent Developing,0.26432128567724766,Low,361.21,95.47549159947863
17074,562,1,203.05,2010-05-26 12:04:00,2010-05-26 12:04:00,United Kingdom,1,2,1,121,4,Hibernating,Dormant,,Inactive (>1 yr),,
17075,17,10,2236.63,2009-12-14 11:24:00,2011-11-22 11:58:00,United Kingdom,5,5,4,554,14,Champions,Active High-Value,0.30854757768742547,Medium,208.53,64.34142637515883
17076,36,6,1242.75,2009-12-04 12:12:00,2011-11-03 17:53:00,United Kingdom,4,4,4,444,12,Loyal Customers,Lapsing Mid-Value,0.4745321376548844,Medium,210.26999999999998,99.77987258469253
17077,578,1,306.0,2010-05-10 16:36:00,2010-05-10 16:36:00,United Kingdom,1,2,2,122,5,Hibernating,Dormant,,Inactive (>1 yr),,
17078,36,2,375.86,2011-11-03 18:49:00,2011-11-03 19:17:00,United Kingdom,4,3,2,432,9,Potential Loyalists,Recent Developing,0.6146086384605227,High,93.965,57.75170071294302
17079,78,1,118.80000000000001,2011-09-22 15:34:00,2011-09-22 15:34:00,United Kingdom,3,2,1,321,6,About to Sleep,Dormant,0.7956656929791381,High,29.700000000000003,23.631271081480406
17080,22,7,957.53,2010-07-01 16:03:00,2011-11-17 12:59:00,United Kingdom,4,4,3,443,11,Loyal Customers,Recent Developing,0.6397550184218167,High,71.905,46.00158459962073
17081,25,6,949.39,2010-02-22 13:19:00,2011-11-14 12:56:00,United Kingdom,4,4,3,443,11,Loyal Customers,Recent Developing,0.49368057858517683,Medium,72.2275,35.657313989760866
17082,33,6,4732.03,2009-12-15 11:25:00,2011-11-06 15:17:00,United Kingdom,4,4,5,445,13,Loyal Customers,Active High-Value,0.500328560528494,Medium,500.9625,250.64584650375565
17083,109,9,4049.79,2010-02-09 11:46:00,2011-08-22 15:43:00,United Kingdom,3,5,5,355,13,Loyal Customers,Lapsing Mid-Value,0.4552634818429044,Medium,351.445,160.0000743762795
17084,35,3,5001.21,2010-11-08 14:20:00,2011-11-04 14:54:00,United Kingdom,4,3,5,435,12,Potential Loyalists,Lapsing Mid-Value,0.6030415995555088,High,686.9975000000001,414.28807129063574
17085,123,28,7839.27,2009-12-06 12:16:00,2011-08-08 14:15:00,United Kingdom,3,5,5,355,13,Loyal Customers,Active High-Value,0.4014202214326672,Medium,390.6,156.79473849159982
17086,7,6,2050.08,2011-10-07 11:22:00,2011-12-02 13:54:00,United Kingdom,5,4,4,544,13,Champions,Recent Developing,0.2058360206704744,Low,512.52,105.49507731403153
17087,737,1,221.53,2009-12-02 10:41:00,2009-12-02 10:41:00,United Kingdom,1,2,1,121,4,Hibernating,Dormant,,Inactive (>1 yr),,
17088,28,4,1991.01,2011-03-31 09:48:00,2011-11-11 14:23:00,United Kingdom,4,4,4,444,12,Loyal Customers,Recent Developing,0.34413604640934076,Medium,497.7525,171.29457744036537
17089,386,1,128.45,2010-11-18 15:33:00,2010-11-18 15:33:00,United Kingdom,2,2,1,221,5,Hibernating,Dormant,,Inactive (>1 yr),,
17090,4,13,3080.1800000000003,2010-07-19 16:02:00,2011-12-05 13:44:00,United Kingdom,5,5,5,555,15,Champions,Active High-Value,0.20660417029289446,Low,493.6625,101.99273121721602
17091,2,19,7495.75,2009-12-16 15:45:00,2011-12-07 10:43:00,United Kingdom,5,5,5,555,15,Champions,Active High-Value,0.13658204053504644,Low,883.5775,120.68081792085499
17092,50,11,5511.41,2010-02-02 16:42:00,2011-10-20 19:51:00,United Kingdom,4,5,5,455,14,Loyal Customers,Active High-Value,0.2455626902139702,Low,443.5075,108.90889483007238
17093,592,1,235.88,2010-04-26 10:22:00,2010-04-26 10:22:00,United Kingdom,1,2,1,121,4,Hibernating,Dormant,,Inactive (>1 yr),,
17094,322,2,402.20000000000005,2010-10-12 10:48:00,2011-01-21 13:09:00,United Kingdom,2,3,2,232,7,At Risk,Dormant,0.7819906189398131,High,75.5,59.04029172995589
17095,22,7,2572.25,2009-12-15 12:32:00,2011-11-17 12:21:00,United Kingdom,4,4,4,444,12,Loyal Customers,Active High-Value,0.4104580533718291,Medium,331.04,135.87803398821032
17096,15,11,3697.93,2010-06-02 14:48:00,2011-11-24 15:01:00,United Kingdom,5,5,5,555,15,Champions,Active High-Value,0.275653277816509,Low,255.5325,70.43837121364709
17097,2,9,1143.36,2010-10-05 14:09:00,2011-12-07 17:05:00,Spain,5,5,3,553,13,Champions,Active High-Value,0.3307021022781001,Medium,194.925,64.46210728655866
17098,381,3,591.0699999999999,2010-06-17 10:30:00,2010-11-23 12:13:00,United Kingdom,2,3,2,232,7,At Risk,Dormant,,Inactive (>1 yr),,
17099,533,1,582.17,2010-06-24 16:25:00,2010-06-24 16:25:00,United Kingdom,1,2,2,122,5,Hibernating,Dormant,,Inactive (>1 yr),,
17100,18,2,971.74,2011-11-21 16:36:00,2011-11-21 16:36:00,United Kingdom,5,3,3,533,11,Potential Loyalists,Recent Developing,0.48805597913848825,Medium,242.935,118.56587929200865
17101,10,7,2507.05,2010-06-07 15:12:00,2011-11-29 13:57:00,United Kingdom,5,4,4,544,13,Champions,Active High-Value,0.3400756576814362,Medium,405.4325,137.8777240829289
17102,261,1,25.5,2011-03-23 10:08:00,2011-03-23 10:08:00,United Kingdom,2,2,1,221,5,Hibernating,Dormant,0.9060268735167358,High,6.375,5.775921318669191
17103,722,1,424.3,2009-12-17 14:08:00,2009-12-17 14:08:00,United Kingdom,1,2,2,122,5,Hibernating,Dormant,,Inactive (>1 yr),,
17104,423,1,474.03,2010-10-12 12:21:00,2010-10-12 12:21:00,United Kingdom,1,2,2,122,5,Hibernating,Dormant,,Inactive (>1 yr),,
17105,159,2,665.78,2011-02-06 14:46:00,2011-07-03 15:53:00,United Kingdom,3,3,3,333,9,Need Attention,Dormant,0.6750781952583828,High,166.445,112.36339020978151
17106,389,1,481.58,2010-11-15 14:11:00,2010-11-15 14:11:00,United Kingdom,2,2,2,222,6,Hibernating,Dormant,,Inactive (>1 yr),,
17107,33,10,16052.72,2010-01-31 15:47:00,2011-11-06 14:14:00,United Kingdom,4,5,5,455,14,Loyal Customers,Active High-Value,0.14331140228520087,Low,2699.37,386.85049998660264
17108,663,1,174.95,2010-02-14 12:22:00,2010-02-14 12:22:00,United Kingdom,1,2,1,121,4,Hibernating,Dormant,,Inactive (>1 yr),,
17109,29,8,1291.71,2010-07-30 12:42:00,2011-11-10 16:59:00,United Kingdom,4,5,4,454,13,Loyal Customers,Lapsing Mid-Value,0.2891673965939072,Low,220.3225,63.71008373606112
17110,165,3,499.9,2010-04-08 13:32:00,2011-06-27 12:58:00,United Kingdom,3,3,2,332,8,Need Attention,Dormant,0.7841693168781451,High,40.824999999999996,32.01371236155027
17111,47,2,459.58,2010-10-10 15:21:00,2011-10-23 15:59:00,United Kingdom,4,3,2,432,9,Potential Loyalists,Recent Developing,0.839303426339463,High,57.9025,48.59776664362076
17112,502,1,197.57,2010-07-25 11:14:00,2010-07-25 11:14:00,United Kingdom,1,2,1,121,4,Hibernating,Dormant,,Inactive (>1 yr),,
17113,574,6,2305.59,2010-01-11 10:14:00,2010-05-14 13:59:00,United Kingdom,1,4,4,144,9,At Risk,Lapsing Mid-Value,,Inactive (>1 yr),,
17114,5,8,801.12,2011-01-09 11:39:00,2011-12-04 12:17:00,United Kingdom,5,5,3,553,13,Champions,Recent Developing,0.23564794453068744,Low,200.28,47.19557033060608
17115,8,7,2761.4900000000002,2009-12-05 12:13:00,2011-12-01 14:30:00,United Kingdom,5,4,4,544,13,Champions,Active High-Value,0.4997632244635973,Medium,209.375,104.63792512206568
17116,648,1,389.78,2010-03-01 16:29:00,2010-03-01 16:29:00,United Kingdom,1,2,2,122,5,Hibernating,Dormant,,Inactive (>1 yr),,
17117,288,1,116.19999999999999,2011-02-24 13:54:00,2011-02-24 13:54:00,United Kingdom,2,2,1,221,5,Hibernating,Dormant,0.8645354364403276,High,29.049999999999997,25.114754428591514
17118,317,1,157.02,2011-01-26 12:19:00,2011-01-26 12:19:00,United Kingdom,2,2,1,221,5,Hibernating,Dormant,0.8596853499722882,High,39.255,33.74694841316217
17119,3,2,606.91,2011-10-11 11:03:00,2011-12-06 14:40:00,United Kingdom,5,3,3,533,11,Potential Loyalists,Recent Developing,0.6442832319935312,High,151.7275,97.75548408229851
17120,233,1,307.46,2011-04-20 15:21:00,2011-04-20 15:21:00,United Kingdom,2,2,2,222,6,Hibernating,Dormant,0.8216328825442593,High,76.865,63.15481151676448
17121,402,1,314.74,2010-11-02 11:47:00,2010-11-02 11:47:00,United Kingdom,2,2,2,222,6,Hibernating,Dormant,,Inactive (>1 yr),,
17122,119,4,570.5,2010-07-28 09:34:00,2011-08-12 14:33:00,United Kingdom,3,4,2,342,9,Loyal Customers,Lapsing Mid-Value,0.7473507661411384,High,34.58,25.843389493160565
17123,161,3,966.67,2010-05-16 11:52:00,2011-07-01 10:47:00,United Kingdom,3,3,3,333,9,Need Attention,Lapsing Mid-Value,0.7501759118030928,High,86.32499999999999,64.75893558640198
17124,185,1,294.24,2011-06-07 14:02:00,2011-06-07 14:02:00,United Kingdom,3,2,2,322,7,About to Sleep,Dormant,0.8057307962873687,High,73.56,59.26955737489884
17125,50,1,230.5,2011-10-20 14:41:00,2011-10-20 14:41:00,United Kingdom,4,2,1,421,7,Potential Loyalists,Dormant,0.7140149775469131,High,57.625,41.14511308114087
17126,152,9,2008.93,2010-08-31 13:41:00,2011-07-10 13:52:00,United Kingdom,3,5,4,354,12,Loyal Customers,Lapsing Mid-Value,0.5107224248484669,Medium,247.3625,126.33357581657889
17127,428,5,1155.0300000000002,2009-12-04 15:18:00,2010-10-07 09:54:00,United Kingdom,1,4,3,143,8,At Risk,Lapsing Mid-Value,,Inactive (>1 yr),,
17128,334,1,157.09,2011-01-09 12:02:00,2011-01-09 12:02:00,United Kingdom,2,2,1,221,5,Hibernating,Dormant,0.8588132297711062,High,39.2725,33.72774256618577
17129,520,1,31.85,2010-07-07 13:46:00,2010-07-07 13:46:00,United Kingdom,1,2,1,121,4,Hibernating,Dormant,,Inactive (>1 yr),,
17131,5,5,2463.17,2011-09-25 12:42:00,2011-12-04 12:52:00,United Kingdom,5,4,4,544,13,Champions,Recent Developing,0.1898147858375341,Low,615.7925,116.88652150785973
17132,452,2,1220.9099999999999,2010-08-08 13:49:00,2010-09-13 16:31:00,United Kingdom,1,3,4,134,8,At Risk,Lapsing Mid-Value,,Inactive (>1 yr),,
17133,15,12,14622.33,2010-03-21 12:31:00,2011-11-24 12:27:00,United Kingdom,5,5,5,555,15,Champions,Active High-Value,0.17127946304701447,Low,1223.0600000000002,209.48506007428153
17134,106,3,625.3,2010-09-23 18:32:00,2011-08-25 09:53:00,United Kingdom,3,3,3,333,9,Need Attention,Lapsing Mid-Value,0.6824169606867087,High,103.3,70.493672038937
17135,16,10,1716.3799999999999,2010-05-09 16:03:00,2011-11-23 16:48:00,United Kingdom,5,5,4,554,14,Champions,Active High-Value,0.22952254999038177,Low,231.0375,53.028316143402826
17136,662,1,231.68,2010-02-15 13:13:00,2010-02-15 13:13:00,United Kingdom,1,2,1,121,4,Hibernating,Dormant,,Inactive (>1 yr),,
17137,416,6,1099.81,2010-01-31 12:27:00,2010-10-19 14:51:00,United Kingdom,1,4,3,143,8,At Risk,Lapsing Mid-Value,,Inactive (>1 yr),,
17138,275,7,4417.27,2010-02-04 14:19:00,2011-03-09 11:54:00,United Kingdom,2,4,5,245,11,At Risk,Lapsing Mid-Value,0.7276579274126304,High,95.125,69.21846034512646
17139,15,25,19566.76,2010-01-11 11:31:00,2011-11-24 10:12:00,United Kingdom,5,5,5,555,15,Champions,Active High-Value,0.056058677075424605,Low,2662.6925,149.26701900865504
17140,247,1,454.12,2011-04-06 13:33:00,2011-04-06 13:33:00,United Kingdom,2,2,2,222,6,Hibernating,Dormant,0.8132194845623509,High,113.53,92.3248080823637
17141,418,4,727.58,2010-01-24 14:19:00,2010-10-17 14:54:00,United Kingdom,1,4,3,143,8,At Risk,Lapsing Mid-Value,,Inactive (>1 yr),,
17142,239,4,1275.25,2010-01-24 15:23:00,2011-04-14 18:22:00,United Kingdom,2,4,4,244,10,At Risk,Lapsing Mid-Value,0.6796268327890509,High,144.75,98.37598404621512
17143,417,2,880.97,2010-07-12 13:26:00,2010-10-18 15:27:00,United Kingdom,1,3,3,133,7,At Risk,Dormant,,Inactive (>1 yr),,
17144,1,2,984.57,2011-09-16 12:50:00,2011-12-08 17:57:00,United Kingdom,5,3,3,533,11,Potential Loyalists,Recent Developing,0.71937518333397,High,246.1425,177.06880606378172
17145,512,4,3120.91,2010-02-19 12:07:00,2010-07-15 09:02:00,United Kingdom,1,4,5,145,10,At Risk,Lapsing Mid-Value,,Inactive (>1 yr),,
17146,105,13,5852.64,2010-02-02 09:39:00,2011-08-26 12:44:00,United Kingdom,3,5,5,355,13,Loyal Customers,Active High-Value,0.47671187513511026,Medium,187.445,89.35725743470074
17147,22,9,3199.95,2010-01-11 09:38:00,2011-11-17 12:32:00,United Kingdom,4,5,5,455,14,Loyal Customers,Active High-Value,0.2632554932989966,Low,428.6475,112.84380906388165
17148,51,1,124.88,2011-10-19 09:59:00,2011-10-19 09:59:00,United Kingdom,4,2,1,421,7,Potential Loyalists,Dormant,0.754528221427015,High,31.22,23.556371072951407
17149,451,1,143.10000000000002,2010-09-14 14:56:00,2010-09-14 14:56:00,United Kingdom,1,2,1,121,4,Hibernating,Dormant,,Inactive (>1 yr),,
17150,376,6,1357.95,2009-12-06 10:51:00,2010-11-28 11:27:00,United Kingdom,2,4,4,244,10,At Risk,Lapsing Mid-Value,,Inactive (>1 yr),,
17151,735,1,231.90000000000003,2009-12-04 14:56:00,2009-12-04 14:56:00,United Kingdom,1,2,1,121,4,Hibernating,Dormant,,Inactive (>1 yr),,
17152,194,4,2016.5,2010-10-10 12:40:00,2011-05-29 12:19:00,United Kingdom,2,4,4,244,10,At Risk,Lapsing Mid-Value,0.6419649179496636,High,422.375,271.14993221898914
17153,24,1,213.78,2011-11-15 13:42:00,2011-11-15 13:42:00,United Kingdom,4,2,1,421,7,Potential Loyalists,Recent Developing,0.6820078609147116,High,53.445,36.44991012658676
17154,75,1,329.34,2011-09-25 13:42:00,2011-09-25 13:42:00,United Kingdom,3,2,2,322,7,About to Sleep,Dormant,0.7333413979895889,High,82.335,60.3796640034728
17155,17,7,892.46,2009-12-03 11:34:00,2011-11-22 12:38:00,United Kingdom,5,4,3,543,12,Champions,Recent Developing,0.589529128600355,Medium,62.925000000000004,37.09612041717734
17156,491,1,591.87,2010-08-05 11:30:00,2010-08-05 11:30:00,United Kingdom,1,2,2,122,5,Hibernating,Dormant,,Inactive (>1 yr),,
17157,7,19,5151.9,2009-12-04 13:00:00,2011-12-02 09:10:00,United Kingdom,5,5,5,555,15,Champions,Active High-Value,0.49598032468151715,Medium,79.75,39.55443089335099
17158,32,5,1980.0,2010-03-07 15:50:00,2011-11-07 15:15:00,United Kingdom,4,4,4,444,12,Loyal Customers,Lapsing Mid-Value,0.4872914085681149,Medium,316.7425,154.34589897838615
17159,21,5,2099.59,2010-03-04 14:53:00,2011-11-18 10:52:00,United Kingdom,4,4,4,444,12,Loyal Customers,Recent Developing,0.43425767920701625,Medium,384.72,167.0676143445233
17160,31,17,10209.16,2009-12-04 10:57:00,2011-11-08 14:05:00,United Kingdom,4,5,5,455,14,Loyal Customers,Active High-Value,0.17492614259521874,Low,879.5075,153.84885435856435
17161,444,1,856.01,2010-09-21 16:44:00,2010-09-21 16:44:00,United Kingdom,1,2,3,123,6,Hibernating,Dormant,,Inactive (>1 yr),,
17162,28,10,1715.46,2011-02-07 12:27:00,2011-11-11 11:34:00,United Kingdom,4,5,4,454,13,Loyal Customers,Active High-Value,0.2656958040068239,Low,428.865,113.94763098538654
17163,21,4,699.78,2010-02-02 10:39:00,2011-11-18 08:57:00,United Kingdom,4,4,3,443,11,Loyal Customers,Recent Developing,0.6627217062313672,High,73.275,48.560933024103434
17164,32,7,2467.35,2011-03-11 14:26:00,2011-11-07 09:14:00,United Kingdom,4,4,4,444,12,Loyal Customers,Lapsing Mid-Value,0.2147456285556344,Low,616.8375,132.46315665418612
17165,284,6,1794.32,2009-12-11 09:18:00,2011-02-28 16:39:00,United Kingdom,2,4,4,244,10,At Risk,Lapsing Mid-Value,0.7611429540529224,High,39.67,30.194540987279435
17166,38,2,206.34,2011-05-20 08:18:00,2011-11-01 09:46:00,United Kingdom,4,3,1,431,8,Potential Loyalists,Recent Developing,0.7545867786980562,High,51.585,38.92535897913923
17167,379,3,867.11,2010-09-20 14:02:00,2010-11-25 10:05:00,United Kingdom,2,3,3,233,8,At Risk,Lapsing Mid-Value,,Inactive (>1 yr),,
17168,498,1,400.2,2010-07-29 12:33:00,2010-07-29 12:33:00,United Kingdom,1,2,2,122,5,Hibernating,Dormant,,Inactive (>1 yr),,
17169,57,3,1156.73,2010-05-10 13:00:00,2011-10-13 10:25:00,United Kingdom,4,3,3,433,10,Potential Loyalists,Recent Developing,0.6602385564204591,High,208.945,137.95354517127282
17170,374,2,178.68,2010-11-15 16:23:00,2010-11-30 15:55:00,United Kingdom,2,3,1,231,6,At Risk,Dormant,,Inactive (>1 yr),,
17171,289,2,384.59,2010-02-16 12:02:00,2011-02-23 16:37:00,United Kingdom,2,3,2,232,7,At Risk,Dormant,0.8253366173919698,High,56.2275,46.40661465440699
17172,78,3,956.5699999999999,2009-12-13 11:46:00,2011-09-22 09:36:00,United Kingdom,3,3,3,333,9,Need Attention,Lapsing Mid-Value,0.7700172430010448,High,79.44,61.170169784002994
17173,5,8,3766.6,2011-07-31 15:26:00,2011-12-04 14:40:00,United Kingdom,5,5,5,555,15,Champions,Active High-Value,0.14420204445902074,Low,941.65,135.78785516483688
17174,217,1,59.9,2011-05-06 11:47:00,2011-05-06 11:47:00,United Kingdom,2,2,1,221,5,Hibernating,Dormant,0.8761912822914549,High,14.975,13.120964452314537
17175,44,4,1443.69,2011-02-16 14:56:00,2011-10-26 15:31:00,United Kingdom,4,4,4,444,12,Loyal Customers,Lapsing Mid-Value,0.42896425116941345,Medium,360.9225,154.82284994269264
17176,201,3,902.3199999999999,2010-01-31 15:49:00,2011-05-22 12:41:00,United Kingdom,2,3,3,233,8,At Risk,Lapsing Mid-Value,0.7659457319620961,High,76.5325,58.61974173138912
17177,505,1,119.5,2010-07-22 14:53:00,2010-07-22 14:53:00,United Kingdom,1,2,1,121,4,Hibernating,Dormant,,Inactive (>1 yr),,
17178,731,1,432.96,2009-12-08 16:20:00,2009-12-08 16:20:00,United Kingdom,1,2,2,122,5,Hibernating,Dormant,,Inactive (>1 yr),,
17179,178,6,1507.26,2010-05-26 11:22:00,2011-06-14 16:48:00,United Kingdom,3,4,4,344,11,Loyal Customers,Lapsing Mid-Value,0.5414934932060289,Medium,177.9475,96.35741338227983
17180,56,11,2236.77,2010-01-21 17:43:00,2011-10-14 15:46:00,United Kingdom,4,5,4,454,13,Loyal Customers,Lapsing Mid-Value,0.31810247484922116,Medium,195.9925,62.34569930188598
17181,57,3,309.85,2010-04-23 11:21:00,2011-10-13 14:48:00,United Kingdom,4,3,2,432,9,Potential Loyalists,Recent Developing,0.8068188611766587,High,21.099999999999998,17.023877970827495
17182,422,2,321.3,2009-12-21 15:22:00,2010-10-13 10:09:00,United Kingdom,1,3,2,132,6,At Risk,Dormant,,Inactive (>1 yr),,
17183,7,6,3347.31,2011-08-26 15:25:00,2011-12-02 10:07:00,United Kingdom,5,4,5,545,14,Champions,Active High-Value,0.1922447978110916,Low,836.8275,160.87573354026125
17184,569,2,198.41000000000003,2009-12-09 14:17:00,2010-05-19 14:24:00,United Kingdom,1,3,1,131,5,At Risk,Dormant,,Inactive (>1 yr),,
17185,591,3,229.46,2010-04-20 13:49:00,2010-04-27 12:15:00,United Kingdom,1,3,1,131,5,At Risk,Dormant,,Inactive (>1 yr),,
17186,46,2,144.0,2011-10-10 12:52:00,2011-10-24 10:20:00,United Kingdom,4,3,1,431,8,Potential Loyalists,Recent Developing,0.7114586675556299,High,36.0,25.612512032002677
17187,226,2,467.71,2010-07-01 14:38:00,2011-04-27 12:39:00,United Kingdom,2,3,2,232,7,At Risk,Dormant,0.8269233671890094,High,50.9875,42.16275518454962
17188,11,13,4592.93,2009-12-08 19:16:00,2011-11-28 13:53:00,United Kingdom,5,5,5,555,15,Champions,Active High-Value,0.20150360017466376,Low,618.5575,124.64156316503959
17189,106,5,953.63,2009-12-02 11:45:00,2011-08-25 19:39:00,United Kingdom,3,4,3,343,10,Loyal Customers,Lapsing Mid-Value,0.6527190108649966,High,95.9375,62.62023010486061
17190,58,7,1724.73,2010-03-05 13:21:00,2011-10-12 11:33:00,United Kingdom,4,4,4,444,12,Loyal Customers,Lapsing Mid-Value,0.566612585757649,Medium,111.185,62.998820347464196
17191,28,15,4310.34,2009-12-01 16:34:00,2011-11-11 16:58:00,United Kingdom,4,5,5,455,14,Loyal Customers,Active High-Value,0.25536304761462303,Low,395.8925,101.09631532777215
17192,536,1,75.28,2010-06-21 16:07:00,2010-06-21 16:07:00,United Kingdom,1,2,1,121,4,Hibernating,Dormant,,Inactive (>1 yr),,
17193,35,9,2310.04,2009-12-02 10:02:00,2011-11-04 12:47:00,United Kingdom,4,5,4,454,13,Loyal Customers,Active High-Value,0.25260470651302736,Low,424.82500000000005,107.31279444439686
17194,360,2,776.66,2010-06-27 13:16:00,2010-12-14 12:06:00,United Kingdom,2,3,3,233,8,At Risk,Dormant,0.8099354451845536,High,56.695,45.91929006473827
17195,655,1,562.98,2010-02-22 13:05:00,2010-02-22 13:05:00,United Kingdom,1,2,2,122,5,Hibernating,Dormant,,Inactive (>1 yr),,
17196,427,1,327.75,2010-10-08 11:31:00,2010-10-08 11:31:00,United Kingdom,1,2,2,122,5,Hibernating,Dormant,,Inactive (>1 yr),,
17197,29,1,1013.01,2011-11-10 10:32:00,2011-11-10 10:32:00,United Kingdom,4,2,3,423,9,Potential Loyalists,Recent Developing,0.6226784078536856,High,253.2525,157.6948634849655
17198,23,3,692.22,2010-12-03 14:54:00,2011-11-16 10:39:00,United Kingdom,4,3,3,433,10,Potential Loyalists,Recent Developing,0.8186342722810891,High,42.64,34.90656537006564
17199,582,1,135.04000000000002,2010-05-06 13:53:00,2010-05-06 13:53:00,United Kingdom,1,2,1,121,4,Hibernating,Dormant,,Inactive (>1 yr),,
17200,387,4,356.71,2010-02-25 13:23:00,2010-11-17 13:04:00,United Kingdom,2,4,2,242,8,At Risk,Dormant,,Inactive (>1 yr),,
17201,53,4,1132.6,2010-02-10 12:26:00,2011-10-17 11:55:00,United Kingdom,4,4,3,443,11,Loyal Customers,Lapsing Mid-Value,0.6869335459166767,High,72.445,49.764900733933636
17202,420,1,160.65,2010-10-15 11:25:00,2010-10-15 11:25:00,United Kingdom,1,2,1,121,4,Hibernating,Dormant,,Inactive (>1 yr),,
17203,35,10,5564.09,2010-11-16 12:52:00,2011-11-04 12:27:00,United Kingdom,4,5,5,455,14,Loyal Customers,Active High-Value,0.2942758143029928,Low,890.02,261.91136024594965
17204,175,9,5504.6900000000005,2010-06-10 11:37:00,2011-06-17 14:46:00,United Kingdom,3,5,5,355,13,Loyal Customers,Lapsing Mid-Value,0.517550130700598,Medium,391.14,202.4345581222319
17205,53,3,999.35,2010-05-24 15:36:00,2011-10-17 12:46:00,United Kingdom,4,3,3,433,10,Potential Loyalists,Recent Developing,0.7513203945866759,High,96.02,72.14178428821262
17206,53,1,204.24,2011-10-17 13:25:00,2011-10-17 13:25:00,United Kingdom,4,2,1,421,7,Potential Loyalists,Dormant,0.7442304671712253,High,51.06,38.000407653762764
17207,652,1,291.77,2010-02-25 19:08:00,2010-02-25 19:08:00,United Kingdom,1,2,2,122,5,Hibernating,Dormant,,Inactive (>1 yr),,
17208,395,1,111.15,2010-11-09 12:50:00,2010-11-09 12:50:00,United Kingdom,2,2,1,221,5,Hibernating,Dormant,,Inactive (>1 yr),,
17209,649,3,595.7,2009-12-03 11:10:00,2010-02-28 16:01:00,United Kingdom,1,3,2,132,6,At Risk,Dormant,,Inactive (>1 yr),,
17210,392,1,251.72,2010-11-12 12:15:00,2010-11-12 12:15:00,United Kingdom,2,2,1,221,5,Hibernating,Dormant,,Inactive (>1 yr),,
17211,26,13,3773.35,2009-12-13 13:17:00,2011-11-13 12:03:00,United Kingdom,4,5,5,455,14,Loyal Customers,Active High-Value,0.21106138600001748,Low,510.98,107.84814701828893
17212,253,3,794.41,2010-08-10 09:22:00,2011-03-31 19:42:00,United Kingdom,2,3,3,233,8,At Risk,Lapsing Mid-Value,0.7768562303032863,High,56.7125,44.05745896107513
17213,40,13,4869.400000000001,2009-12-15 10:28:00,2011-10-30 14:53:00,United Kingdom,4,5,5,455,14,Loyal Customers,Active High-Value,0.25061358021841945,Low,617.0825,154.6492546151328
17214,60,6,1059.1200000000001,2010-12-15 15:14:00,2011-10-10 13:17:00,United Kingdom,3,4,3,343,10,Loyal Customers,Lapsing Mid-Value,0.33747767281737906,Medium,264.78000000000003,89.35733820858563
17215,464,1,186.15,2010-09-01 13:39:00,2010-09-01 13:39:00,United Kingdom,1,2,1,121,4,Hibernating,Dormant,,Inactive (>1 yr),,
17216,554,1,63.6,2010-06-03 13:03:00,2010-06-03 13:03:00,United Kingdom,1,2,1,121,4,Hibernating,Dormant,,Inactive (>1 yr),,
17217,234,2,210.1,2010-03-30 13:35:00,2011-04-19 17:19:00,United Kingdom,2,3,1,231,6,At Risk,Dormant,0.8481861615908541,High,28.375,24.067282335140487
17218,4,18,3889.39,2010-01-25 16:12:00,2011-12-05 13:52:00,United Kingdom,5,5,5,555,15,Champions,Active High-Value,0.12970166880654876,Low,416.1075,53.969837152920995
17219,31,2,259.13,2010-10-19 11:29:00,2011-11-08 11:25:00,United Kingdom,4,3,1,431,8,Potential Loyalists,Recent Developing,0.8709776664740413,High,28.5575,24.872944710332433
17220,24,21,4451.41,2010-01-20 11:57:00,2011-11-15 13:47:00,United Kingdom,4,5,5,455,14,Loyal Customers,Active High-Value,0.08702157148310731,Low,796.8875,69.34640254524469
17221,7,5,976.62,2010-04-11 15:34:00,2011-12-02 13:35:00,United Kingdom,5,4,3,543,12,Champions,Recent Developing,0.7125666594713864,High,83.62,59.584824064997335
17222,65,6,1563.6100000000001,2010-01-10 15:24:00,2011-10-05 13:58:00,United Kingdom,3,4,4,344,11,Loyal Customers,Lapsing Mid-Value,0.6302966069560721,High,82.1625,51.78674496902828
17223,310,3,523.04,2010-11-29 17:19:00,2011-02-02 15:57:00,United Kingdom,2,3,2,232,7,At Risk,Dormant,0.8136510108166941,High,31.0125,25.233351972952725
17224,501,1,100.86,2010-07-26 13:30:00,2010-07-26 13:30:00,United Kingdom,1,2,1,121,4,Hibernating,Dormant,,Inactive (>1 yr),,
17225,581,1,131.15,2010-05-07 11:38:00,2010-05-07 11:38:00,United Kingdom,1,2,1,121,4,Hibernating,Dormant,,Inactive (>1 yr),,
17226,308,3,895.47,2010-02-12 14:31:00,2011-02-04 11:52:00,United Kingdom,2,3,3,233,8,At Risk,Lapsing Mid-Value,0.7489305524326552,High,98.3725,73.67417076918137
17227,18,12,1878.93,2010-01-15 15:05:00,2011-11-21 10:51:00,United Kingdom,5,5,4,554,14,Champions,Active High-Value,0.2022664849066196,Low,199.2675,40.305136781129825
17228,15,13,2820.03,2010-03-12 11:54:00,2011-11-24 10:24:00,United Kingdom,5,5,4,554,14,Champions,Active High-Value,0.165066471800822,Low,387.535,63.96903514933156
17229,96,2,318.76,2011-07-20 12:38:00,2011-09-04 13:56:00,United Kingdom,3,3,2,332,8,Need Attention,Dormant,0.6598761854034781,High,79.69,52.58553321480317
17230,264,18,9388.49,2009-12-08 13:41:00,2011-03-20 16:12:00,United Kingdom,2,5,5,255,12,Can't Lose Them,Active High-Value,0.5111071372995746,Medium,909.6025,464.9043298555363
17231,12,25,7064.8,2009-12-07 16:38:00,2011-11-27 15:18:00,United Kingdom,5,5,5,555,15,Champions,Active High-Value,0.07200170668580308,Low,781.18,56.246293228815645
17232,2,2,417.77,2011-11-25 12:24:00,2011-12-07 12:21:00,United Kingdom,5,3,2,532,10,Potential Loyalists,Recent Developing,0.44877766549773546,Medium,104.4425,46.87146132874723
17233,35,3,560.86,2009-12-15 12:03:00,2011-11-04 14:06:00,United Kingdom,4,3,2,432,9,Potential Loyalists,Recent Developing,0.8069164631838642,High,47.72,38.506053623134
17234,182,1,149.89000000000001,2011-06-10 11:20:00,2011-06-10 11:20:00,United Kingdom,3,2,1,321,6,About to Sleep,Dormant,0.834825939102137,High,37.472500000000004,31.28301500300483
17235,25,8,1562.98,2010-06-04 17:01:00,2011-11-14 15:51:00,United Kingdom,4,5,4,454,13,Loyal Customers,Lapsing Mid-Value,0.6120239651651287,High,52.04,31.849727147193295
17236,12,12,1929.26,2010-03-07 13:00:00,2011-11-27 12:00:00,United Kingdom,5,5,4,554,14,Champions,Active High-Value,0.25025419969790286,Low,229.0325,57.316344992309936
17237,11,4,994.13,2010-11-23 11:45:00,2011-11-28 15:02:00,United Kingdom,5,4,3,543,12,Champions,Recent Developing,0.7381369692617757,High,78.6725,58.07108071424705
17238,2,32,7331.17,2009-12-01 10:59:00,2011-12-07 11:35:00,United Kingdom,5,5,5,555,15,Champions,Active High-Value,0.05908982516236845,Low,837.2525,49.47310384175589
17239,312,4,1189.45,2010-07-01 10:53:00,2011-01-31 09:41:00,United Kingdom,2,4,3,243,9,At Risk,Lapsing Mid-Value,0.7547762247565322,High,95.625,72.17547649234339
17240,596,1,130.6,2010-04-22 15:44:00,2010-04-22 15:44:00,United Kingdom,1,2,1,121,4,Hibernating,Dormant,,Inactive (>1 yr),,
17241,385,12,2736.64,2010-02-15 14:47:00,2010-11-19 13:01:00,United Kingdom,2,5,4,254,11,Can't Lose Them,Lapsing Mid-Value,,Inactive (>1 yr),,
17242,108,5,2889.28,2010-01-24 10:27:00,2011-08-23 14:55:00,United Kingdom,3,4,5,345,12,Loyal Customers,Lapsing Mid-Value,0.5608745885997698,Medium,283.76,159.15377326107068
17243,1,69,20184.68,2009-12-01 15:36:00,2011-12-08 13:26:00,United Kingdom,5,5,5,555,15,Champions,Active High-Value,0.024334858692875265,Low,2068.6875,50.3412179922174
17244,53,5,1826.04,2009-12-06 11:27:00,2011-10-17 15:19:00,United Kingdom,4,4,4,444,12,Loyal Customers,Lapsing Mid-Value,0.669649708315554,High,238.725,159.86212661763062
17245,204,2,371.63,2010-01-19 15:39:00,2011-05-19 10:43:00,United Kingdom,2,3,2,232,7,At Risk,Dormant,0.8543343283457471,High,42.8625,36.618905148719584
17246,546,2,38.92,2009-12-01 17:45:00,2010-06-11 12:36:00,United Kingdom,1,3,1,131,5,At Risk,Dormant,,Inactive (>1 yr),,
17247,15,1,280.09000000000003,2011-11-24 15:21:00,2011-11-24 15:21:00,United Kingdom,5,2,1,521,8,Potential Loyalists,Recent Developing,0.6162490249928507,High,70.02250000000001,43.1512973525619
17248,120,2,500.54,2010-08-15 11:55:00,2011-08-11 13:34:00,United Kingdom,3,3,2,332,8,Need Attention,Dormant,0.8059366826458918,High,79.6625,64.20293098127836
17249,428,1,68.03,2010-10-07 11:33:00,2010-10-07 11:33:00,United Kingdom,1,2,1,121,4,Hibernating,Dormant,,Inactive (>1 yr),,
17250,3,2,381.97,2011-03-23 16:45:00,2011-12-06 12:15:00,United Kingdom,5,3,2,532,10,Potential Loyalists,Recent Developing,0.8553685158262166,High,95.4925,81.681277997535
17251,362,3,798.98,2009-12-15 10:36:00,2010-12-12 11:06:00,United Kingdom,2,3,3,233,8,At Risk,Lapsing Mid-Value,0.7763770233216589,High,67.4575,52.3724530507208
17252,116,2,348.91,2011-06-06 16:41:00,2011-08-15 09:45:00,United Kingdom,3,3,2,332,8,Need Attention,Dormant,0.6614385101492591,High,87.2275,57.69562764404451
17253,18,1,178.26,2011-11-21 12:59:00,2011-11-21 12:59:00,United Kingdom,5,2,1,521,8,Potential Loyalists,Recent Developing,0.6653643465652511,High,44.565,29.651962104680415
17254,4,3,469.48,2010-11-03 14:00:00,2011-12-05 12:46:00,United Kingdom,5,3,2,532,10,Potential Loyalists,Recent Developing,0.7488915516491974,High,67.7975,50.77297497293646
17255,40,4,781.7,2010-09-19 15:53:00,2011-10-30 12:18:00,United Kingdom,4,4,3,443,11,Loyal Customers,Recent Developing,0.6025729298454187,High,72.87,43.909489397835664
17256,107,5,498.93,2010-04-18 13:40:00,2011-08-24 13:30:00,United Kingdom,3,4,2,342,9,Loyal Customers,Lapsing Mid-Value,0.6846921656639472,High,60.0,41.081529939836834
17257,436,2,189.78,2010-09-29 12:49:00,2010-09-29 12:51:00,United Kingdom,1,3,1,131,5,At Risk,Dormant,,Inactive (>1 yr),,
17258,396,2,417.3,2010-02-12 15:51:00,2010-11-08 12:37:00,United Kingdom,2,3,2,232,7,At Risk,Dormant,,Inactive (>1 yr),,
17259,148,6,1452.39,2010-02-22 13:38:00,2011-07-14 15:01:00,United Kingdom,3,4,4,344,11,Loyal Customers,Lapsing Mid-Value,0.7046953071637408,High,53.32,37.574353777970664
17260,411,1,120.95,2010-10-24 13:21:00,2010-10-24 13:21:00,United Kingdom,1,2,1,121,4,Hibernating,Dormant,,Inactive (>1 yr),,
17261,509,1,221.59,2010-07-18 11:49:00,2010-07-18 11:49:00,United Kingdom,1,2,1,121,4,Hibernating,Dormant,,Inactive (>1 yr),,
17262,52,11,2488.76,2009-12-15 11:26:00,2011-10-18 12:56:00,United Kingdom,4,5,4,454,13,Loyal Customers,Active High-Value,0.37371912836273413,Medium,246.125,91.98162046827794
17263,208,1,63.440000000000005,2011-05-15 14:32:00,2011-05-15 14:32:00,United Kingdom,2,2,1,221,5,Hibernating,Dormant,0.859363358049124,High,15.860000000000001,13.629502858659107
17264,424,1,268.28,2010-10-11 12:52:00,2010-10-11 12:52:00,United Kingdom,1,2,1,121,4,Hibernating,Dormant,,Inactive (>1 yr),,
17265,138,2,550.01,2011-06-12 12:00:00,2011-07-24 10:49:00,United Kingdom,3,3,2,332,8,Need Attention,Dormant,0.6320060972930737,High,137.5025,86.90241839304086
17266,2,5,501.71999999999997,2010-03-09 10:42:00,2011-12-07 14:12:00,United Kingdom,5,4,2,542,11,Champions,Recent Developing,0.6936166064245024,High,74.145,51.42820328334473
17267,127,2,317.2,2011-08-04 17:19:00,2011-08-04 17:22:00,United Kingdom,3,3,2,332,8,Need Attention,Dormant,0.7928468936049926,High,79.3,62.87275866287591
17268,107,11,1733.8899999999999,2009-12-08 11:46:00,2011-08-24 10:06:00,United Kingdom,3,5,4,354,12,Loyal Customers,Lapsing Mid-Value,0.44819834203005,Medium,190.91,85.56554547695684
17269,385,1,491.81,2010-11-19 11:12:00,2010-11-19 11:12:00,United Kingdom,2,2,2,222,6,Hibernating,Dormant,,Inactive (>1 yr),,
17270,469,2,601.4499999999999,2009-12-07 17:18:00,2010-08-27 14:09:00,United Kingdom,1,3,2,132,6,At Risk,Dormant,,Inactive (>1 yr),,
17271,736,1,204.3,2009-12-03 13:49:00,2009-12-03 13:49:00,United Kingdom,1,2,1,121,4,Hibernating,Dormant,,Inactive (>1 yr),,
17272,42,4,2148.63,2011-03-22 12:05:00,2011-10-28 16:37:00,United Kingdom,4,4,4,444,12,Loyal Customers,Lapsing Mid-Value,0.40650892029912167,Medium,537.1575,218.35931535557546
17273,424,1,141.12,2010-10-11 15:57:00,2010-10-11 15:57:00,United Kingdom,1,2,1,121,4,Hibernating,Dormant,,Inactive (>1 yr),,
17274,35,2,573.22,2010-11-09 12:06:00,2011-11-04 13:16:00,United Kingdom,4,3,2,432,9,Potential Loyalists,Recent Developing,0.8753110517138436,High,26.955,23.594009398946653
17275,383,1,114.1,2010-11-21 13:26:00,2010-11-21 13:26:00,United Kingdom,2,2,1,221,5,Hibernating,Dormant,,Inactive (>1 yr),,
17276,402,1,501.24,2010-11-02 16:20:00,2010-11-02 16:20:00,United Kingdom,2,2,2,222,6,Hibernating,Dormant,,Inactive (>1 yr),,
17277,227,2,1065.3500000000001,2011-01-21 12:37:00,2011-04-26 12:47:00,United Kingdom,2,3,3,233,8,At Risk,Lapsing Mid-Value,0.6493280603711908,High,266.33750000000003,172.94041227911205
17278,241,2,271.24,2010-05-23 13:49:00,2011-04-12 13:10:00,United Kingdom,2,3,1,231,6,At Risk,Dormant,0.8089428901004359,High,61.51,49.758077170077804
17279,57,1,187.82999999999998,2011-10-13 11:58:00,2011-10-13 11:58:00,United Kingdom,4,2,1,421,7,Potential Loyalists,Dormant,0.7495895127707212,High,46.957499999999996,35.19884954593114
17280,438,1,118.85999999999999,2010-09-27 16:46:00,2010-09-27 16:46:00,United Kingdom,1,2,1,121,4,Hibernating,Dormant,,Inactive (>1 yr),,
17281,374,6,797.8499999999999,2010-02-04 13:00:00,2010-11-30 18:05:00,United Kingdom,2,4,3,243,9,At Risk,Lapsing Mid-Value,,Inactive (>1 yr),,
17282,130,5,2308.54,2010-06-09 12:07:00,2011-08-01 14:29:00,United Kingdom,3,4,4,344,11,Loyal Customers,Lapsing Mid-Value,0.4646439041691239,Medium,421.365,195.7846786802229
17283,378,1,188.46,2010-11-26 11:53:00,2010-11-26 11:53:00,United Kingdom,2,2,1,221,5,Hibernating,Dormant,,Inactive (>1 yr),,
17284,60,7,2558.6,2010-11-15 17:14:00,2011-10-10 14:38:00,United Kingdom,3,4,4,344,11,Loyal Customers,Lapsing Mid-Value,0.31226844908487894,Medium,411.87,128.61400612458908
17285,628,2,400.44,2010-02-14 14:10:00,2010-03-21 13:38:00,United Kingdom,1,3,2,132,6,At Risk,Dormant,,Inactive (>1 yr),,
17286,21,3,389.18,2010-11-04 13:43:00,2011-11-18 12:47:00,United Kingdom,4,3,2,432,9,Potential Loyalists,Recent Developing,0.8200368572332476,High,37.8425,31.03224476984917
17287,26,21,3826.86,2009-12-03 12:45:00,2011-11-13 13:27:00,United Kingdom,4,5,5,455,14,Loyal Customers,Active High-Value,0.20283426366579727,Low,206.59,41.903530530717056
17288,9,11,2468.43,2010-11-10 14:44:00,2011-11-30 16:09:00,United Kingdom,5,5,4,554,14,Champions,Active High-Value,0.23561968646177134,Low,354.4075,83.50538402970024
17289,31,9,2041.8,2010-03-08 12:52:00,2011-11-08 12:01:00,United Kingdom,4,5,4,454,13,Loyal Customers,Active High-Value,0.3392841336172251,Medium,232.755,78.97007852007722
17290,3,8,1427.48,2009-12-13 13:28:00,2011-12-06 12:38:00,United Kingdom,5,5,4,554,14,Champions,Active High-Value,0.5177254795955331,Medium,128.2525,66.3995870718261
17291,308,1,550.8000000000001,2011-02-04 13:04:00,2011-02-04 13:04:00,United Kingdom,2,2,2,222,6,Hibernating,Dormant,0.8410123743686576,High,137.70000000000002,115.80740395056417
17292,472,2,271.75,2010-05-09 14:52:00,2010-08-24 17:14:00,United Kingdom,1,3,1,131,5,At Risk,Dormant,,Inactive (>1 yr),,
17293,8,17,3750.63,2009-12-03 15:09:00,2011-12-01 14:37:00,United Kingdom,5,5,5,555,15,Champions,Active High-Value,0.10936759998922028,Low,463.515,50.693523109003436
17294,669,2,467.78999999999996,2010-02-08 14:21:00,2010-02-08 16:12:00,United Kingdom,1,3,2,132,6,At Risk,Dormant,,Inactive (>1 yr),,
17295,28,3,547.0,2011-10-06 12:22:00,2011-11-11 10:49:00,United Kingdom,4,3,2,432,9,Potential Loyalists,Recent Developing,0.44751594831500036,Medium,136.75,61.1978059320763
17296,730,1,338.13,2009-12-09 14:01:00,2009-12-09 14:01:00,United Kingdom,1,2,2,122,5,Hibernating,Dormant,,Inactive (>1 yr),,
17297,17,1,128.18,2011-11-22 14:43:00,2011-11-22 14:43:00,United Kingdom,5,2,1,521,8,Potential Loyalists,Recent Developing,0.6573757623124968,High,32.045,21.065606303303962
17298,101,5,938.36,2010-03-08 08:56:00,2011-08-30 16:43:00,United Kingdom,3,4,3,343,10,Loyal Customers,Lapsing Mid-Value,0.6304195174723958,High,124.605,78.55342397464788
17299,11,6,993.23,2010-08-15 16:00:00,2011-11-28 12:01:00,United Kingdom,5,4,3,543,12,Champions,Recent Developing,0.38989495218298337,Medium,164.1525,64.00223113821718
17300,390,2,393.64,2010-08-15 11:02:00,2010-11-14 10:56:00,United Kingdom,2,3,2,232,7,At Risk,Dormant,,Inactive (>1 yr),,
17301,21,2,294.39,2010-03-25 13:16:00,2011-11-18 13:43:00,United Kingdom,4,3,2,432,9,Potential Loyalists,Recent Developing,0.8937735164425024,High,40.81,36.474897206018525
17302,14,5,1135.63,2011-02-07 10:14:00,2011-11-25 09:36:00,United Kingdom,5,4,3,543,12,Champions,Recent Developing,0.38422031093138354,Medium,283.9075,109.08302792575178
17303,361,1,250.04,2010-12-13 13:32:00,2010-12-13 13:32:00,United Kingdom,2,2,1,221,5,Hibernating,Dormant,0.8364567561303926,High,62.51,52.28691182571084
17304,534,1,111.5,2010-06-23 16:23:00,2010-06-23 16:23:00,United Kingdom,1,2,1,121,4,Hibernating,Dormant,,Inactive (>1 yr),,
17305,648,1,2135.46,2010-03-01 12:47:00,2010-03-01 12:47:00,United Kingdom,1,2,4,124,7,Hibernating,Dormant,,Inactive (>1 yr),,
17306,10,21,9782.35,2010-11-01 11:38:00,2011-11-29 12:14:00,United Kingdom,5,5,5,555,15,Champions,Active High-Value,0.07964251656609904,Low,2157.8275,171.85481241553407
17307,395,11,3999.8900000000003,2010-01-19 16:38:00,2010-11-09 13:40:00,United Kingdom,2,5,5,255,12,Can't Lose Them,Lapsing Mid-Value,,Inactive (>1 yr),,
17308,393,2,4511.76,2010-09-13 09:35:00,2010-11-11 13:19:00,United Kingdom,2,3,5,235,10,At Risk,Lapsing Mid-Value,,Inactive (>1 yr),,
17309,95,3,320.39,2010-02-04 15:49:00,2011-09-05 15:20:00,United Kingdom,3,3,2,332,8,Need Attention,Dormant,0.828610142976113,High,20.6875,17.141872332818338
17310,387,2,1025.1,2010-06-23 11:38:00,2010-11-17 16:00:00,United Kingdom,2,3,3,233,8,At Risk,Dormant,,Inactive (>1 yr),,
17311,78,6,3566.56,2010-02-03 12:38:00,2011-09-22 14:11:00,United Kingdom,3,4,5,345,12,Loyal Customers,Lapsing Mid-Value,0.4628477752014244,Medium,346.2125,160.24368537192314
17312,138,3,644.3,2011-07-03 13:12:00,2011-07-24 11:52:00,United Kingdom,3,3,3,333,9,Need Attention,Lapsing Mid-Value,0.8043566186551061,High,161.075,129.5617423498712
17313,31,1,2328.84,2011-11-08 15:45:00,2011-11-08 15:45:00,United Kingdom,4,2,4,424,10,Potential Loyalists,Recent Developing,0.598702346994789,Medium,582.21,348.5704934438361
17314,24,17,4904.43,2009-12-03 11:25:00,2011-11-15 09:41:00,United Kingdom,4,5,5,455,14,Loyal Customers,Active High-Value,0.12329172188981356,Low,631.98,77.91790239992437
17315,1,41,9559.5,2010-09-27 12:45:00,2011-12-08 12:15:00,United Kingdom,5,5,5,555,15,Champions,Active High-Value,0.03272026822094551,Low,1560.2875,51.05302550178851
17316,420,1,124.45,2010-10-15 14:35:00,2010-10-15 14:35:00,United Kingdom,1,2,1,121,4,Hibernating,Dormant,,Inactive (>1 yr),,
17317,46,3,2600.34,2011-09-11 12:45:00,2011-10-24 17:19:00,United Kingdom,4,3,4,434,11,Potential Loyalists,Lapsing Mid-Value,0.4536541286746263,Medium,650.085,294.91374423944444
17318,725,1,157.32999999999998,2009-12-14 13:11:00,2009-12-14 13:11:00,United Kingdom,1,2,1,121,4,Hibernating,Dormant,,Inactive (>1 yr),,
17319,669,1,29.1,2010-02-08 15:47:00,2010-02-08 15:47:00,United Kingdom,1,2,1,121,4,Hibernating,Dormant,,Inactive (>1 yr),,
17320,100,6,2444.85,2010-01-21 16:29:00,2011-08-31 13:31:00,United Kingdom,3,4,4,344,11,Loyal Customers,Lapsing Mid-Value,0.5378455238335926,Medium,187.425,100.8056973045111
17321,8,6,1665.21,2010-05-11 12:10:00,2011-12-01 13:41:00,United Kingdom,5,4,4,544,13,Champions,Recent Developing,0.5244793285068051,Medium,164.29,86.16670888038301
17322,376,5,922.59,2009-12-03 11:46:00,2010-11-28 14:41:00,United Kingdom,2,4,3,243,9,At Risk,Lapsing Mid-Value,,Inactive (>1 yr),,
17323,15,12,1547.64,2010-01-10 11:58:00,2011-11-24 17:29:00,United Kingdom,5,5,4,554,14,Champions,Active High-Value,0.17919593661090044,Low,225.78,40.4588585680091
17324,17,12,2171.07,2009-12-18 15:29:00,2011-11-22 10:34:00,United Kingdom,5,5,4,554,14,Champions,Active High-Value,0.3056886744004153,Medium,214.8575,65.67950435998723
17325,280,3,609.5699999999999,2010-03-08 11:31:00,2011-03-04 13:09:00,United Kingdom,2,3,3,233,8,At Risk,Dormant,0.8262050368392181,High,24.2,19.994161891509076
17326,408,2,312.35,2010-06-28 14:05:00,2010-10-27 15:38:00,United Kingdom,2,3,2,232,7,At Risk,Dormant,,Inactive (>1 yr),,
17327,409,2,152.35,2010-05-26 11:20:00,2010-10-26 09:54:00,United Kingdom,1,3,1,131,5,At Risk,Dormant,,Inactive (>1 yr),,
17328,673,1,104.7,2010-02-04 17:11:00,2010-02-04 17:11:00,United Kingdom,1,2,1,121,4,Hibernating,Dormant,,Inactive (>1 yr),,
17329,14,5,998.53,2009-12-03 16:09:00,2011-11-25 14:24:00,United Kingdom,5,4,3,543,12,Champions,Recent Developing,0.7155294135315526,High,130.7775,93.57514787812262
17330,22,4,423.8,2010-03-02 09:20:00,2011-11-17 08:56:00,United Kingdom,4,4,2,442,10,Loyal Customers,Recent Developing,0.6410392601806694,High,90.975,58.318546694936394
17331,123,1,175.2,2011-08-08 11:55:00,2011-08-08 11:55:00,United Kingdom,3,2,1,321,6,About to Sleep,Dormant,0.8343310292561669,High,43.8,36.54369908142011
17332,528,5,827.77,2010-02-21 14:41:00,2010-06-29 16:10:00,United Kingdom,1,4,3,143,8,At Risk,Lapsing Mid-Value,,Inactive (>1 yr),,
17333,85,1,494.25,2011-09-15 10:11:00,2011-09-15 10:11:00,United Kingdom,3,2,2,322,7,About to Sleep,Dormant,0.7245561192965723,High,123.5625,89.52796549058272
17334,302,3,635.15,2010-10-29 12:16:00,2011-02-10 14:59:00,United Kingdom,2,3,3,233,8,At Risk,Dormant,0.8012438731060764,High,76.755,61.49947348025689
17335,383,2,497.04,2010-01-24 11:15:00,2010-11-21 10:17:00,United Kingdom,2,3,2,232,7,At Risk,Dormant,,Inactive (>1 yr),,
17336,472,1,81.12,2010-08-24 15:37:00,2010-08-24 15:37:00,United Kingdom,1,2,1,121,4,Hibernating,Dormant,,Inactive (>1 yr),,
17337,151,4,1979.61,2011-02-02 17:06:00,2011-07-11 14:55:00,United Kingdom,3,4,4,344,11,Loyal Customers,Lapsing Mid-Value,0.4541753329351151,Medium,494.9025,224.7725077079208
17338,17,17,11880.54,2010-03-10 16:09:00,2011-11-22 14:23:00,United Kingdom,5,5,5,555,15,Champions,Active High-Value,0.10860972367856185,Low,1621.1875,176.07672640613848
17339,94,3,302.36,2010-07-18 13:08:00,2011-09-06 13:29:00,United Kingdom,3,3,2,332,8,Need Attention,Dormant,0.7870310966372711,High,45.84,36.07750546985251
17340,29,18,19617.95,2010-02-14 14:54:00,2011-11-10 10:45:00,United Kingdom,4,5,5,455,14,Loyal Customers,Active High-Value,0.08312043123152356,Low,2420.505,201.19341939805895
17341,156,5,1272.21,2010-06-17 18:17:00,2011-07-06 12:33:00,United Kingdom,3,4,4,344,11,Loyal Customers,Lapsing Mid-Value,0.7390167245328736,High,66.42,49.085490843473465
17342,379,4,1227.54,2010-02-08 09:16:00,2010-11-25 11:07:00,United Kingdom,2,4,4,244,10,At Risk,Lapsing Mid-Value,,Inactive (>1 yr),,
17343,355,6,1259.94,2009-12-03 18:30:00,2010-12-19 15:07:00,United Kingdom,2,4,4,244,10,At Risk,Lapsing Mid-Value,0.7613668108684928,High,48.41,36.857767314143736
17344,46,2,457.36,2009-12-11 12:31:00,2011-10-24 12:56:00,United Kingdom,4,3,2,432,9,Potential Loyalists,Recent Developing,0.892697153371202,High,39.405,35.17673132859222
17345,15,10,1586.6299999999999,2009-12-01 16:17:00,2011-11-24 15:03:00,United Kingdom,5,5,4,554,14,Champions,Active High-Value,0.435084950654891,Medium,129.92249999999999,56.52732450146007
17346,3,26,4991.41,2010-04-18 12:18:00,2011-12-06 12:18:00,United Kingdom,5,5,5,555,15,Champions,Active High-Value,0.05978740587124636,Low,622.1925,37.19927552754545
17347,86,1,228.96,2011-09-14 13:12:00,2011-09-14 13:12:00,United Kingdom,3,2,1,321,6,About to Sleep,Dormant,0.7874276984097877,High,57.24,45.072361456976246
17348,14,9,2430.99,2010-03-10 12:13:00,2011-11-25 11:25:00,United Kingdom,5,5,4,554,14,Champions,Active High-Value,0.2819680458946759,Low,289.15,81.53106047044552
17349,179,5,772.41,2010-03-18 14:26:00,2011-06-13 14:29:00,United Kingdom,3,4,3,343,10,Loyal Customers,Lapsing Mid-Value,0.7905800413872538,High,24.5625,19.41862226657442
17350,8,7,1893.7,2010-02-01 15:38:00,2011-12-01 15:47:00,United Kingdom,5,4,4,544,13,Champions,Active High-Value,0.38697572206348646,Medium,320.33,123.95993304859661
17351,36,12,1964.38,2009-12-10 18:43:00,2011-11-03 18:45:00,United Kingdom,4,5,4,454,13,Loyal Customers,Active High-Value,0.3633973285815649,Medium,146.7875,53.34218536916646
17352,696,1,36.25,2010-01-12 16:13:00,2010-01-12 16:13:00,United Kingdom,1,2,1,121,4,Hibernating,Dormant,,Inactive (>1 yr),,
17353,129,4,3242.0,2010-03-25 12:52:00,2011-08-02 17:19:00,United Kingdom,3,4,5,345,12,Loyal Customers,Lapsing Mid-Value,0.6088020944915695,High,435.0,264.82891110383275
17354,50,4,3133.96,2010-10-07 13:22:00,2011-10-20 10:34:00,United Kingdom,4,4,5,445,13,Loyal Customers,Lapsing Mid-Value,0.7019869630090557,High,348.265,244.47748967234878
17355,386,1,273.31,2010-11-18 13:18:00,2010-11-18 13:18:00,United Kingdom,2,2,1,221,5,Hibernating,Dormant,,Inactive (>1 yr),,
17356,311,5,946.47,2010-01-20 12:14:00,2011-02-01 11:07:00,United Kingdom,2,4,3,243,9,At Risk,Lapsing Mid-Value,0.7572187446038208,High,44.555,33.73788116582323
17357,24,2,384.39,2011-11-15 16:29:00,2011-11-15 16:30:00,United Kingdom,4,3,2,432,9,Potential Loyalists,Recent Developing,0.5654335152805218,Medium,96.0975,54.336747234669936
17358,303,5,861.01,2010-02-24 16:42:00,2011-02-09 16:57:00,United Kingdom,2,4,3,243,9,At Risk,Lapsing Mid-Value,0.6643175943159224,High,90.2025,59.92310780128199
17359,11,2,284.46,2010-03-01 14:48:00,2011-11-28 14:37:00,United Kingdom,5,3,1,531,9,Potential Loyalists,Recent Developing,0.9249011034864817,High,31.965,29.564463772945388
17360,17,6,1200.51,2010-10-01 12:07:00,2011-11-22 13:11:00,United Kingdom,5,4,3,543,12,Champions,Recent Developing,0.4762548341716502,Medium,142.06,67.65676174242464
17361,49,5,871.79,2010-02-01 14:30:00,2011-10-21 15:43:00,United Kingdom,4,4,3,443,11,Loyal Customers,Lapsing Mid-Value,0.583191982649924,Medium,122.05,71.17858148242323
17362,239,7,1024.04,2010-01-06 10:53:00,2011-04-14 14:43:00,United Kingdom,2,4,3,243,9,At Risk,Lapsing Mid-Value,0.6270183152819517,High,78.0575,48.94348214512095
17363,395,3,920.46,2010-11-02 17:25:00,2010-11-09 17:11:00,United Kingdom,2,3,3,233,8,At Risk,Lapsing Mid-Value,,Inactive (>1 yr),,
17364,0,27,11614.45,2009-12-07 15:28:00,2011-12-09 09:00:00,United Kingdom,5,5,5,555,15,Champions,Active High-Value,0.09586511800125797,Low,1115.67,106.95383620046348
17365,12,15,8179.45,2010-02-01 11:56:00,2011-11-27 12:13:00,United Kingdom,5,5,5,555,15,Champions,Active High-Value,0.10830318843886741,Low,1190.58,128.94361009154676
17366,432,2,1077.24,2010-09-09 19:46:00,2010-10-03 16:04:00,United Kingdom,1,3,3,133,7,At Risk,Dormant,,Inactive (>1 yr),,
17367,238,1,167.55,2011-04-15 14:21:00,2011-04-15 14:21:00,United Kingdom,2,2,1,221,5,Hibernating,Dormant,0.8347220058186497,High,41.8875,34.96441801872869
17368,23,14,2758.29,2009-12-15 17:45:00,2011-11-16 15:26:00,United Kingdom,4,5,4,454,13,Loyal Customers,Active High-Value,0.20729363218541016,Low,469.7175,97.36944667605039
17369,455,1,979.1999999999999,2010-09-10 09:49:00,2010-09-10 09:49:00,United Kingdom,1,2,3,123,6,Hibernating,Dormant,,Inactive (>1 yr),,
17370,72,4,446.18,2011-06-23 11:50:00,2011-09-28 10:14:00,United Kingdom,3,4,2,342,9,Loyal Customers,Recent Developing,0.5752798564597819,Medium,111.545,64.16959158880637
17371,17,6,651.37,2009-12-08 12:25:00,2011-11-22 13:30:00,United Kingdom,5,4,3,543,12,Champions,Recent Developing,0.5521591485763986,Medium,104.6,57.75584694109129
17372,40,27,4316.46,2009-12-03 18:41:00,2011-10-30 11:37:00,United Kingdom,4,5,5,455,14,Loyal Customers,Active High-Value,0.16239599235521618,Low,334.295,54.288168264387
17373,40,7,1167.5,2010-02-28 14:17:00,2011-10-30 15:28:00,United Kingdom,4,4,3,443,11,Loyal Customers,Lapsing Mid-Value,0.3521874520848502,Medium,161.73,56.95927662568282
17374,218,3,727.11,2010-11-09 17:14:00,2011-05-05 09:05:00,United Kingdom,2,3,3,233,8,At Risk,Lapsing Mid-Value,0.6801115786321289,High,123.9425,84.29472933461264
17375,199,4,660.55,2010-10-04 09:14:00,2011-05-24 15:45:00,United Kingdom,2,4,3,243,9,At Risk,Lapsing Mid-Value,0.6276255759820508,High,100.025,62.778248237604636
17376,70,4,453.64,2010-07-05 11:11:00,2011-09-30 12:36:00,United Kingdom,3,4,2,342,9,Loyal Customers,Recent Developing,0.6357796303395248,High,50.8,32.297605221247856
17377,23,78,17639.23,2009-12-02 12:39:00,2011-11-16 11:17:00,United Kingdom,4,5,5,455,14,Loyal Customers,Active High-Value,0.06699599832290205,Low,867.505,58.119363525109144
17378,374,1,10.95,2010-11-30 18:46:00,2010-11-30 18:46:00,United Kingdom,2,2,1,221,5,Hibernating,Dormant,,Inactive (>1 yr),,
17379,11,1,389.71999999999997,2011-11-28 13:56:00,2011-11-28 13:56:00,United Kingdom,5,2,2,522,9,Potential Loyalists,Recent Developing,0.5748805371684922,Medium,97.42999999999999,56.01061073632619
17380,434,3,645.0,2010-06-23 11:24:00,2010-10-01 16:42:00,United Kingdom,1,3,3,133,7,At Risk,Dormant,,Inactive (>1 yr),,
17381,8,38,36398.65,2010-06-09 12:55:00,2011-12-01 11:59:00,United Kingdom,5,5,5,555,15,Champions,Active High-Value,0.037496869310682475,Low,4167.9725,156.2859201230185
17382,65,8,902.28,2010-05-19 11:33:00,2011-10-05 13:05:00,United Kingdom,3,5,3,353,11,Loyal Customers,Lapsing Mid-Value,0.7468465943618425,High,16.35,12.210941817816126
17383,4,2,304.09,2010-09-12 14:54:00,2011-12-05 17:36:00,United Kingdom,5,3,2,532,10,Potential Loyalists,Recent Developing,0.9179623463173525,High,48.347500000000004,44.381184538578204
17384,19,3,507.55,2010-08-29 16:01:00,2011-11-20 15:48:00,United Kingdom,5,3,2,532,10,Potential Loyalists,Recent Developing,0.7393648212499907,High,84.1,62.18058146712421
17385,14,1,256.11,2011-11-25 11:02:00,2011-11-25 11:02:00,United Kingdom,5,2,1,521,8,Potential Loyalists,Recent Developing,0.6191070147439899,High,64.0275,39.639874386520816
17386,7,7,2812.77,2010-11-19 13:40:00,2011-12-02 11:28:00,United Kingdom,5,4,4,544,13,Champions,Active High-Value,0.3782587826055282,Medium,671.605,254.04048969178578
17387,19,2,746.81,2011-11-06 11:25:00,2011-11-20 11:00:00,United Kingdom,5,3,3,533,11,Potential Loyalists,Recent Developing,0.5380262775914764,Medium,186.7025,100.4508510920226
17388,77,11,2675.37,2009-12-10 11:45:00,2011-09-23 10:31:00,United Kingdom,3,5,4,354,12,Loyal Customers,Lapsing Mid-Value,0.35528823496718354,Medium,314.89,111.87671230881642
17389,0,61,57215.33,2009-12-04 12:06:00,2011-12-09 09:38:00,United Kingdom,5,5,5,555,15,Champions,Active High-Value,0.029275193994644188,Low,7958.42,232.9842893908562
17390,420,1,149.3,2010-10-15 11:29:00,2010-10-15 11:29:00,United Kingdom,1,2,1,121,4,Hibernating,Dormant,,Inactive (>1 yr),,
17391,163,2,508.8,2011-06-28 12:21:00,2011-06-29 09:58:00,United Kingdom,3,3,2,332,8,Need Attention,Dormant,0.8236275877261139,High,127.2,104.76542915876169
17392,306,3,579.92,2010-09-15 16:17:00,2011-02-06 12:48:00,United Kingdom,2,3,2,232,7,At Risk,Dormant,0.698552480535208,High,102.8175,71.82341966742875
17393,410,2,381.15,2010-08-08 15:53:00,2010-10-25 11:10:00,United Kingdom,1,3,2,132,6,At Risk,Dormant,,Inactive (>1 yr),,
17394,219,1,203.86999999999998,2011-05-04 13:22:00,2011-05-04 13:22:00,United Kingdom,2,2,1,221,5,Hibernating,Dormant,0.8453574259890703,High,50.967499999999994,43.08575460909793
17395,508,1,97.5,2010-07-19 15:34:00,2010-07-19 15:34:00,United Kingdom,1,2,1,121,4,Hibernating,Dormant,,Inactive (>1 yr),,
17396,39,13,8391.6,2010-09-24 13:04:00,2011-10-31 14:12:00,United Kingdom,4,5,5,455,14,Loyal Customers,Active High-Value,0.30513194712279973,Medium,1728.825,527.5197384845743
17397,22,3,1198.28,2010-10-19 13:20:00,2011-11-17 14:08:00,United Kingdom,4,3,3,433,10,Potential Loyalists,Recent Developing,0.698348450841962,High,170.3525,118.96540447205531
17398,114,3,653.38,2011-03-29 13:04:00,2011-08-17 09:48:00,United Kingdom,3,3,3,333,9,Need Attention,Lapsing Mid-Value,0.5891386185049445,Medium,163.345,96.23284763969016
17400,126,8,4623.28,2009-12-17 15:41:00,2011-08-05 15:38:00,United Kingdom,3,5,5,355,13,Loyal Customers,Lapsing Mid-Value,0.3809273107037761,Medium,524.46,199.78113737170244
17401,541,1,114.85,2010-06-16 16:54:00,2010-06-16 16:54:00,United Kingdom,1,2,1,121,4,Hibernating,Dormant,,Inactive (>1 yr),,
17402,4,22,4600.5599999999995,2009-12-16 17:40:00,2011-12-05 10:15:00,United Kingdom,5,5,5,555,15,Champions,Active High-Value,0.10247162022621292,Low,534.72,54.793624767360576
17403,36,2,382.87,2010-09-15 12:29:00,2011-11-03 15:18:00,United Kingdom,4,3,2,432,9,Potential Loyalists,Recent Developing,0.8452037180142385,High,65.98,55.76654131457946
17404,4,21,47638.12,2010-01-07 11:31:00,2011-12-05 16:26:00,Sweden,5,5,5,555,15,Champions,Active High-Value,0.052360286084076925,Low,7945.455,416.0262968681594
17405,1,3,1031.41,2011-07-12 14:17:00,2011-12-08 17:12:00,United Kingdom,5,3,3,533,11,Potential Loyalists,Recent Developing,0.5976190861164727,Medium,257.8525,154.0975754028478
17406,333,13,4186.95,2009-12-06 13:45:00,2011-01-10 15:07:00,United Kingdom,2,5,5,255,12,Can't Lose Them,Lapsing Mid-Value,0.6591235596451427,High,370.58,244.25800873329698
17407,411,1,552.9,2010-10-24 11:57:00,2010-10-24 11:57:00,United Kingdom,1,2,2,122,5,Hibernating,Dormant,,Inactive (>1 yr),,
17408,163,3,316.09000000000003,2010-07-13 14:02:00,2011-06-29 12:53:00,United Kingdom,3,3,2,332,8,Need Attention,Dormant,0.9151556862778928,High,8.1625,7.4699582892433
17409,184,10,7793.51,2009-12-11 12:17:00,2011-06-08 10:36:00,United Kingdom,3,5,5,355,13,Loyal Customers,Lapsing Mid-Value,0.648678434646461,High,192.9625,125.17061244546774
17410,16,5,1214.72,2011-05-08 15:21:00,2011-11-23 15:46:00,United Kingdom,5,4,4,544,13,Champions,Recent Developing,0.31496079880046507,Medium,303.68,95.64729537972524
17411,12,5,1425.38,2009-12-03 12:02:00,2011-11-27 14:25:00,United Kingdom,5,4,4,544,13,Champions,Recent Developing,0.5429961403847118,Medium,194.735,105.74035339781686
17412,2,16,4220.22,2009-12-02 13:51:00,2011-12-07 11:36:00,United Kingdom,5,5,5,555,15,Champions,Active High-Value,0.22039774727980022,Low,265.19,58.44727860113022
17413,404,2,560.14,2010-05-19 11:11:00,2010-10-31 12:33:00,United Kingdom,2,3,2,232,7,At Risk,Dormant,,Inactive (>1 yr),,
17414,43,6,2249.52,2009-12-03 16:49:00,2011-10-27 12:13:00,United Kingdom,4,4,4,444,12,Loyal Customers,Lapsing Mid-Value,0.5428972122371296,Medium,194.5,105.59350778012171
17415,79,1,507.84,2011-09-21 12:50:00,2011-09-21 12:50:00,United Kingdom,3,2,2,322,7,About to Sleep,Dormant,0.7290936494057005,High,126.96,92.56572972854774
17416,29,22,17298.45,2009-12-14 16:29:00,2011-11-10 12:47:00,United Kingdom,4,5,5,455,14,Loyal Customers,Active High-Value,0.1357579584984076,Low,1723.355,233.95915656802325
17417,548,1,164.18,2010-06-09 10:00:00,2010-06-09 10:00:00,United Kingdom,1,2,1,121,4,Hibernating,Dormant,,Inactive (>1 yr),,
17418,42,3,670.0600000000001,2010-11-17 13:42:00,2011-10-28 13:00:00,United Kingdom,4,3,3,433,10,Potential Loyalists,Recent Developing,0.6565425767290187,High,115.86500000000001,76.07030565270776
17419,11,18,6126.25,2010-01-25 13:19:00,2011-11-28 13:47:00,United Kingdom,5,5,5,555,15,Champions,Active High-Value,0.08954743045496011,Low,963.075,86.24089158541071
17420,50,6,953.58,2010-11-03 13:09:00,2011-10-20 14:52:00,United Kingdom,4,4,3,443,11,Loyal Customers,Lapsing Mid-Value,0.5701612196519366,Medium,116.995,66.70601189317831
17421,386,3,1059.41,2009-12-04 15:43:00,2010-11-18 16:57:00,United Kingdom,2,3,3,233,8,At Risk,Lapsing Mid-Value,,Inactive (>1 yr),,
17422,16,11,3594.76,2010-06-23 10:19:00,2011-11-23 13:27:00,United Kingdom,5,5,5,555,15,Champions,Active High-Value,0.20769461130462868,Low,494.8425,102.77612069451071
17423,46,3,1118.95,2010-11-11 12:26:00,2011-10-24 13:36:00,United Kingdom,4,3,3,433,10,Potential Loyalists,Recent Developing,0.6408778844294399,High,174.6025,111.89888081609128
17425,19,2,759.17,2011-10-10 11:37:00,2011-11-20 15:30:00,United Kingdom,5,3,3,533,11,Potential Loyalists,Recent Developing,0.5128386878487632,Medium,189.7925,97.33293666353639
17426,8,13,8077.77,2010-02-17 13:39:00,2011-12-01 18:07:00,United Kingdom,5,5,5,555,15,Champions,Active High-Value,0.23311700092213578,Low,1259.315,293.5677360162594
17427,71,1,100.8,2011-09-29 11:29:00,2011-09-29 11:29:00,United Kingdom,3,2,1,321,6,About to Sleep,Dormant,0.7953555164689612,High,25.2,20.04295901501782
17428,0,45,31466.760000000002,2009-12-01 17:28:00,2011-12-09 09:45:00,United Kingdom,5,5,5,555,15,Champions,Active High-Value,0.03418552270298535,Low,4225.9625,144.46673698571473
17429,128,5,1357.46,2010-10-06 12:30:00,2011-08-03 13:22:00,United Kingdom,3,4,4,344,11,Loyal Customers,Lapsing Mid-Value,0.5642061617292503,Medium,131.23000000000002,74.04077460372953
17430,32,4,622.57,2010-08-17 11:52:00,2011-11-07 09:24:00,United Kingdom,4,4,3,443,11,Loyal Customers,Recent Developing,0.7183110178691469,High,38.29,27.504128874209634
17431,313,1,403.3,2011-01-30 14:36:00,2011-01-30 14:36:00,United Kingdom,2,2,2,222,6,Hibernating,Dormant,0.8180161528497613,High,100.825,82.47647861107718
17432,18,9,1728.99,2009-12-03 19:13:00,2011-11-21 17:33:00,United Kingdom,5,5,4,554,14,Champions,Active High-Value,0.4890276406370658,Medium,91.44,44.71668745985329
17433,88,2,569.96,2010-11-19 13:37:00,2011-09-12 14:24:00,United Kingdom,3,3,2,332,8,Need Attention,Recent Developing,0.7855179951899567,High,75.78999999999999,59.53440885544681
17434,2,7,2373.82,2011-09-15 13:54:00,2011-12-07 13:16:00,United Kingdom,5,4,4,544,13,Champions,Active High-Value,0.15744544267151378,Low,593.455,93.43678518062322
17435,411,1,331.35,2010-10-24 13:55:00,2010-10-24 13:55:00,United Kingdom,1,2,2,122,5,Hibernating,Dormant,,Inactive (>1 yr),,
17436,1,5,534.06,2009-12-07 12:31:00,2011-12-08 12:30:00,United Kingdom,5,4,2,542,11,Champions,Recent Developing,0.8061504668231663,High,54.074999999999996,43.59258649346271
17437,529,1,369.68,2010-06-28 11:11:00,2010-06-28 11:11:00,United Kingdom,1,2,2,122,5,Hibernating,Dormant,,Inactive (>1 yr),,
17438,253,5,1422.77,2010-03-08 16:53:00,2011-03-31 10:26:00,United Kingdom,2,4,4,244,10,At Risk,Lapsing Mid-Value,0.7440611057649298,High,97.11250000000001,72.25763413359675
17439,655,1,325.74,2010-02-22 12:48:00,2010-02-22 12:48:00,United Kingdom,1,2,2,122,5,Hibernating,Dormant,,Inactive (>1 yr),,
17440,156,4,323.58,2010-06-08 14:40:00,2011-07-06 11:54:00,United Kingdom,3,4,2,342,9,Loyal Customers,Dormant,0.7496292339457985,High,46.605000000000004,34.93647044804394
17441,732,1,293.35,2009-12-07 13:32:00,2009-12-07 13:32:00,United Kingdom,1,2,2,122,5,Hibernating,Dormant,,Inactive (>1 yr),,
17442,36,15,4620.3,2010-02-15 15:54:00,2011-11-03 09:17:00,United Kingdom,4,5,5,455,14,Loyal Customers,Active High-Value,0.2048380057051191,Low,562.14,115.14763652707565
17443,219,1,534.24,2011-05-04 10:47:00,2011-05-04 10:47:00,Canada,2,2,2,222,6,Hibernating,Dormant,0.8090391609150475,High,133.56,108.05527033181374
17444,151,2,2389.1,2011-06-20 09:04:00,2011-07-11 10:33:00,Canada,3,3,4,334,10,Need Attention,Lapsing Mid-Value,0.5325389841319412,Medium,597.275,318.0722217474052
17446,176,2,120.9,2011-02-02 14:40:00,2011-06-16 10:42:00,United Kingdom,3,3,1,331,7,Need Attention,Dormant,0.7797753822872409,High,30.225,23.568710929631855
17447,40,2,541.53,2011-09-29 10:10:00,2011-10-30 14:18:00,United Kingdom,4,3,2,432,9,Potential Loyalists,Recent Developing,0.514164671885875,Medium,135.3825,69.60889869158947
17448,529,41,14448.67,2010-03-04 17:29:00,2010-06-28 13:58:00,United Kingdom,1,5,5,155,11,Can't Lose Them,Active High-Value,,Inactive (>1 yr),,
17449,2,13,4865.15,2009-12-09 14:16:00,2011-12-07 16:56:00,United Kingdom,5,5,5,555,15,Champions,Active High-Value,0.18696405885033604,Low,629.0525,117.61020862995102
17450,8,51,241616.25,2010-09-27 16:59:00,2011-12-01 13:29:00,United Kingdom,5,5,5,555,15,Champions,Active High-Value,0.013812624054386482,Low,48090.4875,664.2558244296724
17451,1,7,1721.4,2011-08-26 11:54:00,2011-12-08 15:02:00,United Kingdom,5,4,4,544,13,Champions,Active High-Value,0.17431853164163255,Low,430.35,75.01798009197657
17453,17,2,486.71999999999997,2011-10-06 17:02:00,2011-11-22 09:42:00,United Kingdom,5,3,2,532,10,Potential Loyalists,Recent Developing,0.5587668527656875,Medium,121.67999999999999,67.99075064452884
17454,192,10,1547.94,2010-01-15 15:40:00,2011-05-31 13:58:00,United Kingdom,2,5,4,254,11,Can't Lose Them,Lapsing Mid-Value,0.49095809269936647,Medium,129.3825,63.52138542867578
17455,203,1,131.7,2011-05-20 12:31:00,2011-05-20 12:31:00,United Kingdom,2,2,1,221,5,Hibernating,Dormant,0.848435643370055,High,32.925,27.934743557959056
17456,365,2,975.5600000000001,2010-09-09 15:28:00,2010-12-09 15:23:00,United Kingdom,2,3,3,233,8,At Risk,Dormant,,Inactive (>1 yr),,
17457,126,14,5984.8099999999995,2009-12-07 14:52:00,2011-08-05 12:48:00,United Kingdom,3,5,5,355,13,Loyal Customers,Active High-Value,0.3838480313957777,Medium,434.425,166.75318103911073
17458,15,2,529.58,2010-11-23 11:43:00,2011-11-24 13:01:00,United Kingdom,5,3,2,532,10,Potential Loyalists,Recent Developing,0.8594387017916655,High,79.125,68.00308727926553
17459,43,2,657.3,2011-10-10 17:00:00,2011-10-27 13:25:00,United Kingdom,4,3,3,433,10,Potential Loyalists,Recent Developing,0.5836235162874099,Medium,164.325,95.90393431392863
17460,94,16,2157.9700000000003,2010-01-22 13:25:00,2011-09-06 15:04:00,United Kingdom,3,5,4,354,12,Loyal Customers,Lapsing Mid-Value,0.39217456971037856,Medium,138.0325,54.132836293547825
17461,22,3,735.82,2011-11-10 12:01:00,2011-11-17 10:21:00,United Kingdom,4,3,3,433,10,Potential Loyalists,Recent Developing,0.5753660829425455,Medium,183.955,105.84146778769598
17462,60,2,675.69,2011-02-28 17:01:00,2011-10-10 13:56:00,United Kingdom,3,3,3,333,9,Need Attention,Recent Developing,0.7103960391328705,High,168.9225,120.00187492042234
17463,16,7,2535.26,2010-04-29 17:57:00,2011-11-23 13:40:00,United Kingdom,5,4,4,544,13,Champions,Active High-Value,0.27644777361500245,Low,468.965,129.64433015335962
17464,158,3,907.14,2010-03-30 13:15:00,2011-07-04 13:19:00,United Kingdom,3,3,3,333,9,Need Attention,Lapsing Mid-Value,0.7734857516130694,High,72.49000000000001,56.06998213443141
17465,425,7,2542.79,2009-12-03 13:25:00,2010-10-10 11:56:00,United Kingdom,1,4,4,144,9,At Risk,Lapsing Mid-Value,,Inactive (>1 yr),,
17466,10,2,763.28,2011-09-22 09:16:00,2011-11-29 13:15:00,United Kingdom,5,3,3,533,11,Potential Loyalists,Recent Developing,0.5957549337808417,Medium,190.82,113.6819564640602
17467,395,1,102.6,2010-11-09 12:58:00,2010-11-09 12:58:00,United Kingdom,2,2,1,221,5,Hibernating,Dormant,,Inactive (>1 yr),,
17468,10,3,194.8,2010-11-29 17:25:00,2011-11-29 15:33:00,United Kingdom,5,3,1,531,9,Potential Loyalists,Recent Developing,0.8054649290180548,High,34.25,27.587173818868376
17469,16,17,5051.25,2009-12-16 15:06:00,2011-11-23 13:15:00,United Kingdom,5,5,5,555,15,Champions,Active High-Value,0.17839641616838467,Low,467.7425,83.44358568964067
17470,44,11,2626.47,2010-07-19 16:16:00,2011-10-26 12:42:00,United Kingdom,4,5,4,454,13,Loyal Customers,Active High-Value,0.3019185703456746,Medium,236.6675,71.45431324728494
17471,474,1,321.65000000000003,2010-08-22 11:53:00,2010-08-22 11:53:00,United Kingdom,1,2,2,122,5,Hibernating,Dormant,,Inactive (>1 yr),,
17472,191,4,922.35,2010-03-21 13:27:00,2011-06-01 14:57:00,United Kingdom,2,4,3,243,9,At Risk,Lapsing Mid-Value,0.6316453880670829,High,174.385,110.14948099807825
17473,408,2,607.0,2010-09-09 19:03:00,2010-10-27 11:45:00,United Kingdom,2,3,3,233,8,At Risk,Dormant,,Inactive (>1 yr),,
17474,599,1,1047.0,2010-04-19 10:43:00,2010-04-19 10:43:00,United Kingdom,1,2,3,123,6,Hibernating,Dormant,,Inactive (>1 yr),,
17475,79,1,194.37,2011-09-21 14:55:00,2011-09-21 14:55:00,United Kingdom,3,2,1,321,6,About to Sleep,Dormant,0.7604220527070618,High,48.5925,36.950808596167896
17476,395,2,489.86,2009-12-02 12:09:00,2010-11-09 10:21:00,United Kingdom,2,3,2,232,7,At Risk,Dormant,,Inactive (>1 yr),,
17477,612,2,1144.3,2010-03-02 11:53:00,2010-04-06 10:06:00,United Kingdom,1,3,3,133,7,At Risk,Dormant,,Inactive (>1 yr),,
17478,408,2,1272.8,2010-03-16 14:19:00,2010-10-27 15:01:00,United Kingdom,2,3,4,234,9,At Risk,Lapsing Mid-Value,,Inactive (>1 yr),,
17479,632,1,389.26000000000005,2010-03-17 09:26:00,2010-03-17 09:26:00,United Kingdom,1,2,2,122,5,Hibernating,Dormant,,Inactive (>1 yr),,
17480,77,2,882.23,2010-09-21 12:31:00,2011-09-23 11:39:00,United Kingdom,3,3,3,333,9,Need Attention,Recent Developing,0.7958502340470316,High,127.955,101.83301669748792
17481,3,4,1255.59,2011-09-07 09:57:00,2011-12-06 12:28:00,United Kingdom,5,4,4,544,13,Champions,Recent Developing,0.3644420447486417,Medium,313.8975,114.39744674148676
17482,487,2,775.64,2010-05-10 14:10:00,2010-08-09 15:33:00,United Kingdom,1,3,3,133,7,At Risk,Dormant,,Inactive (>1 yr),,
17483,65,4,591.73,2010-10-21 12:43:00,2011-10-05 13:10:00,United Kingdom,3,4,2,342,9,Loyal Customers,Recent Developing,0.555259700854829,Medium,103.51,57.47493163548335
17484,576,2,209.57,2010-03-25 16:17:00,2010-05-12 15:41:00,United Kingdom,1,3,1,131,5,At Risk,Dormant,,Inactive (>1 yr),,
17486,261,1,396.87,2011-03-23 14:00:00,2011-03-23 14:00:00,United Kingdom,2,2,2,222,6,Hibernating,Dormant,0.8157748768099142,High,99.2175,80.93914383988766
17487,728,1,160.55,2009-12-11 15:06:00,2009-12-11 15:06:00,United Kingdom,1,2,1,121,4,Hibernating,Dormant,,Inactive (>1 yr),,
17488,641,1,336.5,2010-03-08 14:07:00,2010-03-08 14:07:00,United Kingdom,1,2,2,122,5,Hibernating,Dormant,,Inactive (>1 yr),,
17489,58,2,376.64,2011-05-11 11:34:00,2011-10-12 08:56:00,United Kingdom,4,3,2,432,9,Potential Loyalists,Recent Developing,0.695104636040142,High,94.16,65.45105252953978
17490,0,9,2750.5,2010-05-19 12:40:00,2011-12-09 09:08:00,United Kingdom,5,5,4,554,14,Champions,Active High-Value,0.34997906456320105,Medium,523.08,183.0670490917192
17491,1,17,5653.67,2010-04-28 11:57:00,2011-12-08 16:18:00,United Kingdom,5,5,5,555,15,Champions,Active High-Value,0.1280112194404612,Low,807.8675000000001,103.4161038213168
17492,248,3,1122.42,2010-07-09 13:27:00,2011-04-05 15:21:00,United Kingdom,2,3,3,233,8,At Risk,Lapsing Mid-Value,0.7523619641473703,High,93.6425,70.45305522767012
17493,385,1,100.91000000000001,2010-11-19 16:57:00,2010-11-19 16:57:00,United Kingdom,2,2,1,221,5,Hibernating,Dormant,,Inactive (>1 yr),,
17494,501,1,54.699999999999996,2010-07-26 10:06:00,2010-07-26 10:06:00,United Kingdom,1,2,1,121,4,Hibernating,Dormant,,Inactive (>1 yr),,
17495,7,3,806.72,2010-11-14 11:50:00,2011-12-02 12:08:00,United Kingdom,5,3,3,533,11,Potential Loyalists,Recent Developing,0.7183943702772566,High,124.39,89.36107571878794
17496,358,4,1412.89,2010-01-14 13:36:00,2010-12-16 08:39:00,United Kingdom,2,4,4,244,10,At Risk,Lapsing Mid-Value,0.7728322898784425,High,67.7625,52.36904804288797
17497,390,2,287.25,2010-04-08 08:01:00,2010-11-14 14:17:00,United Kingdom,2,3,2,232,7,At Risk,Dormant,,Inactive (>1 yr),,
17498,75,1,272.22,2011-09-25 12:25:00,2011-09-25 12:25:00,United Kingdom,3,2,1,321,6,About to Sleep,Dormant,0.7439422544390947,High,68.055,50.628990125852596
17499,289,2,1341.39,2010-05-27 09:59:00,2011-02-23 09:14:00,United Kingdom,2,3,4,234,9,At Risk,Lapsing Mid-Value,0.7725198257202762,High,155.72,120.29678726116141
17500,17,3,1138.0,2011-11-10 09:08:00,2011-11-22 14:25:00,United Kingdom,5,3,3,533,11,Potential Loyalists,Recent Developing,0.5580965060861061,Medium,284.5,158.77845598149716
17501,220,2,288.6,2011-05-03 09:46:00,2011-05-03 09:47:00,United Kingdom,2,3,2,232,7,At Risk,Dormant,0.838924717734496,High,72.15,60.52841838454389
17502,9,4,689.1,2011-11-10 16:39:00,2011-11-30 13:13:00,United Kingdom,5,4,3,543,12,Champions,Recent Developing,0.4710293136090684,Medium,172.275,81.14657500200227
17503,2,2,558.96,2011-11-01 11:12:00,2011-12-07 09:18:00,United Kingdom,5,3,2,532,10,Potential Loyalists,Recent Developing,0.5941805541172566,Medium,139.74,83.03079063234544
17504,206,18,9490.17,2010-02-08 09:22:00,2011-05-17 12:59:00,United Kingdom,2,5,5,255,12,Can't Lose Them,Active High-Value,0.44672969030294646,Medium,749.2574999999999,334.7155709321599
17505,161,5,2435.48,2010-04-13 16:33:00,2011-07-01 12:50:00,United Kingdom,3,4,4,344,11,Loyal Customers,Lapsing Mid-Value,0.6041722921667483,High,286.46,173.0711948140867
17506,75,1,302.2,2011-09-25 11:39:00,2011-09-25 11:39:00,United Kingdom,3,2,2,322,7,About to Sleep,Dormant,0.7453543367627653,High,75.55,56.311520142426915
17507,261,2,605.58,2011-02-03 18:08:00,2011-03-23 11:48:00,United Kingdom,2,3,3,233,8,At Risk,Dormant,0.6747543730340247,High,151.395,102.15443830548618
17508,280,8,4579.23,2009-12-07 11:46:00,2011-03-04 08:10:00,Greece,2,5,5,255,12,Can't Lose Them,Lapsing Mid-Value,0.66057206325071,High,96.8275,63.96154145440813
17509,57,8,6083.64,2011-10-07 13:14:00,2011-10-13 10:26:00,United Kingdom,4,5,5,455,14,Loyal Customers,Active High-Value,0.6937170417715315,High,1520.91,1055.08118600074
17510,24,2,514.56,2010-10-15 10:20:00,2011-11-15 10:00:00,United Kingdom,4,3,2,432,9,Potential Loyalists,Recent Developing,0.8592990630945394,High,77.12,66.26914374585088
17511,2,60,172132.87,2009-12-02 10:52:00,2011-12-07 10:12:00,United Kingdom,5,5,5,555,15,Champions,Active High-Value,0.013438669462441072,Low,21897.925,294.2789759883249
17512,28,18,5467.820000000001,2009-12-10 19:35:00,2011-11-11 12:11:00,United Kingdom,4,5,5,455,14,Loyal Customers,Active High-Value,0.1540711597088982,Low,731.2475000000001,112.66415035923255
17513,72,3,1158.8,2010-08-17 15:08:00,2011-09-28 16:42:00,United Kingdom,3,3,3,333,9,Need Attention,Lapsing Mid-Value,0.7166254530148032,High,128.3,91.94304562179926
17514,128,2,522.0,2010-02-08 14:00:00,2011-08-03 15:45:00,United Kingdom,3,3,2,332,8,Need Attention,Dormant,0.8568748400226537,High,52.1625,44.696733842681674
17515,31,9,1602.51,2010-06-07 13:29:00,2011-11-08 14:04:00,United Kingdom,4,5,4,454,13,Loyal Customers,Lapsing Mid-Value,0.31845592823373825,Medium,159.755,50.87492681498085
17516,15,6,947.5,2010-11-26 12:50:00,2011-11-24 16:51:00,United Kingdom,5,4,3,543,12,Champions,Recent Developing,0.39536076148472493,Medium,191.22,75.6008848111091
17517,308,1,153.94,2011-02-04 11:48:00,2011-02-04 11:48:00,United Kingdom,2,2,1,221,5,Hibernating,Dormant,0.8582619914696653,High,38.485,33.030212741710066
17518,425,2,329.42,2010-03-28 13:31:00,2010-10-10 12:40:00,United Kingdom,1,3,2,132,6,At Risk,Dormant,,Inactive (>1 yr),,
17519,17,15,4774.17,2009-12-01 09:57:00,2011-11-22 16:43:00,United Kingdom,5,5,5,555,15,Champions,Active High-Value,0.19706729382313704,Low,377.18,74.32984188421082
17520,53,1,546.81,2011-10-17 12:04:00,2011-10-17 12:04:00,United Kingdom,4,2,2,422,8,Potential Loyalists,Recent Developing,0.6887645592578132,High,136.7025,94.15583716194121
17521,29,5,1278.06,2010-10-01 11:49:00,2011-11-10 11:22:00,United Kingdom,4,4,4,444,12,Loyal Customers,Recent Developing,0.4287458240065855,Medium,180.80249999999998,77.51831684495066
17522,1,5,1066.15,2011-05-05 16:31:00,2011-12-08 12:31:00,United Kingdom,5,4,3,543,12,Champions,Recent Developing,0.50515690492449,Medium,266.5375,134.64325854631124
17523,11,4,652.74,2011-11-20 13:40:00,2011-11-28 13:20:00,United Kingdom,5,4,3,543,12,Champions,Recent Developing,0.5498396721563694,Medium,163.185,89.72558690083714
17524,361,3,539.14,2010-09-27 16:20:00,2010-12-13 14:32:00,United Kingdom,2,3,2,232,7,At Risk,Dormant,0.8641537140503628,High,36.25,31.32557213432565
17525,359,3,1161.9,2010-10-07 09:12:00,2010-12-15 12:05:00,United Kingdom,2,3,3,233,8,At Risk,Lapsing Mid-Value,0.7828901686866273,High,105.67500000000001,82.73191857595936
17526,4,12,3939.24,2009-12-17 16:18:00,2011-12-05 11:05:00,United Kingdom,5,5,5,555,15,Champions,Active High-Value,0.4096222929013763,Medium,242.27499999999998,99.24124101268093
17527,53,4,939.37,2011-05-05 13:43:00,2011-10-17 12:32:00,United Kingdom,4,4,3,443,11,Loyal Customers,Recent Developing,0.38476912569106486,Medium,234.8425,90.3601434001039
17528,1,8,3628.5,2011-09-29 13:04:00,2011-12-08 13:27:00,United Kingdom,5,5,5,555,15,Champions,Active High-Value,0.1247548429344804,Low,907.125,113.16823689694053
17529,610,2,1240.25,2010-01-11 12:29:00,2010-04-08 17:51:00,United Kingdom,1,3,4,134,8,At Risk,Lapsing Mid-Value,,Inactive (>1 yr),,
17530,1,12,2787.1,2009-12-06 16:17:00,2011-12-08 18:42:00,United Kingdom,5,5,4,554,14,Champions,Active High-Value,0.2055250451439853,Low,515.4725,105.94250883298297
17531,190,3,1266.82,2010-03-31 12:57:00,2011-06-02 19:17:00,United Kingdom,2,3,4,234,9,At Risk,Lapsing Mid-Value,0.7723241034762423,High,74.175,57.28714037535027
17532,385,1,65.34,2010-11-19 08:13:00,2010-11-19 08:13:00,United Kingdom,2,2,1,221,5,Hibernating,Dormant,,Inactive (>1 yr),,
17533,434,1,34.8,2010-10-01 09:14:00,2010-10-01 09:14:00,United Kingdom,1,2,1,121,4,Hibernating,Dormant,,Inactive (>1 yr),,
17534,53,5,1668.83,2010-02-25 16:55:00,2011-10-17 12:47:00,United Kingdom,4,4,4,444,12,Loyal Customers,Lapsing Mid-Value,0.6679710809009101,High,55.84,37.29950515750682
17535,280,1,164.4,2011-03-04 15:20:00,2011-03-04 15:20:00,United Kingdom,2,2,1,221,5,Hibernating,Dormant,0.8512314234268984,High,41.1,34.98561150284552
17536,177,3,364.83,2010-01-26 12:00:00,2011-06-15 13:23:00,United Kingdom,3,3,2,332,8,Need Attention,Dormant,0.8354646538292076,High,19.125,15.978261504483596
17537,29,2,887.67,2011-02-09 13:37:00,2011-11-10 10:56:00,United Kingdom,4,3,3,433,10,Potential Loyalists,Recent Developing,0.7353158467901255,High,221.9175,163.17945443004768
17538,25,1,98.42,2011-11-14 12:12:00,2011-11-14 12:12:00,United Kingdom,4,2,1,421,7,Potential Loyalists,Recent Developing,0.7190421697830456,High,24.605,17.692032587511836
17539,628,3,1161.84,2009-12-13 12:36:00,2010-03-21 15:23:00,United Kingdom,1,3,3,133,7,At Risk,Lapsing Mid-Value,,Inactive (>1 yr),,
17540,24,6,1590.6000000000001,2010-04-19 09:47:00,2011-11-15 11:56:00,United Kingdom,4,4,4,444,12,Loyal Customers,Recent Developing,0.5226899765563394,Medium,144.725,75.64630685711622
17541,509,1,119.86,2010-07-18 11:36:00,2010-07-18 11:36:00,United Kingdom,1,2,1,121,4,Hibernating,Dormant,,Inactive (>1 yr),,
17542,269,3,340.85,2010-03-08 12:08:00,2011-03-15 11:45:00,United Kingdom,2,3,2,232,7,At Risk,Dormant,0.8232916904973625,High,42.6875,35.144264038106165
17543,549,1,120.05,2010-06-08 12:41:00,2010-06-08 12:41:00,United Kingdom,1,2,1,121,4,Hibernating,Dormant,,Inactive (>1 yr),,
17544,390,3,944.82,2010-11-14 14:47:00,2010-11-14 15:08:00,United Kingdom,2,3,3,233,8,At Risk,Lapsing Mid-Value,,Inactive (>1 yr),,
17545,43,6,1409.8600000000001,2010-05-11 10:04:00,2011-10-27 14:04:00,United Kingdom,4,4,4,444,12,Loyal Customers,Lapsing Mid-Value,0.5109022398778793,Medium,160.58,82.04068167958987
17547,375,2,727.85,2010-02-12 14:34:00,2010-11-29 09:41:00,United Kingdom,2,3,3,233,8,At Risk,Dormant,,Inactive (>1 yr),,
17548,233,4,731.26,2010-11-08 16:19:00,2011-04-20 12:01:00,United Kingdom,2,4,3,243,9,At Risk,Lapsing Mid-Value,0.8937408147795196,High,25.825,23.080856541681094
17549,23,2,148.86,2011-10-19 10:05:00,2011-11-16 09:59:00,United Kingdom,4,3,1,431,8,Potential Loyalists,Recent Developing,0.5810041434421934,Medium,37.215,21.62206919820123
17550,197,9,2506.64,2010-02-07 15:07:00,2011-05-26 14:09:00,United Kingdom,2,5,4,254,11,Can't Lose Them,Lapsing Mid-Value,0.6606748641261945,High,66.79,44.12647417498853
17551,359,1,290.34,2010-12-15 14:12:00,2010-12-15 14:12:00,United Kingdom,2,2,2,222,6,Hibernating,Dormant,0.8349907314065005,High,72.585,60.60780223914083
17552,60,12,2786.77,2010-03-22 09:19:00,2011-10-10 17:00:00,United Kingdom,3,5,4,354,12,Loyal Customers,Active High-Value,0.419385738782205,Medium,157.9725,66.25141361977187
17553,129,4,3757.6,2010-04-08 09:44:00,2011-08-02 10:00:00,United Kingdom,3,4,5,345,12,Loyal Customers,Lapsing Mid-Value,0.7240843092385981,High,371.9,269.28695460583464
17554,1,5,1952.45,2011-07-14 20:01:00,2011-12-08 14:15:00,United Kingdom,5,4,4,544,13,Champions,Recent Developing,0.2976217841826452,Low,488.1125,145.2729131318514
17555,19,5,1045.74,2010-05-02 16:02:00,2011-11-20 12:22:00,United Kingdom,5,4,3,543,12,Champions,Recent Developing,0.6076752692428345,High,120.0775,72.96812714250646
17556,205,2,300.67,2010-11-25 17:00:00,2011-05-18 10:48:00,United Kingdom,2,3,2,232,7,At Risk,Dormant,0.8122204742684787,High,39.475,32.0624032217482
17557,14,4,575.46,2009-12-07 10:15:00,2011-11-25 12:57:00,United Kingdom,5,4,2,542,11,Champions,Recent Developing,0.5846723350458308,Medium,135.365,79.1441706334789
17558,393,1,259.17,2010-11-11 14:36:00,2010-11-11 14:36:00,United Kingdom,2,2,1,221,5,Hibernating,Dormant,,Inactive (>1 yr),,
17559,512,1,167.62,2010-07-15 12:02:00,2010-07-15 12:02:00,United Kingdom,1,2,1,121,4,Hibernating,Dormant,,Inactive (>1 yr),,
17560,94,8,1895.8,2010-02-17 12:11:00,2011-09-06 09:18:00,United Kingdom,3,5,4,354,12,Loyal Customers,Lapsing Mid-Value,0.4285795014039035,Medium,213.7375,91.60351118131683
17561,19,4,703.02,2009-12-06 13:29:00,2011-11-20 12:53:00,United Kingdom,5,4,3,543,12,Champions,Recent Developing,0.759173854468499,High,41.28,31.33869671245964
17562,14,7,1122.38,2011-06-19 13:06:00,2011-11-25 14:21:00,United Kingdom,5,4,3,543,12,Champions,Recent Developing,0.20620166463315362,Low,280.595,57.85915608773975
17563,578,2,392.38,2010-04-07 10:02:00,2010-05-10 14:54:00,United Kingdom,1,3,2,132,6,At Risk,Dormant,,Inactive (>1 yr),,
17564,24,3,454.01,2011-09-20 14:00:00,2011-11-15 13:27:00,United Kingdom,4,3,2,432,9,Potential Loyalists,Recent Developing,0.38858129060402885,Medium,113.5025,44.10494793678378
17565,586,1,131.83,2010-05-02 11:54:00,2010-05-02 11:54:00,United Kingdom,1,2,1,121,4,Hibernating,Dormant,,Inactive (>1 yr),,
17566,8,2,869.77,2011-11-14 13:42:00,2011-12-01 19:54:00,United Kingdom,5,3,3,533,11,Potential Loyalists,Recent Developing,0.4186617975415985,Medium,217.4425,91.03486791193903
17567,7,9,4838.08,2010-09-24 10:48:00,2011-12-02 15:48:00,United Kingdom,5,5,5,555,15,Champions,Active High-Value,0.189249396907476,Low,953.3824999999999,180.42706314714172
17568,633,1,374.45,2010-03-16 16:45:00,2010-03-16 16:45:00,United Kingdom,1,2,2,122,5,Hibernating,Dormant,,Inactive (>1 yr),,
17569,332,1,344.14,2011-01-11 14:15:00,2011-01-11 14:15:00,United Kingdom,2,2,2,222,6,Hibernating,Dormant,0.8294822029771113,High,86.035,71.36450133313576
17571,50,5,1629.66,2010-06-15 12:50:00,2011-10-20 15:57:00,United Kingdom,4,4,4,444,12,Loyal Customers,Lapsing Mid-Value,0.4001095860742796,Medium,356.105,142.48102414898133
17572,71,10,652.21,2009-12-15 10:00:00,2011-09-29 17:53:00,United Kingdom,3,5,3,353,11,Loyal Customers,Lapsing Mid-Value,0.52055956168514,Medium,38.987500000000004,20.295315911199395
17573,29,3,380.6,2011-09-07 10:36:00,2011-11-10 13:01:00,United Kingdom,4,3,2,432,9,Potential Loyalists,Recent Developing,0.5347870198849329,Medium,95.15,50.884984942051375
17574,242,1,185.65,2011-04-11 09:47:00,2011-04-11 09:47:00,United Kingdom,2,2,1,221,5,Hibernating,Dormant,0.8462446434050215,High,46.4125,39.27632951203556
17575,667,1,171.7,2010-02-10 13:48:00,2010-02-10 13:48:00,United Kingdom,1,2,1,121,4,Hibernating,Dormant,,Inactive (>1 yr),,
17576,8,41,8705.6,2009-12-03 16:54:00,2011-12-01 17:56:00,United Kingdom,5,5,5,555,15,Champions,Active High-Value,0.03992092417103569,Low,861.295,34.38369238389218
17577,645,2,348.75,2010-02-09 10:10:00,2010-03-04 13:01:00,United Kingdom,1,3,2,132,6,At Risk,Dormant,,Inactive (>1 yr),,
17578,218,7,1047.33,2010-06-28 11:55:00,2011-05-05 18:38:00,United Kingdom,2,4,3,243,9,At Risk,Lapsing Mid-Value,0.824882559788804,High,35.864999999999995,29.58441300682545
17579,4,4,753.28,2010-05-10 14:28:00,2011-12-05 12:28:00,United Kingdom,5,4,3,543,12,Champions,Recent Developing,0.7058436062201124,High,112.22500000000001,79.21329870805212
17580,252,5,538.07,2010-10-13 14:28:00,2011-04-01 12:41:00,United Kingdom,2,4,2,242,8,At Risk,Lapsing Mid-Value,0.6814322430981128,High,53.1925,36.247084590996366
17581,0,43,17951.17,2009-12-03 12:34:00,2011-12-09 12:21:00,United Kingdom,5,5,5,555,15,Champions,Active High-Value,0.03955879583028284,Low,2559.615,101.2552871891294
17582,236,5,1446.95,2010-03-26 12:23:00,2011-04-17 13:18:00,United Kingdom,2,4,4,244,10,At Risk,Lapsing Mid-Value,0.74898637059466,High,43.8175,32.81871029353152
17583,560,1,135.95,2010-05-28 14:24:00,2010-05-28 14:24:00,United Kingdom,1,2,1,121,4,Hibernating,Dormant,,Inactive (>1 yr),,
17584,7,6,5309.42,2010-01-25 08:17:00,2011-12-02 17:12:00,United Kingdom,5,4,5,545,14,Champions,Active High-Value,0.5718127303302712,Medium,310.575,177.59073872232398
17585,109,7,2064.71,2010-08-18 16:39:00,2011-08-22 13:30:00,United Kingdom,3,4,4,344,11,Loyal Customers,Lapsing Mid-Value,0.43970063513061963,Medium,279.17,122.75122630941509
17586,619,1,167.4,2010-03-30 13:12:00,2010-03-30 13:12:00,United Kingdom,1,2,1,121,4,Hibernating,Dormant,,Inactive (>1 yr),,
17587,628,1,173.76,2010-03-21 14:16:00,2010-03-21 14:16:00,United Kingdom,1,2,1,121,4,Hibernating,Dormant,,Inactive (>1 yr),,
17588,100,7,2939.55,2010-03-12 12:34:00,2011-08-31 13:37:00,United Kingdom,3,4,5,345,12,Loyal Customers,Lapsing Mid-Value,0.4602116257823881,Medium,310.05,142.68861457382943
17589,60,18,13806.27,2010-03-07 13:48:00,2011-10-10 16:58:00,United Kingdom,3,5,5,355,13,Loyal Customers,Active High-Value,0.2980869643942766,Low,600.73,179.0697821205738
17590,2,3,1466.77,2011-10-30 14:05:00,2011-12-07 12:55:00,United Kingdom,5,3,4,534,12,Potential Loyalists,Recent Developing,0.3069407677019859,Medium,366.6925,112.55287746056047
17591,73,8,2339.32,2010-01-17 16:09:00,2011-09-27 13:42:00,United Kingdom,3,5,4,354,12,Loyal Customers,Lapsing Mid-Value,0.2934164913766235,Low,454.84250000000003,133.4582904789719
17592,738,1,148.3,2009-12-01 10:49:00,2009-12-01 10:49:00,United Kingdom,1,2,1,121,4,Hibernating,Dormant,,Inactive (>1 yr),,
17593,3,11,8092.32,2009-12-04 14:35:00,2011-12-06 10:30:00,United Kingdom,5,5,5,555,15,Champions,Active High-Value,0.304184566464527,Medium,980.965,298.39441324187476
17594,85,4,2497.88,2010-04-14 08:53:00,2011-09-15 16:34:00,United Kingdom,3,4,4,344,11,Loyal Customers,Lapsing Mid-Value,0.5812615817166376,Medium,248.295,144.3243444323325
17595,12,2,386.69,2011-11-02 16:19:00,2011-11-27 16:08:00,United Kingdom,5,3,2,532,10,Potential Loyalists,Recent Developing,0.5988448525336448,Medium,96.6725,57.89182900655878
17596,23,13,4491.46,2009-12-15 13:21:00,2011-11-16 14:11:00,United Kingdom,4,5,5,455,14,Loyal Customers,Active High-Value,0.14488417496105807,Low,603.93,87.4998997842318
17597,213,5,3484.09,2010-05-05 15:33:00,2011-05-10 11:54:00,United Kingdom,2,4,5,245,11,At Risk,Lapsing Mid-Value,0.5651764783644858,Medium,511.09250000000003,288.857459268501
17598,381,1,409.98,2010-11-23 17:43:00,2010-11-23 17:43:00,United Kingdom,2,2,2,222,6,Hibernating,Dormant,,Inactive (>1 yr),,
17599,477,1,52.05,2010-08-19 12:50:00,2010-08-19 12:50:00,United Kingdom,1,2,1,121,4,Hibernating,Dormant,,Inactive (>1 yr),,
17600,17,1,161.67000000000002,2011-11-22 09:43:00,2011-11-22 09:43:00,United Kingdom,5,2,1,521,8,Potential Loyalists,Recent Developing,0.6704307579443671,High,40.417500000000004,27.09713515921646
17601,239,2,412.65999999999997,2010-11-24 14:29:00,2011-04-14 18:02:00,United Kingdom,2,3,2,232,7,At Risk,Dormant,0.8157555592261746,High,29.002499999999998,23.658950606457125
17602,2,14,7354.43,2010-03-30 17:25:00,2011-12-07 13:53:00,United Kingdom,5,5,5,555,15,Champions,Active High-Value,0.14821006953536536,Low,1263.605,187.27898491523536
17603,78,4,1788.38,2009-12-10 09:44:00,2011-09-22 14:18:00,United Kingdom,3,4,4,344,11,Loyal Customers,Lapsing Mid-Value,0.6906660813996343,High,98.68,68.15492891251591
17604,217,6,942.38,2010-01-27 12:19:00,2011-05-06 13:43:00,United Kingdom,2,4,3,243,9,At Risk,Lapsing Mid-Value,0.6242347797348399,High,77.34,48.27831786469252
17605,590,1,160.75,2010-04-28 14:45:00,2010-04-28 14:45:00,United Kingdom,1,2,1,121,4,Hibernating,Dormant,,Inactive (>1 yr),,
17606,737,1,87.30000000000001,2009-12-02 13:32:00,2009-12-02 13:32:00,United Kingdom,1,2,1,121,4,Hibernating,Dormant,,Inactive (>1 yr),,
17607,376,1,333.81,2010-11-28 13:11:00,2010-11-28 13:11:00,United Kingdom,2,2,2,222,6,Hibernating,Dormant,,Inactive (>1 yr),,
17608,33,4,488.06,2010-04-11 13:37:00,2011-11-06 13:06:00,United Kingdom,4,4,2,442,10,Loyal Customers,Recent Developing,0.6748199512880524,High,47.9975,32.3896706119483
17609,40,11,1875.36,2010-04-09 16:54:00,2011-10-30 12:28:00,United Kingdom,4,5,4,454,13,Loyal Customers,Active High-Value,0.2368487842937763,Low,274.57,65.03157070354216
17610,540,5,1511.94,2009-12-06 16:07:00,2010-06-17 16:34:00,United Kingdom,1,4,4,144,9,At Risk,Lapsing Mid-Value,,Inactive (>1 yr),,
17611,7,28,8287.53,2009-12-01 13:29:00,2011-12-02 13:29:00,United Kingdom,5,5,5,555,15,Champions,Active High-Value,0.04255958445689749,Low,990.28,42.14590529597645
17612,53,18,5394.86,2009-12-17 11:59:00,2011-10-17 14:59:00,United Kingdom,4,5,5,455,14,Loyal Customers,Active High-Value,0.20282189074795037,Low,512.1125,103.86762552565973
17613,22,14,4544.55,2011-02-07 11:20:00,2011-11-17 10:51:00,United Kingdom,4,5,5,455,14,Loyal Customers,Active High-Value,0.09264848400856941,Low,1136.1375,105.26141700028603
17614,57,1,386.32,2011-10-13 16:01:00,2011-10-13 16:01:00,United Kingdom,4,2,2,422,8,Potential Loyalists,Recent Developing,0.6874766293785761,High,96.58,66.39649286538288
17615,130,6,721.8,2010-08-11 12:54:00,2011-08-01 14:06:00,United Kingdom,3,4,3,343,10,Loyal Customers,Lapsing Mid-Value,0.607701341008556,High,82.4,50.074590499105014
17616,173,4,734.4,2010-09-14 10:43:00,2011-06-19 10:11:00,United Kingdom,3,4,3,343,10,Loyal Customers,Lapsing Mid-Value,0.7376200191521463,High,61.199999999999996,45.14234517211135
17617,558,1,385.19,2010-05-30 12:48:00,2010-05-30 12:48:00,United Kingdom,1,2,2,122,5,Hibernating,Dormant,,Inactive (>1 yr),,
17618,5,11,4001.64,2010-01-24 11:03:00,2011-12-04 11:50:00,United Kingdom,5,5,5,555,15,Champions,Active High-Value,0.3974652831537963,Medium,232.57,92.4385009030784
17619,312,1,214.37,2011-01-31 14:18:00,2011-01-31 14:18:00,United Kingdom,2,2,1,221,5,Hibernating,Dormant,0.8314466596607768,High,53.5925,44.55930510787018
17620,59,1,81.44,2011-10-11 12:08:00,2011-10-11 12:08:00,United Kingdom,3,2,1,321,6,About to Sleep,Dormant,0.7850870918694293,High,20.36,15.984373190461579
17621,21,6,3175.12,2010-10-04 09:37:00,2011-11-18 17:11:00,United Kingdom,4,4,5,445,13,Loyal Customers,Active High-Value,0.5100467823389437,Medium,344.975,175.95338873737714
17622,597,2,1130.21,2010-04-20 13:38:00,2010-04-21 12:36:00,United Kingdom,1,3,3,133,7,At Risk,Dormant,,Inactive (>1 yr),,
17623,32,7,2365.77,2009-12-14 14:36:00,2011-11-07 11:32:00,United Kingdom,4,4,4,444,12,Loyal Customers,Lapsing Mid-Value,0.5270287579003737,Medium,131.76250000000002,69.442626712848
17624,14,4,1568.63,2009-12-20 12:35:00,2011-11-25 10:52:00,United Kingdom,5,4,4,544,13,Champions,Recent Developing,0.6661192756606615,High,210.87,140.4645716585637
17625,18,8,5978.9,2009-12-15 11:49:00,2011-11-21 13:36:00,United Kingdom,5,5,5,555,15,Champions,Active High-Value,0.2840475108446622,Low,505.1,143.47239772763888
17626,602,1,254.0,2010-04-16 12:15:00,2010-04-16 12:15:00,United Kingdom,1,2,1,121,4,Hibernating,Dormant,,Inactive (>1 yr),,
17627,478,1,296.36,2010-08-18 11:27:00,2010-08-18 11:27:00,United Kingdom,1,2,2,122,5,Hibernating,Dormant,,Inactive (>1 yr),,
17628,81,1,75.75,2011-09-19 15:21:00,2011-09-19 15:21:00,United Kingdom,3,2,1,321,6,About to Sleep,Dormant,0.8013419067258379,High,18.9375,15.175412358620555
17629,5,10,2455.52,2010-10-14 13:35:00,2011-12-04 10:56:00,United Kingdom,5,5,4,554,14,Champions,Active High-Value,0.16431616238503996,Low,453.53,74.52230912648717
17630,169,2,503.59999999999997,2011-04-21 14:03:00,2011-06-23 11:58:00,United Kingdom,3,3,2,332,8,Need Attention,Dormant,0.678556666818443,High,125.89999999999999,85.43028435244196
17631,1,7,998.49,2009-12-09 14:15:00,2011-12-08 09:47:00,United Kingdom,5,4,3,543,12,Champions,Recent Developing,0.6391394179627249,High,132.0825,84.41913217306161
17633,31,7,2057.39,2010-11-15 14:55:00,2011-11-08 13:25:00,United Kingdom,4,4,4,444,12,Loyal Customers,Lapsing Mid-Value,0.40316221145050224,Medium,331.21,133.53135605452084
17634,36,9,2358.59,2011-01-06 12:45:00,2011-11-03 13:09:00,United Kingdom,4,5,4,454,13,Loyal Customers,Active High-Value,0.1708696591102809,Low,589.6475,100.75286732022937
17635,424,3,1265.58,2010-04-28 10:51:00,2010-10-11 15:12:00,United Kingdom,1,3,4,134,8,At Risk,Lapsing Mid-Value,,Inactive (>1 yr),,
17636,19,1,285.56,2011-11-20 14:40:00,2011-11-20 14:40:00,United Kingdom,5,2,2,522,9,Potential Loyalists,Recent Developing,0.655738922950141,High,71.39,46.81320170941057
17637,31,2,547.0600000000001,2011-08-16 13:25:00,2011-11-08 12:51:00,United Kingdom,4,3,2,432,9,Potential Loyalists,Recent Developing,0.6315445146775437,High,136.76500000000001,86.37318554987428
17638,647,2,842.4,2009-12-18 09:58:00,2010-03-02 14:32:00,United Kingdom,1,3,3,133,7,At Risk,Dormant,,Inactive (>1 yr),,
17639,276,6,615.17,2010-08-13 11:59:00,2011-03-08 15:22:00,United Kingdom,2,4,3,243,9,At Risk,Lapsing Mid-Value,0.8671494713012062,High,27.125,23.52142940904522
17640,86,6,3168.94,2010-03-23 09:15:00,2011-09-14 09:13:00,United Kingdom,3,4,5,345,12,Loyal Customers,Lapsing Mid-Value,0.6201421318765555,High,155.415,96.37938942559488
17642,119,5,1824.49,2009-12-05 16:01:00,2011-08-12 09:11:00,United Kingdom,3,4,4,344,11,Loyal Customers,Lapsing Mid-Value,0.5785129991340905,Medium,178.0725,103.01725603830532
17643,373,2,439.7,2010-07-22 13:07:00,2010-12-01 14:38:00,United Kingdom,2,3,2,232,7,At Risk,Dormant,,Inactive (>1 yr),,
17644,1,20,6028.6,2010-02-16 08:44:00,2011-12-08 13:43:00,United Kingdom,5,5,5,555,15,Champions,Active High-Value,0.11052706844525498,Low,723.91,80.01165011820453
17646,219,12,3898.79,2009-12-16 09:37:00,2011-05-04 13:17:00,United Kingdom,2,5,5,255,12,Can't Lose Them,Lapsing Mid-Value,0.5286287782324867,Medium,189.3475,100.09453758637576
17647,65,3,331.65999999999997,2010-02-08 14:39:00,2011-10-05 15:38:00,United Kingdom,3,3,2,332,8,Need Attention,Recent Developing,0.8470835719538413,High,33.265,28.178235021044532
17648,60,5,2216.37,2010-11-19 16:41:00,2011-10-10 09:41:00,United Kingdom,3,4,4,344,11,Loyal Customers,Lapsing Mid-Value,0.43226940365457556,Medium,449.375,194.2510632672749
17649,138,3,1578.89,2010-08-24 13:01:00,2011-07-24 15:53:00,United Kingdom,3,3,4,334,10,Need Attention,Lapsing Mid-Value,0.7386304626144574,High,217.1225,160.37329261900754
17650,21,1,166.08,2011-11-18 14:52:00,2011-11-18 14:52:00,United Kingdom,4,2,1,421,7,Potential Loyalists,Recent Developing,0.690921580758431,High,41.52,28.687064033090056
17651,11,16,5703.52,2010-07-01 12:17:00,2011-11-28 10:29:00,United Kingdom,5,5,5,555,15,Champions,Active High-Value,0.15340162117378198,Low,986.25,151.29234888264247
17652,25,12,4867.72,2011-03-03 14:05:00,2011-11-14 12:55:00,United Kingdom,4,5,5,455,14,Loyal Customers,Active High-Value,0.11672390558135645,Low,1216.93,142.04482241912012
17653,36,4,1207.56,2011-08-11 15:24:00,2011-11-03 12:46:00,United Kingdom,4,4,4,444,12,Loyal Customers,Recent Developing,0.4040299022345689,Medium,301.89,121.97258718559401
17654,277,1,117.55,2011-03-07 13:17:00,2011-03-07 13:17:00,United Kingdom,2,2,1,221,5,Hibernating,Dormant,0.8549799203684088,High,29.3875,25.12572240982661
17655,10,9,2976.38,2010-10-19 10:20:00,2011-11-29 11:34:00,United Kingdom,5,5,5,555,15,Champions,Active High-Value,0.23028731448850745,Low,490.71000000000004,113.0042880926555
17656,73,5,1674.69,2011-08-03 10:45:00,2011-09-27 13:04:00,United Kingdom,3,4,4,344,11,Loyal Customers,Lapsing Mid-Value,0.5425555003791693,Medium,418.6725,227.1530677324978
17657,430,1,126.0,2010-10-05 14:52:00,2010-10-05 14:52:00,United Kingdom,1,2,1,121,4,Hibernating,Dormant,,Inactive (>1 yr),,
17658,25,2,595.42,2011-05-12 15:23:00,2011-11-14 12:07:00,United Kingdom,4,3,2,432,9,Potential Loyalists,Recent Developing,0.7513247967107184,High,148.855,111.83845261437398
17659,17,14,3586.9900000000002,2010-11-18 14:20:00,2011-11-22 13:29:00,United Kingdom,5,5,5,555,15,Champions,Active High-Value,0.15039241387004623,Low,687.915,103.45719738741285
17660,141,2,342.22,2009-12-02 16:02:00,2011-07-21 13:37:00,United Kingdom,3,3,2,332,8,Need Attention,Dormant,0.8587318831584317,High,44.6875,38.37458102864242
17662,661,2,412.92,2009-12-17 09:54:00,2010-02-16 09:38:00,United Kingdom,1,3,2,132,6,At Risk,Dormant,,Inactive (>1 yr),,
17663,25,17,5175.83,2010-03-04 11:42:00,2011-11-14 08:56:00,United Kingdom,4,5,5,455,14,Loyal Customers,Active High-Value,0.1485720865153648,Low,450.7275,66.9655251248541
17664,18,4,1166.23,2010-03-29 17:17:00,2011-11-21 11:29:00,United Kingdom,5,4,3,543,12,Champions,Recent Developing,0.6499095873212389,High,151.16,98.24033321947847
17665,493,1,563.1,2010-08-03 13:12:00,2010-08-03 13:12:00,United Kingdom,1,2,2,122,5,Hibernating,Dormant,,Inactive (>1 yr),,
17666,3,5,2047.8,2010-06-30 12:03:00,2011-12-06 09:06:00,United Kingdom,5,4,4,544,13,Champions,Recent Developing,0.6760394626678918,High,182.04,123.06622378406303
17667,66,9,3950.7,2010-02-23 09:57:00,2011-10-04 14:32:00,United Kingdom,3,5,5,355,13,Loyal Customers,Lapsing Mid-Value,0.3035376323058438,Medium,513.8775,155.98115964524627
17668,1,2,347.75,2011-11-01 14:45:00,2011-12-08 13:25:00,United Kingdom,5,3,2,532,10,Potential Loyalists,Recent Developing,0.6598172156629948,High,86.9375,57.362859186701606
17669,42,10,6142.35,2010-04-01 18:48:00,2011-10-28 08:53:00,United Kingdom,4,5,5,455,14,Loyal Customers,Active High-Value,0.2034714751563317,Low,851.6800000000001,173.2925859611446
17670,227,1,205.7,2011-04-26 09:12:00,2011-04-26 09:12:00,United Kingdom,2,2,1,221,5,Hibernating,Dormant,0.8376304069846938,High,51.425,43.075143679187875
17671,15,5,2009.16,2010-11-29 11:53:00,2011-11-24 12:21:00,United Kingdom,5,4,4,544,13,Champions,Recent Developing,0.47771609831633555,Medium,294.6325,140.75068833718774
17672,50,6,5663.74,2010-03-08 13:17:00,2011-10-20 14:18:00,United Kingdom,4,4,5,445,13,Loyal Customers,Lapsing Mid-Value,0.44171799524066335,Medium,794.5425,350.9637202335048
17673,1,13,4173.88,2010-03-19 14:02:00,2011-12-08 12:50:00,United Kingdom,5,5,5,555,15,Champions,Active High-Value,0.26501397326196313,Low,398.7425,105.67233423340834
17674,74,2,551.04,2010-12-06 10:20:00,2011-09-26 13:35:00,United Kingdom,3,3,2,332,8,Need Attention,Recent Developing,0.8159374245528573,High,62.595,51.073603089886106
17675,1,70,37642.48,2009-12-10 16:10:00,2011-12-08 18:03:00,United Kingdom,5,5,5,555,15,Champions,Active High-Value,0.019940370054351,Low,4939.29,98.49127040575534
17676,4,10,2448.64,2010-03-30 10:49:00,2011-12-05 15:16:00,United Kingdom,5,5,4,554,14,Champions,Active High-Value,0.3434209935626657,Medium,267.62,91.9063262972406
17677,1,54,35058.46,2009-12-16 11:23:00,2011-12-08 09:56:00,United Kingdom,5,5,5,555,15,Champions,Active High-Value,0.02241093793114147,Low,3682.195,82.52144359535946
17678,263,2,599.76,2010-04-15 13:54:00,2011-03-21 11:52:00,United Kingdom,2,3,2,232,7,At Risk,Dormant,0.8172565678076307,High,74.5275,60.9080888572832
17679,52,7,3577.61,2009-12-03 17:32:00,2011-10-18 07:43:00,United Kingdom,4,4,5,445,13,Loyal Customers,Lapsing Mid-Value,0.4052562465737087,Medium,498.02750000000003,201.8287553404877
17680,23,3,497.45,2010-07-16 16:07:00,2011-11-16 12:42:00,United Kingdom,4,3,2,432,9,Potential Loyalists,Recent Developing,0.8068150595876706,High,46.1,37.194174246991615
17681,597,5,731.2,2010-01-15 11:53:00,2010-04-21 17:22:00,United Kingdom,1,4,3,143,8,At Risk,Lapsing Mid-Value,,Inactive (>1 yr),,
17682,10,11,4065.28,2010-03-08 09:49:00,2011-11-29 15:59:00,United Kingdom,5,5,5,555,15,Champions,Active High-Value,0.24632575549694793,Low,520.7075,128.263668330427
17683,385,3,819.01,2010-06-03 17:15:00,2010-11-19 10:11:00,United Kingdom,2,3,3,233,8,At Risk,Lapsing Mid-Value,,Inactive (>1 yr),,
17684,43,1,239.41,2011-10-27 11:10:00,2011-10-27 11:10:00,United Kingdom,4,2,1,421,7,Potential Loyalists,Recent Developing,0.7152830445974734,High,59.8525,42.81147842677027
17685,16,12,5454.95,2010-02-11 13:44:00,2011-11-23 11:36:00,United Kingdom,5,5,5,555,15,Champions,Active High-Value,0.18649981478712008,Low,675.8275,126.04170357804239
17686,7,9,8296.81,2010-06-24 09:49:00,2011-12-02 15:39:00,United Kingdom,5,5,5,555,15,Champions,Active High-Value,0.2197562150083102,Low,1434.865,315.320501447899
17687,420,1,432.68,2010-10-15 12:30:00,2010-10-15 12:30:00,United Kingdom,1,2,2,122,5,Hibernating,Dormant,,Inactive (>1 yr),,
17688,393,1,304.2,2010-11-11 10:41:00,2010-11-11 10:41:00,United Kingdom,2,2,2,222,6,Hibernating,Dormant,,Inactive (>1 yr),,
17689,388,2,317.08,2010-08-22 13:54:00,2010-11-16 13:22:00,United Kingdom,2,3,2,232,7,At Risk,Dormant,,Inactive (>1 yr),,
17690,30,20,6963.8,2010-02-03 14:26:00,2011-11-09 15:17:00,United Kingdom,4,5,5,455,14,Loyal Customers,Active High-Value,0.0952908332223144,Low,1069.65,101.9278397562486
17691,358,4,637.5500000000001,2010-06-11 11:50:00,2010-12-16 17:20:00,United Kingdom,2,4,3,243,9,At Risk,Lapsing Mid-Value,0.838641301434894,High,36.975,31.008762120555208
17692,127,12,2960.44,2010-06-17 11:14:00,2011-08-04 14:01:00,United Kingdom,3,5,5,355,13,Loyal Customers,Lapsing Mid-Value,0.47227516835688377,Medium,181.39499999999998,85.66835416409693
17693,137,1,200.47,2011-07-25 15:48:00,2011-07-25 15:48:00,United Kingdom,3,2,1,321,6,About to Sleep,Dormant,0.8154135129472022,High,50.1175,40.86648673513141
17694,141,3,1695.97,2010-05-26 08:27:00,2011-07-21 12:00:00,United Kingdom,3,3,4,334,10,Need Attention,Lapsing Mid-Value,0.7748509646462759,High,70.78,54.84395127766341
17695,131,5,1746.04,2010-01-28 09:27:00,2011-07-31 10:40:00,United Kingdom,3,4,4,344,11,Loyal Customers,Lapsing Mid-Value,0.5832732252471612,Medium,191.335,111.60058255266559
17696,38,27,7679.59,2009-12-10 17:09:00,2011-11-01 13:43:00,United Kingdom,4,5,5,455,14,Loyal Customers,Active High-Value,0.18716095254227486,Low,571.4275,106.94891520885076
17697,236,1,338.95,2011-04-17 15:40:00,2011-04-17 15:40:00,United Kingdom,2,2,2,222,6,Hibernating,Dormant,0.8185686597912435,High,84.7375,69.3634618090605
17698,260,1,154.95,2011-03-24 11:34:00,2011-03-24 11:34:00,United Kingdom,2,2,1,221,5,Hibernating,Dormant,0.8541101692528563,High,38.7375,33.08609268143252
17699,476,2,442.0,2010-05-27 11:53:00,2010-08-20 09:39:00,United Kingdom,1,3,2,132,6,At Risk,Dormant,,Inactive (>1 yr),,
17700,16,14,6679.97,2009-12-01 11:37:00,2011-11-23 11:51:00,United Kingdom,5,5,5,555,15,Champions,Active High-Value,0.20863181277585385,Low,633.66,132.20163448354754
17701,252,1,417.95,2011-04-01 12:25:00,2011-04-01 12:25:00,United Kingdom,2,2,2,222,6,Hibernating,Dormant,0.8123841963572871,High,104.4875,84.88399371688203
17702,30,6,3144.04,2010-11-04 12:09:00,2011-11-09 16:03:00,United Kingdom,4,4,5,445,13,Loyal Customers,Lapsing Mid-Value,0.38973814754838754,Medium,456.0925,177.75664606071294
17703,35,4,1094.84,2010-10-17 16:16:00,2011-11-04 15:51:00,United Kingdom,4,4,3,443,11,Loyal Customers,Recent Developing,0.5206096422351991,Medium,199.685,103.95793640973574
17704,168,2,885.19,2011-04-14 09:28:00,2011-06-24 09:40:00,United Kingdom,3,3,3,333,9,Need Attention,Lapsing Mid-Value,0.6527554453784364,High,221.2975,144.45314817363456
17705,3,11,2083.9,2010-05-12 09:47:00,2011-12-06 13:45:00,United Kingdom,5,5,4,554,14,Champions,Active High-Value,0.19528945860511962,Low,455.88,89.02855838890193
17706,4,31,20272.15,2010-01-19 12:13:00,2011-12-05 13:34:00,United Kingdom,5,5,5,555,15,Champions,Active High-Value,0.06326565957729144,Low,2506.665,158.58581456431125
17707,185,8,609.3000000000001,2009-12-07 12:19:00,2011-06-07 15:03:00,United Kingdom,3,5,3,353,11,Loyal Customers,Lapsing Mid-Value,0.6637054645069691,High,38.1,25.287178197715523
17708,187,4,884.1800000000001,2010-10-12 12:13:00,2011-06-05 10:12:00,United Kingdom,2,4,3,243,9,At Risk,Lapsing Mid-Value,0.6904171411690966,High,65.8325,45.45188644601455
17709,169,5,671.01,2010-04-15 14:48:00,2011-06-23 11:55:00,United Kingdom,3,4,3,343,10,Loyal Customers,Lapsing Mid-Value,0.8122666341612097,High,34.3625,27.911512216364567
17710,423,1,293.5,2010-10-12 07:49:00,2010-10-12 07:49:00,United Kingdom,1,2,2,122,5,Hibernating,Dormant,,Inactive (>1 yr),,
17711,10,2,385.1,2011-02-23 11:32:00,2011-11-29 11:40:00,United Kingdom,5,3,2,532,10,Potential Loyalists,Recent Developing,0.8277061545265757,High,96.275,79.68741002704608
17712,44,1,522.91,2011-10-26 12:28:00,2011-10-26 12:28:00,United Kingdom,4,2,2,422,8,Potential Loyalists,Recent Developing,0.6782376448136561,High,130.7275,88.66431171237723
17713,382,4,1198.09,2010-06-09 09:33:00,2010-11-22 16:50:00,United Kingdom,2,4,3,243,9,At Risk,Lapsing Mid-Value,,Inactive (>1 yr),,
17714,320,5,1410.18,2010-07-14 10:41:00,2011-01-23 10:32:00,United Kingdom,2,4,4,244,10,At Risk,Lapsing Mid-Value,0.8289674027689201,High,38.25,31.708003155911193
17715,200,2,489.59999999999997,2010-04-26 12:17:00,2011-05-23 12:32:00,United Kingdom,2,3,2,232,7,At Risk,Dormant,0.843178636941543,High,81.6,68.8033767744299
17716,22,24,15956.97,2009-12-02 17:18:00,2011-11-17 12:00:00,United Kingdom,4,5,5,455,14,Loyal Customers,Active High-Value,0.08480272237881253,Low,1413.9975,119.91083743683497
17717,421,1,376.92,2010-10-14 12:54:00,2010-10-14 12:54:00,United Kingdom,1,2,2,122,5,Hibernating,Dormant,,Inactive (>1 yr),,
17718,232,2,439.18,2010-03-05 08:01:00,2011-04-21 13:39:00,United Kingdom,2,3,2,232,7,At Risk,Dormant,0.8647960337356565,High,34.8375,30.127331825265934
17719,37,15,5396.04,2011-03-29 11:29:00,2011-11-02 10:36:00,United Kingdom,4,5,5,455,14,Loyal Customers,Active High-Value,0.15145909936929844,Low,1349.01,204.3198396401773
17720,26,10,2666.91,2010-05-10 09:58:00,2011-11-13 15:04:00,United Kingdom,4,5,4,454,13,Loyal Customers,Active High-Value,0.30354863650715175,Medium,273.485,83.0159988551584
17721,659,1,307.21000000000004,2010-02-18 15:18:00,2010-02-18 15:18:00,United Kingdom,1,2,2,122,5,Hibernating,Dormant,,Inactive (>1 yr),,
17722,96,5,3520.2200000000003,2010-11-29 09:44:00,2011-09-04 15:22:00,United Kingdom,3,4,5,345,12,Loyal Customers,Lapsing Mid-Value,0.46893981247139194,Medium,378.475,177.48199552511008
17723,127,7,3378.4000000000005,2010-11-29 10:35:00,2011-08-04 18:37:00,United Kingdom,3,4,5,345,12,Loyal Customers,Lapsing Mid-Value,0.47286110926966746,Medium,819.1000000000001,387.3205346027847
17724,71,3,1033.0,2011-07-24 13:26:00,2011-09-29 15:26:00,United Kingdom,3,3,3,333,9,Need Attention,Lapsing Mid-Value,0.5306051177616479,Medium,258.25,137.02877166194557
17725,16,11,3439.08,2011-03-17 19:47:00,2011-11-23 16:34:00,United Kingdom,5,5,5,555,15,Champions,Active High-Value,0.11611711692945292,Low,859.77,99.83401362243573
17726,395,7,1092.06,2010-01-26 14:58:00,2010-11-09 13:37:00,United Kingdom,2,4,3,243,9,At Risk,Lapsing Mid-Value,,Inactive (>1 yr),,
17727,15,1,1060.25,2011-11-24 17:06:00,2011-11-24 17:06:00,United Kingdom,5,2,3,523,10,Potential Loyalists,Recent Developing,0.5585546753374205,Medium,265.0625,148.05189863162502
17728,3,5,4238.76,2010-09-12 14:58:00,2011-12-06 08:52:00,United Kingdom,5,4,5,545,14,Champions,Active High-Value,0.42797450162451484,Medium,719.0025,307.71473660428023
17729,596,1,438.65000000000003,2010-04-22 15:03:00,2010-04-22 15:03:00,United Kingdom,1,2,2,122,5,Hibernating,Dormant,,Inactive (>1 yr),,
17730,3,20,7773.8,2010-04-29 11:48:00,2011-12-06 15:43:00,United Kingdom,5,5,5,555,15,Champions,Active High-Value,0.06674782330807047,Low,1324.6200000000001,88.41550171033631
17731,79,6,1708.99,2010-02-09 12:37:00,2011-09-21 15:02:00,United Kingdom,3,4,4,344,11,Loyal Customers,Lapsing Mid-Value,0.4607764689665911,Medium,310.0275,142.8533767325398
17732,372,8,2166.42,2010-08-09 08:41:00,2010-12-02 09:29:00,United Kingdom,2,5,4,254,11,Can't Lose Them,Lapsing Mid-Value,,Inactive (>1 yr),,
17733,38,2,692.19,2011-03-23 09:54:00,2011-11-01 08:16:00,United Kingdom,4,3,3,433,10,Potential Loyalists,Recent Developing,0.7275032191396269,High,173.0475,125.89261331406459
17734,53,6,1442.32,2010-03-07 13:55:00,2011-10-17 12:33:00,United Kingdom,4,4,4,444,12,Loyal Customers,Lapsing Mid-Value,0.44952519780669453,Medium,175.1575,78.73770983482609
17735,2,26,16790.33,2010-07-30 13:25:00,2011-12-07 16:47:00,United Kingdom,5,5,5,555,15,Champions,Active High-Value,0.04964826692441474,Low,3163.855,157.07991755014422
17736,9,3,377.44,2011-08-18 14:33:00,2011-11-30 15:36:00,United Kingdom,5,3,2,532,10,Potential Loyalists,Recent Developing,0.5001033508700826,Medium,94.36,47.189752188101
17737,9,2,168.24,2011-10-12 14:42:00,2011-11-30 15:16:00,United Kingdom,5,3,1,531,9,Potential Loyalists,Recent Developing,0.6474691409281373,High,42.06,27.232552067437457
17738,19,13,4183.56,2010-03-19 10:07:00,2011-11-20 15:05:00,United Kingdom,5,5,5,555,15,Champions,Active High-Value,0.27291268384389206,Low,469.7625,128.20414464421634
17739,11,18,7730.59,2009-12-07 10:48:00,2011-11-28 09:12:00,United Kingdom,5,5,5,555,15,Champions,Active High-Value,0.11871303033452822,Low,697.8375,82.84240430607133
17740,389,6,426.9,2010-01-11 13:11:00,2010-11-15 16:33:00,United Kingdom,2,4,2,242,8,At Risk,Lapsing Mid-Value,,Inactive (>1 yr),,
17741,406,2,101.1,2010-05-28 12:11:00,2010-10-29 11:59:00,United Kingdom,2,3,1,231,6,At Risk,Dormant,,Inactive (>1 yr),,
17742,113,11,2098.48,2009-12-01 13:16:00,2011-08-18 15:28:00,United Kingdom,3,5,4,354,12,Loyal Customers,Lapsing Mid-Value,0.5096344052275908,Medium,88.7775,45.244068410092446
17743,448,1,229.2,2010-09-17 14:54:00,2010-09-17 14:54:00,United Kingdom,1,2,1,121,4,Hibernating,Dormant,,Inactive (>1 yr),,
17744,3,7,2649.14,2010-11-24 09:34:00,2011-12-06 12:11:00,United Kingdom,5,4,4,544,13,Champions,Active High-Value,0.3148007517526868,Medium,580.6,182.77331646760996
17745,477,2,600.34,2010-06-02 09:03:00,2010-08-19 12:30:00,United Kingdom,1,3,2,132,6,At Risk,Dormant,,Inactive (>1 yr),,
17746,240,4,904.1800000000001,2010-04-08 12:54:00,2011-04-13 14:31:00,United Kingdom,2,4,3,243,9,At Risk,Lapsing Mid-Value,0.8390563516678451,High,27.5625,23.126490692844982
17747,112,1,71.4,2011-08-19 08:13:00,2011-08-19 08:13:00,United Kingdom,3,2,1,321,6,About to Sleep,Dormant,0.8602781880742322,High,17.85,15.355965657125045
17748,527,1,358.15,2010-06-30 13:49:00,2010-06-30 13:49:00,United Kingdom,1,2,2,122,5,Hibernating,Dormant,,Inactive (>1 yr),,
17749,178,3,1026.18,2010-06-11 14:56:00,2011-06-14 15:45:00,United Kingdom,3,3,3,333,9,Need Attention,Lapsing Mid-Value,0.66555836462555,High,168.63,112.2331070268065
17750,5,9,1694.16,2011-06-28 15:44:00,2011-12-04 14:09:00,United Kingdom,5,5,4,554,14,Champions,Active High-Value,0.13266063994696575,Low,423.54,56.18708744313788
17751,421,1,157.85999999999999,2010-10-14 13:57:00,2010-10-14 13:57:00,United Kingdom,1,2,1,121,4,Hibernating,Dormant,,Inactive (>1 yr),,
17752,359,1,80.64,2010-12-15 16:19:00,2010-12-15 16:19:00,United Kingdom,2,2,1,221,5,Hibernating,Dormant,0.8934493356705252,High,20.16,18.011938607117788
17753,464,4,382.06,2010-01-06 14:20:00,2010-09-01 15:49:00,United Kingdom,1,4,2,142,7,At Risk,Dormant,,Inactive (>1 yr),,
17754,0,13,4451.22,2009-12-11 15:52:00,2011-12-09 11:20:00,United Kingdom,5,5,5,555,15,Champions,Active High-Value,0.3144073058265971,Medium,416.1625,130.8445304110612
17756,375,3,728.75,2010-11-10 12:54:00,2010-11-29 12:20:00,United Kingdom,2,3,3,233,8,At Risk,Lapsing Mid-Value,,Inactive (>1 yr),,
17757,1,56,9070.1,2010-01-13 15:56:00,2011-12-08 15:31:00,United Kingdom,5,5,5,555,15,Champions,Active High-Value,0.02404615314649516,Low,1324.2475,31.84305818886335
17758,19,12,4964.03,2010-05-20 13:18:00,2011-11-20 14:45:00,United Kingdom,5,5,5,555,15,Champions,Active High-Value,0.14840776939419303,Low,852.0500000000001,126.45083991232218
17759,17,5,1260.63,2010-05-05 11:40:00,2011-11-22 16:02:00,United Kingdom,5,4,4,544,13,Champions,Recent Developing,0.5706528793810475,Medium,204.6775,116.79980471951436
17760,21,6,746.39,2010-02-28 12:15:00,2011-11-18 10:56:00,United Kingdom,4,4,3,443,11,Loyal Customers,Recent Developing,0.7043537722706639,High,28.7625,20.25897537493497
17761,32,1,712.78,2011-11-07 10:23:00,2011-11-07 10:23:00,United Kingdom,4,2,3,423,9,Potential Loyalists,Recent Developing,0.6510166137945261,High,178.195,116.00790549511558
17762,456,1,129.75,2010-09-09 17:40:00,2010-09-09 17:40:00,United Kingdom,1,2,1,121,4,Hibernating,Dormant,,Inactive (>1 yr),,
17763,263,4,86.15,2010-02-18 14:32:00,2011-03-21 14:25:00,United Kingdom,2,4,1,241,7,At Risk,Dormant,0.9271531099999175,High,3.75,3.4768241624996907
17764,50,5,1513.57,2009-12-03 14:28:00,2011-10-20 11:03:00,United Kingdom,4,4,4,444,12,Loyal Customers,Lapsing Mid-Value,0.5349676321006528,Medium,193.1375,103.32231104483982
17765,158,4,524.0,2010-09-17 12:45:00,2011-07-04 12:41:00,United Kingdom,3,4,2,342,9,Loyal Customers,Lapsing Mid-Value,0.6062199481180682,High,91.9075,55.716159881661355
17766,381,2,299.61,2010-11-23 14:17:00,2010-11-23 14:29:00,United Kingdom,2,3,2,232,7,At Risk,Dormant,,Inactive (>1 yr),,
17767,15,2,413.05,2010-10-25 16:22:00,2011-11-24 14:42:00,United Kingdom,5,3,2,532,10,Potential Loyalists,Recent Developing,0.8732141929993609,High,67.8,59.20392228535666
17768,8,7,3292.73,2009-12-02 12:26:00,2011-12-01 13:22:00,United Kingdom,5,4,5,545,14,Champions,Active High-Value,0.41696020188223065,Medium,520.475,217.01736107465402
17769,12,17,7053.38,2010-01-19 11:33:00,2011-11-27 11:18:00,United Kingdom,5,5,5,555,15,Champions,Active High-Value,0.08157383102592365,Low,989.3575,80.70568152923026
17770,198,5,1143.27,2011-03-02 13:35:00,2011-05-25 12:34:00,United Kingdom,2,4,3,243,9,At Risk,Lapsing Mid-Value,0.7268751958198303,High,285.8175,207.75365128123434
17771,56,4,386.93,2010-04-29 13:21:00,2011-10-14 11:43:00,United Kingdom,4,4,2,442,10,Loyal Customers,Recent Developing,0.6237617357996543,High,61.3325,38.2568666609323
17772,10,3,360.75,2010-11-12 11:31:00,2011-11-29 11:05:00,United Kingdom,5,3,2,532,10,Potential Loyalists,Recent Developing,0.7844910756955996,High,43.3625,34.01749426985044
17773,514,2,575.37,2010-01-18 14:32:00,2010-07-13 14:07:00,United Kingdom,1,3,2,132,6,At Risk,Dormant,,Inactive (>1 yr),,
17774,96,9,3272.83,2010-02-08 16:06:00,2011-09-04 12:49:00,United Kingdom,3,5,5,355,13,Loyal Customers,Lapsing Mid-Value,0.3627450600643297,Medium,303.4325,110.06864043796973
17775,254,1,56.4,2011-03-30 10:50:00,2011-03-30 10:50:00,United Kingdom,2,2,1,221,5,Hibernating,Dormant,0.8846722959726144,High,14.1,12.473879373213864
17776,386,2,329.3,2009-12-16 14:59:00,2010-11-18 12:14:00,United Kingdom,2,3,2,232,7,At Risk,Dormant,,Inactive (>1 yr),,
17777,24,3,647.56,2011-08-31 14:35:00,2011-11-15 12:02:00,United Kingdom,4,3,3,433,10,Potential Loyalists,Recent Developing,0.40028927990077046,Medium,161.89,64.80283152313572
17778,661,1,197.70000000000002,2010-02-16 12:44:00,2010-02-16 12:44:00,United Kingdom,1,2,1,121,4,Hibernating,Dormant,,Inactive (>1 yr),,
17779,21,3,650.32,2011-07-19 12:19:00,2011-11-18 14:15:00,United Kingdom,4,3,3,433,10,Potential Loyalists,Recent Developing,0.4520413980103764,Medium,162.58,73.492890488527
17780,667,3,346.56,2010-01-24 11:21:00,2010-02-10 13:43:00,United Kingdom,1,3,2,132,6,At Risk,Dormant,,Inactive (>1 yr),,
17781,159,2,188.02,2011-03-31 19:54:00,2011-07-03 16:00:00,United Kingdom,3,3,1,331,7,Need Attention,Dormant,0.7395847553288468,High,47.005,34.76418142423245
17782,382,2,679.02,2010-11-22 10:03:00,2010-11-22 11:15:00,United Kingdom,2,3,3,233,8,At Risk,Dormant,,Inactive (>1 yr),,
17783,72,3,376.96,2010-07-15 12:50:00,2011-09-28 16:07:00,United Kingdom,3,3,2,332,8,Need Attention,Recent Developing,0.6682922797877647,High,70.8675,47.36020313785942
17784,550,1,112.86,2010-06-07 16:08:00,2010-06-07 16:08:00,United Kingdom,1,2,1,121,4,Hibernating,Dormant,,Inactive (>1 yr),,
17785,53,3,403.38,2010-05-23 13:01:00,2011-10-17 13:43:00,United Kingdom,4,3,2,432,9,Potential Loyalists,Recent Developing,0.7810846612893467,High,32.985,25.7640775526291
17786,85,2,266.85,2011-01-26 14:35:00,2011-09-15 12:51:00,United Kingdom,3,3,1,331,7,Need Attention,Dormant,0.7271215206763972,High,66.7125,48.508094448124154
17787,152,4,1817.54,2010-12-03 13:43:00,2011-07-10 11:24:00,United Kingdom,3,4,4,344,11,Loyal Customers,Lapsing Mid-Value,0.5477992930516173,Medium,270.315,148.07836590124793
17788,73,2,1112.95,2011-08-02 10:38:00,2011-09-27 10:09:00,United Kingdom,3,3,3,333,9,Need Attention,Recent Developing,0.6251420927636323,High,278.2375,173.93797303532116
17789,281,2,397.15,2010-02-16 13:16:00,2011-03-03 13:14:00,United Kingdom,2,3,2,232,7,At Risk,Dormant,0.8258137331514379,High,56.475,46.637830579727456
17790,26,20,2779.41,2010-06-13 13:30:00,2011-11-13 11:30:00,United Kingdom,4,5,4,454,13,Loyal Customers,Active High-Value,0.13474681139956826,Low,491.075,66.17079040804298
17791,29,1,106.1,2011-11-10 12:09:00,2011-11-10 12:09:00,United Kingdom,4,2,1,421,7,Potential Loyalists,Recent Developing,0.7242722091831194,High,26.525,19.21132034858224
17792,467,2,368.35,2010-08-18 13:08:00,2010-08-29 14:30:00,United Kingdom,1,3,2,132,6,At Risk,Dormant,,Inactive (>1 yr),,
17793,25,1,300.34,2011-11-14 14:24:00,2011-11-14 14:24:00,United Kingdom,4,2,2,422,8,Potential Loyalists,Recent Developing,0.6512209184036568,High,75.085,48.89692265833857
17794,686,2,147.3,2010-01-20 12:17:00,2010-01-22 10:18:00,United Kingdom,1,3,1,131,5,At Risk,Dormant,,Inactive (>1 yr),,
17795,179,2,342.83,2011-03-20 12:02:00,2011-06-13 12:36:00,United Kingdom,3,3,2,332,8,Need Attention,Dormant,0.6967545757770063,High,85.7075,59.717092803407766
17796,40,7,1236.39,2010-10-14 13:37:00,2011-10-30 15:38:00,United Kingdom,4,4,4,444,12,Loyal Customers,Lapsing Mid-Value,0.45079891125244237,Medium,143.8375,64.84178839727318
17797,22,8,1971.87,2009-12-15 14:30:00,2011-11-17 13:21:00,United Kingdom,4,5,4,454,13,Loyal Customers,Active High-Value,0.36788483261979144,Medium,195.1075,71.77708998036596
17798,581,1,172.17,2010-05-07 11:42:00,2010-05-07 11:42:00,United Kingdom,1,2,1,121,4,Hibernating,Dormant,,Inactive (>1 yr),,
17799,22,20,6246.93,2009-12-13 16:03:00,2011-11-17 15:16:00,United Kingdom,4,5,5,455,14,Loyal Customers,Active High-Value,0.13234195268490498,Low,759.7925,100.55242308534567
17800,37,9,1186.21,2011-01-09 13:50:00,2011-11-02 12:57:00,United Kingdom,4,5,3,453,12,Loyal Customers,Lapsing Mid-Value,0.21066405519550133,Low,296.5525,62.47295222836391
17801,451,3,770.03,2010-01-17 11:31:00,2010-09-14 14:32:00,United Kingdom,1,3,3,133,7,At Risk,Lapsing Mid-Value,,Inactive (>1 yr),,
17802,82,10,4946.22,2009-12-13 13:39:00,2011-09-18 14:56:00,United Kingdom,3,5,5,355,13,Loyal Customers,Lapsing Mid-Value,0.4254613688881131,Medium,296.21,126.02591207834797
17803,392,1,184.66,2010-11-12 13:53:00,2010-11-12 13:53:00,United Kingdom,2,2,1,221,5,Hibernating,Dormant,,Inactive (>1 yr),,
17804,376,3,383.78000000000003,2009-12-01 12:22:00,2010-11-28 14:01:00,United Kingdom,2,3,2,232,7,At Risk,Dormant,,Inactive (>1 yr),,
17805,73,2,927.03,2010-04-08 14:36:00,2011-09-27 11:49:00,United Kingdom,3,3,3,333,9,Need Attention,Recent Developing,0.8459274329460806,High,128.0775,108.34427079315164
17806,11,1,546.04,2011-11-28 14:12:00,2011-11-28 14:12:00,United Kingdom,5,2,2,522,9,Potential Loyalists,Recent Developing,0.569987924789711,Medium,136.51,77.80905161304345
17807,395,3,437.87,2010-01-04 14:00:00,2010-11-09 16:21:00,United Kingdom,2,3,2,232,7,At Risk,Dormant,,Inactive (>1 yr),,
17808,548,4,262.64,2010-05-07 16:26:00,2010-06-09 10:44:00,United Kingdom,1,4,1,141,6,At Risk,Dormant,,Inactive (>1 yr),,
17809,16,20,10085.89,2009-12-02 14:52:00,2011-11-23 12:59:00,United Kingdom,5,5,5,555,15,Champions,Active High-Value,0.1086523023025056,Low,1040.1025,113.00953125559182
17810,668,2,343.21,2010-01-25 10:26:00,2010-02-09 10:47:00,United Kingdom,1,3,2,132,6,At Risk,Dormant,,Inactive (>1 yr),,
17811,4,47,9513.1,2010-09-20 11:24:00,2011-12-05 13:46:00,United Kingdom,5,5,5,555,15,Champions,Active High-Value,0.023020760410690264,Low,1938.78,44.63218986903807
17812,12,7,911.99,2010-06-27 13:34:00,2011-11-27 11:47:00,United Kingdom,5,4,3,543,12,Champions,Recent Developing,0.4189138613420857,Medium,126.6275,53.046014977094956
17813,14,5,1698.07,2011-09-29 15:57:00,2011-11-25 16:13:00,United Kingdom,5,4,4,544,13,Champions,Recent Developing,0.23459711742852338,Low,424.5175,99.59058179796317
17814,375,2,1609.37,2010-10-13 14:03:00,2010-11-29 14:21:00,United Kingdom,2,3,4,234,9,At Risk,Lapsing Mid-Value,,Inactive (>1 yr),,
17815,393,1,591.96,2010-11-11 14:39:00,2010-11-11 14:39:00,United Kingdom,2,2,2,222,6,Hibernating,Dormant,,Inactive (>1 yr),,
17816,36,6,96.11,2009-12-15 15:27:00,2011-11-03 11:34:00,United Kingdom,4,4,1,441,9,Loyal Customers,Recent Developing,0.6090749238961582,High,5.0875,3.098668675321705
17817,4,6,788.15,2010-10-13 15:07:00,2011-12-05 14:39:00,United Kingdom,5,4,3,543,12,Champions,Recent Developing,0.6131353404426814,High,96.92,59.42507719570468
17818,737,1,124.78,2009-12-02 11:34:00,2009-12-02 11:34:00,United Kingdom,1,2,1,121,4,Hibernating,Dormant,,Inactive (>1 yr),,
17819,71,12,6021.05,2009-12-13 15:24:00,2011-09-29 10:52:00,United Kingdom,3,5,5,355,13,Loyal Customers,Active High-Value,0.2569549609234385,Low,778.3499999999999,200.00089383475833
17820,374,1,180.60999999999999,2010-11-30 17:43:00,2010-11-30 17:43:00,United Kingdom,2,2,1,221,5,Hibernating,Dormant,,Inactive (>1 yr),,
17821,406,1,334.62,2010-10-29 13:20:00,2010-10-29 13:20:00,United Kingdom,2,2,2,222,6,Hibernating,Dormant,,Inactive (>1 yr),,
17822,420,5,2154.08,2010-05-28 12:15:00,2010-10-15 13:47:00,United Kingdom,1,4,4,144,9,At Risk,Lapsing Mid-Value,,Inactive (>1 yr),,
17823,421,2,449.25,2010-10-14 16:14:00,2010-10-14 16:24:00,United Kingdom,1,3,2,132,6,At Risk,Dormant,,Inactive (>1 yr),,
17824,51,1,298.4,2011-10-19 14:14:00,2011-10-19 14:14:00,United Kingdom,4,2,2,422,8,Potential Loyalists,Recent Developing,0.720637116073485,High,74.6,53.759528859081975
17825,598,4,701.96,2009-12-14 12:09:00,2010-04-20 12:01:00,United Kingdom,1,4,3,143,8,At Risk,Lapsing Mid-Value,,Inactive (>1 yr),,
17826,374,1,133.34,2010-11-30 13:23:00,2010-11-30 13:23:00,United Kingdom,2,2,1,221,5,Hibernating,Dormant,,Inactive (>1 yr),,
17827,5,6,2376.17,2010-03-28 12:20:00,2011-12-04 15:00:00,United Kingdom,5,4,4,544,13,Champions,Active High-Value,0.5189837006509425,Medium,496.8325,257.84796945365935
17828,22,4,1165.09,2011-06-08 08:31:00,2011-11-17 08:41:00,Malta,4,4,3,443,11,Loyal Customers,Recent Developing,0.43990113737061,Medium,291.2725,128.13110403478098
17829,298,5,4756.74,2010-02-22 15:39:00,2011-02-14 12:46:00,United Arab Emirates,2,4,5,245,11,At Risk,Lapsing Mid-Value,0.6985878517253238,High,222.31,155.30306531705673
17830,1,3,398.7,2011-02-24 10:15:00,2011-12-08 12:28:00,United Kingdom,5,3,2,532,10,Potential Loyalists,Recent Developing,0.7752610012550628,High,99.675,77.27414030009838
17831,33,1,35.400000000000006,2011-11-06 15:09:00,2011-11-06 15:09:00,United Kingdom,4,2,1,421,7,Potential Loyalists,Dormant,0.7845580666185014,High,8.850000000000001,6.943338889573738
17832,49,1,155.37,2011-10-21 11:43:00,2011-10-21 11:43:00,United Kingdom,4,2,1,421,7,Potential Loyalists,Dormant,0.7174928207169786,High,38.8425,27.869214888699243
17833,723,1,338.46000000000004,2009-12-16 13:40:00,2009-12-16 13:40:00,United Kingdom,1,2,2,122,5,Hibernating,Dormant,,Inactive (>1 yr),,
17834,414,2,689.6700000000001,2010-09-20 15:32:00,2010-10-21 12:09:00,United Kingdom,1,3,3,133,7,At Risk,Dormant,,Inactive (>1 yr),,
17835,2,3,342.24,2011-11-16 16:30:00,2011-12-07 11:48:00,United Kingdom,5,3,2,532,10,Potential Loyalists,Recent Developing,0.3920308432514739,Medium,85.56,33.54215894859611
17836,47,1,109.83,2011-10-23 16:13:00,2011-10-23 16:13:00,United Kingdom,4,2,1,421,7,Potential Loyalists,Dormant,0.7416812503606435,High,27.4575,20.36471293177737
17837,42,8,1535.33,2011-06-29 16:44:00,2011-10-28 16:13:00,United Kingdom,4,5,4,454,13,Loyal Customers,Lapsing Mid-Value,0.27207953934041396,Low,383.8325,104.43296978387943
17838,26,13,5604.64,2010-03-19 09:53:00,2011-11-13 11:20:00,United Kingdom,4,5,5,455,14,Loyal Customers,Active High-Value,0.2782997462095467,Low,454.485,126.48306015604582
17839,42,1,318.15,2011-10-28 17:27:00,2011-10-28 17:27:00,United Kingdom,4,2,2,422,8,Potential Loyalists,Recent Developing,0.6847031782931887,High,79.5375,54.45957904349449
17840,443,1,175.9,2010-09-22 12:24:00,2010-09-22 12:24:00,United Kingdom,1,2,1,121,4,Hibernating,Dormant,,Inactive (>1 yr),,
17841,1,211,68508.15,2009-12-02 15:41:00,2011-12-08 12:07:00,United Kingdom,5,5,5,555,15,Champions,Active High-Value,0.004246447120706982,Low,9739.845,41.3597367563823
17842,602,1,430.69,2010-04-16 14:23:00,2010-04-16 14:23:00,United Kingdom,1,2,2,122,5,Hibernating,Dormant,,Inactive (>1 yr),,
17843,303,2,312.65,2010-10-24 10:56:00,2011-02-09 15:33:00,United Kingdom,2,3,2,232,7,At Risk,Dormant,0.7801327620410592,High,49.4325,38.56391275959466
17844,106,1,51.559999999999995,2011-08-25 11:27:00,2011-08-25 11:27:00,Canada,3,2,1,321,6,About to Sleep,Dormant,0.8355924808071155,High,12.889999999999999,10.770787077603718
17845,555,4,596.09,2010-05-12 13:04:00,2010-06-02 15:20:00,United Kingdom,1,4,2,142,7,At Risk,Lapsing Mid-Value,,Inactive (>1 yr),,
17847,515,2,125.74000000000001,2010-03-04 12:57:00,2010-07-12 10:00:00,United Kingdom,1,3,1,131,5,At Risk,Dormant,,Inactive (>1 yr),,
17848,81,30,3538.46,2009-12-06 13:19:00,2011-09-19 16:49:00,United Kingdom,3,5,5,355,13,Loyal Customers,Active High-Value,0.25850288297933255,Low,225.29999999999998,58.24069953524362
17849,218,8,1063.76,2010-03-14 15:17:00,2011-05-05 13:46:00,United Kingdom,2,5,3,253,10,Can't Lose Them,Lapsing Mid-Value,0.5660646550635696,Medium,151.45000000000002,85.73049200937763
17850,372,155,51208.87,2009-12-05 12:28:00,2010-12-02 15:27:00,United Kingdom,2,5,5,255,12,Can't Lose Them,Active High-Value,,Inactive (>1 yr),,
17851,422,6,1552.35,2009-12-03 17:46:00,2010-10-13 15:13:00,United Kingdom,1,4,4,144,9,At Risk,Lapsing Mid-Value,,Inactive (>1 yr),,
17852,11,5,657.8100000000001,2009-12-08 12:51:00,2011-11-28 12:36:00,United Kingdom,5,4,3,543,12,Champions,Recent Developing,0.7730852398578841,High,28.585,22.098641581337617
17853,407,3,1596.29,2009-12-03 15:09:00,2010-10-28 15:29:00,United Kingdom,2,3,4,234,9,At Risk,Lapsing Mid-Value,,Inactive (>1 yr),,
17854,185,6,1068.5,2009-12-08 11:13:00,2011-06-07 16:21:00,United Kingdom,3,4,3,343,10,Loyal Customers,Lapsing Mid-Value,0.6577601219584427,High,77.815,51.18360389019622
17855,372,1,208.97,2010-12-02 09:44:00,2010-12-02 09:44:00,United Kingdom,2,2,1,221,5,Hibernating,Dormant,,Inactive (>1 yr),,
17856,1,4,1418.03,2011-03-03 11:40:00,2011-12-08 09:40:00,United Kingdom,5,4,4,544,13,Champions,Recent Developing,0.6734303147883758,High,354.5075,238.73609731984013
17857,4,23,25769.54,2010-03-08 12:09:00,2011-12-05 13:13:00,United Kingdom,5,5,5,555,15,Champions,Active High-Value,0.05395164636707764,Low,5991.585,323.2558750982869
17858,5,30,12518.65,2009-12-06 15:41:00,2011-12-04 11:56:00,United Kingdom,5,5,5,555,15,Champions,Active High-Value,0.07930563959184371,Low,1226.1025,97.23684296765855
17859,304,1,141.92000000000002,2011-02-08 10:32:00,2011-02-08 10:32:00,United Kingdom,2,2,1,221,5,Hibernating,Dormant,0.8532863405397458,High,35.480000000000004,30.274599362350184
17860,368,4,717.39,2009-12-11 16:48:00,2010-12-06 12:41:00,United Kingdom,2,4,3,243,9,At Risk,Lapsing Mid-Value,,Inactive (>1 yr),,
17861,3,18,5088.29,2009-12-10 11:27:00,2011-12-06 16:21:00,United Kingdom,5,5,5,555,15,Champions,Active High-Value,0.16247947497100917,Low,524.47,85.21561023804519
17862,323,4,1254.89,2010-05-25 17:22:00,2011-01-20 12:23:00,United Kingdom,2,4,4,244,10,At Risk,Lapsing Mid-Value,0.7888600926794093,High,82.725,65.25845116690412
17863,59,12,5360.48,2010-02-25 12:01:00,2011-10-11 13:45:00,United Kingdom,3,5,5,355,13,Loyal Customers,Active High-Value,0.19136254021941576,Low,693.82,132.77115765503504
17864,12,5,876.57,2010-10-08 11:49:00,2011-11-27 11:15:00,United Kingdom,5,4,3,543,12,Champions,Recent Developing,0.4596626619193325,Medium,138.7125,63.760956991485415
17865,30,46,26310.09,2009-12-01 10:49:00,2011-11-09 12:08:00,United Kingdom,4,5,5,455,14,Loyal Customers,Active High-Value,0.043812321189903046,Low,2631.0550000000003,115.27262672830037
17866,142,3,1134.95,2009-12-14 16:01:00,2011-07-20 11:07:00,United Kingdom,3,3,3,333,9,Need Attention,Lapsing Mid-Value,0.7835161612159262,High,82.4125,64.57152563620751
17867,30,14,1560.72,2009-12-02 13:39:00,2011-11-09 14:15:00,United Kingdom,4,5,4,454,13,Loyal Customers,Active High-Value,0.23937369199340938,Low,289.46750000000003,69.29090418710224
17868,386,1,227.15,2010-11-18 18:55:00,2010-11-18 18:55:00,United Kingdom,2,2,1,221,5,Hibernating,Dormant,,Inactive (>1 yr),,
17869,107,7,813.64,2010-06-10 13:47:00,2011-08-24 16:16:00,United Kingdom,3,4,3,343,10,Loyal Customers,Lapsing Mid-Value,0.5805308041532123,Medium,53.465,31.0380794440515
17870,2,13,2753.29,2010-11-23 11:39:00,2011-12-07 15:07:00,United Kingdom,5,5,4,554,14,Champions,Active High-Value,0.16030441614808663,Low,384.8725,61.696761403954476
17871,204,5,1068.95,2010-01-15 14:48:00,2011-05-19 11:32:00,United Kingdom,2,4,3,243,9,At Risk,Lapsing Mid-Value,0.7414746165458269,High,38.975,28.898973179873604
17872,381,1,235.87,2010-11-23 12:02:00,2010-11-23 12:02:00,United Kingdom,2,2,1,221,5,Hibernating,Dormant,,Inactive (>1 yr),,
17873,80,18,6135.95,2009-12-16 15:11:00,2011-09-20 16:41:00,United Kingdom,3,5,5,355,13,Loyal Customers,Active High-Value,0.3101869318347899,Medium,378.6575,117.45460814123197
17874,185,6,683.46,2011-03-29 11:25:00,2011-06-07 12:54:00,United Kingdom,3,4,3,343,10,Loyal Customers,Lapsing Mid-Value,0.7069359016622919,High,170.865,120.79060283752752
17875,688,1,167.1,2010-01-20 15:30:00,2010-01-20 15:30:00,United Kingdom,1,2,1,121,4,Hibernating,Dormant,,Inactive (>1 yr),,
17876,399,3,3424.02,2010-02-02 13:00:00,2010-11-05 10:52:00,United Kingdom,2,3,5,235,10,At Risk,Lapsing Mid-Value,,Inactive (>1 yr),,
17877,170,1,237.61,2011-06-22 13:00:00,2011-06-22 13:00:00,United Kingdom,3,2,1,321,6,About to Sleep,Dormant,0.8191662382461855,High,59.4025,48.660522467419035
17878,43,3,1378.93,2010-11-09 13:50:00,2011-10-27 11:24:00,United Kingdom,4,3,4,434,11,Potential Loyalists,Recent Developing,0.7788256330610646,High,94.8625,73.88134661625523
17879,173,1,178.51999999999998,2011-06-19 12:36:00,2011-06-19 12:36:00,United Kingdom,3,2,1,321,6,About to Sleep,Dormant,0.835532004149084,High,44.629999999999995,37.289793345173614
17880,364,3,824.9200000000001,2009-12-09 16:13:00,2010-12-10 10:21:00,United Kingdom,2,3,3,233,8,At Risk,Lapsing Mid-Value,0.7459085207529315,High,114.73,85.57808458598383
17881,304,1,133.35000000000002,2011-02-08 17:16:00,2011-02-08 17:16:00,United Kingdom,2,2,1,221,5,Hibernating,Dormant,0.8640821921078645,High,33.337500000000006,28.806340079395937
17882,379,2,291.56,2010-11-25 14:35:00,2010-11-25 14:40:00,United Kingdom,2,3,2,232,7,At Risk,Dormant,,Inactive (>1 yr),,
17883,3,7,988.42,2010-02-25 20:07:00,2011-12-06 17:49:00,United Kingdom,5,4,3,543,12,Champions,Recent Developing,0.4428043872924556,Medium,166.085,73.54316666346749
17884,3,20,2693.47,2009-12-04 16:23:00,2011-12-06 11:33:00,United Kingdom,5,5,4,554,14,Champions,Active High-Value,0.40231323866297275,Medium,93.1375,37.470449265972626
17885,12,1,156.34,2011-11-27 14:40:00,2011-11-27 14:40:00,United Kingdom,5,2,1,521,8,Potential Loyalists,Recent Developing,0.6250428256890618,High,39.085,24.42979884205698
17886,31,6,1572.55,2010-04-29 11:10:00,2011-11-08 10:09:00,United Kingdom,4,4,4,444,12,Loyal Customers,Lapsing Mid-Value,0.4333815046830873,Medium,217.32,94.18246859772853
17887,129,1,111.35,2011-08-02 17:29:00,2011-08-02 17:29:00,United Kingdom,3,2,1,321,6,About to Sleep,Dormant,0.8316281717601868,High,27.8375,23.1504492313742
17888,21,25,1807.44,2009-12-21 16:34:00,2011-11-18 13:45:00,United Kingdom,4,5,4,454,13,Loyal Customers,Active High-Value,0.12978732653326827,Low,179.0,23.231931449455022
17889,212,7,746.42,2010-03-31 10:54:00,2011-05-11 16:26:00,United Kingdom,2,4,3,243,9,At Risk,Lapsing Mid-Value,0.7546751692480125,High,50.3425,37.99223470786807
17890,322,2,586.89,2010-12-13 15:12:00,2011-01-21 11:19:00,United Kingdom,2,3,2,232,7,At Risk,Dormant,0.6913059017619734,High,146.7225,101.43013017127113
17891,162,1,203.85999999999999,2011-06-30 20:08:00,2011-06-30 20:08:00,United Kingdom,3,2,1,321,6,About to Sleep,Dormant,0.8102494577496361,High,50.964999999999996,41.2943636142102
17892,56,3,244.1,2011-07-07 12:56:00,2011-10-14 16:49:00,United Kingdom,4,3,1,431,8,Potential Loyalists,Recent Developing,0.5839489800789837,Medium,61.025,35.635486509319975
17893,225,1,107.21,2011-04-28 13:50:00,2011-04-28 13:50:00,United Kingdom,2,2,1,221,5,Hibernating,Dormant,0.852579386095192,High,26.8025,22.851258995816384
17894,71,18,2304.16,2010-08-27 14:13:00,2011-09-29 09:23:00,United Kingdom,3,5,4,354,12,Loyal Customers,Active High-Value,0.4152007813465054,Medium,252.9425,105.02192363573845
17895,44,1,95.45,2011-10-26 17:00:00,2011-10-26 17:00:00,United Kingdom,4,2,1,421,7,Potential Loyalists,Dormant,0.7475971828710442,High,23.8625,17.839537776260293
17896,23,1,256.32,2011-11-16 13:59:00,2011-11-16 13:59:00,United Kingdom,4,2,1,421,7,Potential Loyalists,Recent Developing,0.6990743019419451,High,64.08,44.79668126843984
17897,172,9,2053.04,2010-05-12 16:03:00,2011-06-20 11:23:00,United Kingdom,3,5,4,354,12,Loyal Customers,Lapsing Mid-Value,0.7679273913466457,High,32.785,25.176499525299775
17898,85,4,299.18,2010-05-21 17:22:00,2011-09-15 14:56:00,United Kingdom,3,4,2,342,9,Loyal Customers,Recent Developing,0.6407450941325478,High,38.015,24.357924753448803
17899,159,1,154.55,2011-07-03 14:58:00,2011-07-03 14:58:00,United Kingdom,3,2,1,321,6,About to Sleep,Dormant,0.8200675619095449,High,38.6375,31.68536042328004
17900,190,2,112.19999999999999,2011-06-02 14:28:00,2011-06-02 14:38:00,United Kingdom,2,3,1,231,6,At Risk,Dormant,0.8967199157593677,High,28.049999999999997,25.152993637050262
17901,29,3,260.08,2010-07-06 10:54:00,2011-11-10 17:29:00,United Kingdom,4,3,1,431,8,Potential Loyalists,Recent Developing,0.850063331461056,High,27.595,23.457497631667838
17902,546,1,216.39999999999998,2010-06-11 12:25:00,2010-06-11 12:25:00,United Kingdom,1,2,1,121,4,Hibernating,Dormant,,Inactive (>1 yr),,
17903,394,1,381.09000000000003,2010-11-10 15:39:00,2010-11-10 15:39:00,United Kingdom,2,2,2,222,6,Hibernating,Dormant,,Inactive (>1 yr),,
17904,21,1,181.07,2011-11-18 12:57:00,2011-11-18 12:57:00,United Kingdom,4,2,1,421,7,Potential Loyalists,Recent Developing,0.6719034947008384,High,45.2675,30.4153914463702
17905,71,13,2168.37,2010-01-28 17:54:00,2011-09-29 17:33:00,United Kingdom,3,5,4,354,12,Loyal Customers,Lapsing Mid-Value,0.41105580689284676,Medium,149.6225,61.503197466824965
17906,247,1,72.9,2011-04-06 17:25:00,2011-04-06 17:25:00,United Kingdom,2,2,1,221,5,Hibernating,Dormant,0.8679665211362224,High,18.225,15.818689847707654
17907,640,1,291.76,2010-03-09 12:33:00,2010-03-09 12:33:00,United Kingdom,1,2,2,122,5,Hibernating,Dormant,,Inactive (>1 yr),,
17908,373,5,1142.47,2009-12-14 12:24:00,2010-12-01 11:45:00,United Kingdom,2,4,3,243,9,At Risk,Lapsing Mid-Value,,Inactive (>1 yr),,
17909,737,1,110.05,2009-12-02 13:10:00,2009-12-02 13:10:00,United Kingdom,1,2,1,121,4,Hibernating,Dormant,,Inactive (>1 yr),,
17910,726,1,261.7,2009-12-13 16:04:00,2009-12-13 16:04:00,United Kingdom,1,2,1,121,4,Hibernating,Dormant,,Inactive (>1 yr),,
17911,9,1,366.23,2011-11-30 14:52:00,2011-11-30 14:52:00,United Kingdom,5,2,2,522,9,Potential Loyalists,Recent Developing,0.5741870706217884,Medium,91.5575,52.57113271845439
17912,310,6,371.6,2010-11-29 13:53:00,2011-02-02 14:25:00,United Kingdom,2,4,2,242,8,At Risk,Lapsing Mid-Value,0.796999912475279,High,77.515,61.779448215521256
17913,58,14,3425.09,2009-12-03 13:02:00,2011-10-12 10:45:00,United Kingdom,4,5,5,455,14,Loyal Customers,Active High-Value,0.39402272332002286,Medium,102.1625,40.25434647118183
17914,3,1,329.36,2011-12-06 11:58:00,2011-12-06 11:58:00,United Kingdom,5,2,2,522,9,Potential Loyalists,Recent Developing,0.4937087424391116,Medium,82.34,40.65197785243645
17915,551,1,225.78,2010-06-06 13:22:00,2010-06-06 13:22:00,United Kingdom,1,2,1,121,4,Hibernating,Dormant,,Inactive (>1 yr),,
17916,628,2,43.87,2009-12-06 14:10:00,2010-03-21 12:26:00,United Kingdom,1,3,1,131,5,At Risk,Dormant,,Inactive (>1 yr),,
17917,45,3,335.03,2010-12-12 12:08:00,2011-10-25 13:20:00,United Kingdom,4,3,2,432,9,Potential Loyalists,Recent Developing,0.6053886218912509,High,83.7575,50.70583749805644
17918,500,3,388.44,2010-07-22 14:20:00,2010-07-27 11:51:00,United Kingdom,1,3,2,132,6,At Risk,Dormant,,Inactive (>1 yr),,
17919,88,2,1840.32,2010-09-27 10:40:00,2011-09-12 13:41:00,United Kingdom,3,3,4,334,10,Need Attention,Lapsing Mid-Value,0.7578525464096817,High,326.01,247.06750865502033
17920,4,54,23569.88,2009-12-06 10:37:00,2011-12-05 14:29:00,United Kingdom,5,5,5,555,15,Champions,Active High-Value,0.04751549062357514,Low,861.135,40.91725201813238
17921,64,10,2394.36,2010-07-15 20:05:00,2011-10-06 18:56:00,United Kingdom,3,5,4,354,12,Loyal Customers,Lapsing Mid-Value,0.3644645662816611,Medium,205.0575,74.73619280030172
17922,543,1,170.4,2010-06-14 16:32:00,2010-06-14 16:32:00,United Kingdom,1,2,1,121,4,Hibernating,Dormant,,Inactive (>1 yr),,
17923,282,3,497.0,2010-06-13 13:58:00,2011-03-02 15:15:00,United Kingdom,2,3,2,232,7,At Risk,Dormant,0.8508118065551236,High,51.87500000000001,44.13586246504704
17924,11,8,3257.7000000000003,2010-10-21 12:17:00,2011-11-28 09:11:00,United Kingdom,5,5,5,555,15,Champions,Active High-Value,0.25409527833544077,Low,670.875,170.46616985328882
17925,372,1,244.08,2010-12-02 10:10:00,2010-12-02 10:10:00,United Kingdom,2,2,1,221,5,Hibernating,Dormant,,Inactive (>1 yr),,
17926,133,5,1035.49,2010-05-09 14:07:00,2011-07-29 14:39:00,United Kingdom,3,4,3,343,10,Loyal Customers,Lapsing Mid-Value,0.6723189910236721,High,99.3225,66.77640298594868
17927,721,1,294.0,2009-12-18 11:03:00,2009-12-18 11:03:00,United Kingdom,1,2,2,122,5,Hibernating,Dormant,,Inactive (>1 yr),,
17928,45,3,313.16,2010-05-17 15:30:00,2011-10-25 13:52:00,United Kingdom,4,3,2,432,9,Potential Loyalists,Recent Developing,0.741038752409007,High,46.115,34.17300206734136
17929,11,12,3082.1,2009-12-09 11:40:00,2011-11-28 16:01:00,United Kingdom,5,5,5,555,15,Champions,Active High-Value,0.3754393555104839,Medium,210.75,79.12384417383448
17930,35,13,4275.22,2010-03-04 10:41:00,2011-11-04 10:23:00,United Kingdom,4,5,5,455,14,Loyal Customers,Active High-Value,0.20315350636052304,Low,435.12,88.39615368759078
17931,134,14,3402.24,2010-02-16 15:47:00,2011-07-28 18:33:00,United Kingdom,3,5,5,355,13,Loyal Customers,Lapsing Mid-Value,0.5708302308998434,Medium,102.09,58.27605827256502
17932,29,3,1331.57,2011-05-12 13:58:00,2011-11-10 19:49:00,United Kingdom,4,3,4,434,11,Potential Loyalists,Recent Developing,0.49815783791010965,Medium,332.8925,165.83300805649117
17933,632,1,105.99,2010-03-17 15:11:00,2010-03-17 15:11:00,United Kingdom,1,2,1,121,4,Hibernating,Dormant,,Inactive (>1 yr),,
17934,51,3,1049.15,2010-10-29 12:23:00,2011-10-19 11:16:00,United Kingdom,4,3,3,433,10,Potential Loyalists,Recent Developing,0.6699748064275118,High,176.0625,117.9574393566438
17935,138,7,683.24,2009-12-04 14:33:00,2011-07-24 13:18:00,United Kingdom,3,4,3,343,10,Loyal Customers,Lapsing Mid-Value,0.7101856797288805,High,35.7225,25.36960794411493
17936,5,1,380.13,2011-12-04 13:32:00,2011-12-04 13:32:00,United Kingdom,5,2,2,522,9,Potential Loyalists,Recent Developing,0.5213612265736239,Medium,95.0325,49.54626076435792
17937,8,7,4301.22,2010-12-12 14:43:00,2011-12-01 11:45:00,United Kingdom,5,4,5,545,14,Champions,Active High-Value,0.25533558262725725,Low,1075.305,274.5636286770029
17938,420,1,144.29,2010-10-15 14:27:00,2010-10-15 14:27:00,United Kingdom,1,2,1,121,4,Hibernating,Dormant,,Inactive (>1 yr),,
17939,159,1,99.14,2011-07-03 12:27:00,2011-07-03 12:27:00,United Kingdom,3,2,1,321,6,About to Sleep,Dormant,0.8423934624963137,High,24.785,20.878721967971135
17940,49,14,28389.58,2009-12-03 12:31:00,2011-10-21 13:27:00,United Kingdom,4,5,5,455,14,Loyal Customers,Active High-Value,0.30946188089268867,Medium,538.0450000000001,166.5044177049067
17941,130,4,1433.28,2010-01-06 15:37:00,2011-08-01 08:30:00,United Kingdom,3,4,4,344,11,Loyal Customers,Lapsing Mid-Value,0.7571944414472231,High,76.14,57.65278477179157
17942,7,1,77.50000000000001,2011-12-02 10:45:00,2011-12-02 10:45:00,United Kingdom,5,2,1,521,8,Potential Loyalists,Recent Developing,0.6665629483351511,High,19.375000000000004,12.914657123993555
17944,423,1,74.99,2010-10-12 16:25:00,2010-10-12 16:25:00,United Kingdom,1,2,1,121,4,Hibernating,Dormant,,Inactive (>1 yr),,
17945,696,3,359.5,2010-01-12 11:33:00,2010-01-12 11:40:00,United Kingdom,1,3,2,132,6,At Risk,Dormant,,Inactive (>1 yr),,
17946,233,2,149.57999999999998,2011-03-25 14:34:00,2011-04-20 17:00:00,United Kingdom,2,3,1,231,6,At Risk,Dormant,0.7550047050928103,High,37.394999999999996,28.233400946945636
17947,37,1,176.68,2011-11-02 13:05:00,2011-11-02 13:05:00,United Kingdom,4,2,1,421,7,Potential Loyalists,Recent Developing,0.7235648949749665,High,44.17,31.95986141104427
17948,147,1,358.56000000000006,2011-07-15 12:58:00,2011-07-15 12:58:00,United Kingdom,3,2,2,322,7,About to Sleep,Dormant,0.8205734198947614,High,89.64000000000001,73.55620135936643
17949,1,116,107833.48,2009-12-02 11:07:00,2011-12-08 18:46:00,United Kingdom,5,5,5,555,15,Champions,Active High-Value,0.013456797412370283,Low,14179.12,190.80554532568775
17950,72,7,1166.29,2010-01-04 17:39:00,2011-09-28 15:18:00,United Kingdom,3,4,3,343,10,Loyal Customers,Lapsing Mid-Value,0.6055195967584225,High,54.7575,33.156739319499316
17951,39,4,1340.5800000000002,2010-10-31 15:15:00,2011-10-31 12:30:00,United Kingdom,4,4,4,444,12,Loyal Customers,Recent Developing,0.6412205355538746,High,178.26000000000002,114.30397266783369
17952,378,4,788.46,2010-06-16 11:54:00,2010-11-26 13:54:00,United Kingdom,2,4,3,243,9,At Risk,Lapsing Mid-Value,,Inactive (>1 yr),,
17953,540,1,148.67000000000002,2010-06-17 15:08:00,2010-06-17 15:08:00,United Kingdom,1,2,1,121,4,Hibernating,Dormant,,Inactive (>1 yr),,
17954,5,19,3801.83,2009-12-09 13:22:00,2011-12-04 14:15:00,United Kingdom,5,5,5,555,15,Champions,Active High-Value,0.1275195951661647,Low,546.3625,69.67192481397366
17955,198,6,949.9,2010-02-12 16:27:00,2011-05-25 12:00:00,United Kingdom,2,4,3,243,9,At Risk,Lapsing Mid-Value,0.770727232334344,High,139.325,107.38157164498247
17956,249,1,12.75,2011-04-04 13:47:00,2011-04-04 13:47:00,United Kingdom,2,2,1,221,5,Hibernating,Dormant,0.9162273712043012,High,3.1875,2.92047474571371
17957,66,1,110.72,2011-10-04 14:58:00,2011-10-04 14:58:00,United Kingdom,3,2,1,321,6,About to Sleep,Dormant,0.7573154390488827,High,27.68,20.962491352873073
17958,116,2,973.88,2009-12-11 15:37:00,2011-08-15 12:19:00,United Kingdom,3,3,3,333,9,Need Attention,Lapsing Mid-Value,0.8445078567433649,High,127.11499999999998,107.34961620993282
17959,592,1,140.75,2010-04-26 14:12:00,2010-04-26 14:12:00,United Kingdom,1,2,1,121,4,Hibernating,Dormant,,Inactive (>1 yr),,
17960,171,3,135.08,2010-03-08 12:22:00,2011-06-21 14:15:00,United Kingdom,3,3,1,331,7,Need Attention,Dormant,0.799927768400004,High,18.445,14.754667688138074
17961,21,100,2866.74,2009-12-01 14:48:00,2011-11-18 16:55:00,United Kingdom,4,5,4,454,13,Loyal Customers,Active High-Value,0.0580669836602962,Low,292.22249999999997,16.968479132670904
17962,142,4,665.91,2010-01-13 15:24:00,2011-07-20 14:16:00,United Kingdom,3,4,3,343,10,Loyal Customers,Lapsing Mid-Value,0.8080897000783255,High,25.6025,20.689116546255327
17963,471,4,643.16,2010-01-19 17:25:00,2010-08-25 15:58:00,United Kingdom,1,4,3,143,8,At Risk,Lapsing Mid-Value,,Inactive (>1 yr),,
17964,31,2,463.21,2010-12-02 13:32:00,2011-11-08 10:44:00,United Kingdom,4,3,2,432,9,Potential Loyalists,Recent Developing,0.8446626751655106,High,50.3625,42.53932397802303
17965,37,29,7002.9,2009-12-14 13:19:00,2011-11-02 09:31:00,United Kingdom,4,5,5,455,14,Loyal Customers,Active High-Value,0.10856731303511635,Low,612.16,66.46056634757683
17966,37,10,1963.92,2010-01-18 13:24:00,2011-11-02 10:26:00,United Kingdom,4,5,4,454,13,Loyal Customers,Active High-Value,0.35942889576830506,Medium,274.6075,98.70187049469483
17967,371,2,223.42,2010-10-19 13:19:00,2010-12-03 11:19:00,United Kingdom,2,3,1,231,6,At Risk,Dormant,,Inactive (>1 yr),,
17968,373,4,590.4399999999999,2010-07-15 15:01:00,2010-12-01 12:23:00,United Kingdom,2,4,2,242,8,At Risk,Lapsing Mid-Value,,Inactive (>1 yr),,
17969,166,20,2354.29,2009-12-06 13:53:00,2011-06-26 13:00:00,United Kingdom,3,5,4,354,12,Loyal Customers,Lapsing Mid-Value,0.7013335037303484,High,57.05,40.011076387816374
17970,211,1,562.79,2011-05-12 20:03:00,2011-05-12 20:03:00,United Kingdom,2,2,2,222,6,Hibernating,Dormant,0.7918000206269071,High,140.6975,111.40428340215426
17971,548,1,161.94,2010-06-09 14:04:00,2010-06-09 14:04:00,United Kingdom,1,2,1,121,4,Hibernating,Dormant,,Inactive (>1 yr),,
17972,241,1,135.19,2011-04-12 12:16:00,2011-04-12 12:16:00,United Kingdom,2,2,1,221,5,Hibernating,Dormant,0.8424430231068472,High,33.7975,28.472468073453665
17973,51,1,337.04,2011-10-19 10:34:00,2011-10-19 10:34:00,United Kingdom,4,2,2,422,8,Potential Loyalists,Recent Developing,0.714308095038859,High,84.26,60.18760008797426
17974,24,6,1739.09,2010-10-28 20:03:00,2011-11-15 11:37:00,United Kingdom,4,4,4,444,12,Loyal Customers,Recent Developing,0.4023839291023849,Medium,175.9975,70.818565562197
17975,15,24,6693.03,2010-08-06 11:24:00,2011-11-24 13:27:00,United Kingdom,5,5,5,555,15,Champions,Active High-Value,0.09755281628370512,Low,1041.4650000000001,101.59784381090896
17976,372,1,321.79,2010-12-02 13:49:00,2010-12-02 13:49:00,United Kingdom,2,2,2,222,6,Hibernating,Dormant,,Inactive (>1 yr),,
17977,29,2,1511.45,2010-11-04 14:26:00,2011-11-10 13:28:00,United Kingdom,4,3,4,434,11,Potential Loyalists,Recent Developing,0.8634287978418456,High,72.035,62.197093452537345
17978,365,4,1159.99,2009-12-08 13:27:00,2010-12-09 14:05:00,United Kingdom,2,4,3,243,9,At Risk,Lapsing Mid-Value,,Inactive (>1 yr),,
17979,35,4,729.01,2011-03-25 11:34:00,2011-11-04 12:05:00,United Kingdom,4,4,3,443,11,Loyal Customers,Recent Developing,0.4977892817459131,Medium,182.2525,90.72334107139702
17980,165,4,1012.72,2010-11-11 14:42:00,2011-06-27 12:01:00,United Kingdom,3,4,3,343,10,Loyal Customers,Lapsing Mid-Value,0.5725986555584752,Medium,202.8625,116.15879476323119
17981,410,1,239.12,2010-10-25 10:40:00,2010-10-25 10:40:00,United Kingdom,1,2,1,121,4,Hibernating,Dormant,,Inactive (>1 yr),,
17982,680,1,138.18,2010-01-28 09:38:00,2010-01-28 09:38:00,United Kingdom,1,2,1,121,4,Hibernating,Dormant,,Inactive (>1 yr),,
17983,395,1,171.71,2010-11-09 13:23:00,2010-11-09 13:24:00,United Kingdom,2,2,1,221,5,Hibernating,Dormant,,Inactive (>1 yr),,
17984,145,5,1148.69,2009-12-01 11:51:00,2011-07-17 15:59:00,United Kingdom,3,4,3,343,10,Loyal Customers,Lapsing Mid-Value,0.7535942849631148,High,38.17,28.76469385704209
17985,22,1,631.35,2011-11-17 14:24:00,2011-11-17 14:24:00,United Kingdom,4,2,3,423,9,Potential Loyalists,Recent Developing,0.6280887403696132,High,157.8375,99.13595655808882
17986,56,1,20.8,2011-10-14 14:22:00,2011-10-14 14:22:00,United Kingdom,4,2,1,421,7,Potential Loyalists,Dormant,0.8290546573454423,High,5.2,4.3110842181963
17987,185,5,965.4399999999999,2010-06-07 11:23:00,2011-06-07 14:22:00,United Kingdom,3,4,3,343,10,Loyal Customers,Lapsing Mid-Value,0.7940691927945758,High,49.6425,39.41957990330473
17988,11,13,485.69,2009-12-07 13:35:00,2011-11-28 11:00:00,United Kingdom,5,5,2,552,12,Champions,Recent Developing,0.36431986496159413,Medium,50.28,18.318002810268954
17989,379,1,207.32999999999998,2010-11-25 13:49:00,2010-11-25 13:49:00,United Kingdom,2,2,1,221,5,Hibernating,Dormant,,Inactive (>1 yr),,
17990,236,6,1527.6100000000001,2009-12-07 15:19:00,2011-04-17 11:44:00,United Kingdom,2,4,4,244,10,At Risk,Lapsing Mid-Value,0.6288802074293336,High,157.71,99.1806975136802
17991,225,3,298.65,2010-04-27 12:46:00,2011-04-28 15:58:00,United Kingdom,2,3,2,232,7,At Risk,Dormant,0.8342499063931081,High,23.3375,19.46930719044916
17992,389,1,252.88,2010-11-15 13:04:00,2010-11-15 13:04:00,United Kingdom,2,2,1,221,5,Hibernating,Dormant,,Inactive (>1 yr),,
17993,617,1,225.99,2010-04-01 14:23:00,2010-04-01 14:23:00,United Kingdom,1,2,1,121,4,Hibernating,Dormant,,Inactive (>1 yr),,
17994,121,11,2264.0299999999997,2010-03-29 10:37:00,2011-08-10 11:41:00,United Kingdom,3,5,4,354,12,Loyal Customers,Lapsing Mid-Value,0.42554930872300445,Medium,168.7225,71.79974324101711
17995,281,3,495.48,2010-11-17 17:01:00,2011-03-03 12:30:00,United Kingdom,2,3,2,232,7,At Risk,Dormant,0.875687209558893,High,19.025,16.659949161857938
17996,379,3,469.73,2010-06-11 11:48:00,2010-11-25 11:00:00,United Kingdom,2,3,2,232,7,At Risk,Dormant,,Inactive (>1 yr),,
17997,74,8,1962.46,2011-06-28 17:28:00,2011-09-26 16:13:00,United Kingdom,3,5,4,354,12,Loyal Customers,Lapsing Mid-Value,0.48149121828550195,Medium,490.615,236.22681405914153
17998,380,3,639.24,2009-12-01 13:07:00,2010-11-24 15:31:00,United Kingdom,2,3,3,233,8,At Risk,Dormant,,Inactive (>1 yr),,
17999,37,3,528.46,2010-11-26 13:16:00,2011-11-02 15:56:00,United Kingdom,4,3,2,432,9,Potential Loyalists,Recent Developing,0.727624463827563,High,47.5125,34.571257337607086
18000,564,1,124.25,2010-05-24 17:34:00,2010-05-24 17:34:00,United Kingdom,1,2,1,121,4,Hibernating,Dormant,,Inactive (>1 yr),,
18001,12,6,924.14,2009-12-02 15:38:00,2011-11-27 16:02:00,United Kingdom,5,4,3,543,12,Champions,Recent Developing,0.5634246699066651,Medium,103.7825,58.473620804588464
18002,375,4,237.62,2009-12-08 11:07:00,2010-11-29 10:57:00,United Kingdom,2,4,1,241,7,At Risk,Dormant,,Inactive (>1 yr),,
18003,376,1,353.51,2010-11-28 15:09:00,2010-11-28 15:09:00,United Kingdom,2,2,2,222,6,Hibernating,Dormant,,Inactive (>1 yr),,
18004,362,1,157.92,2010-12-12 13:47:00,2010-12-12 13:47:00,United Kingdom,2,2,1,221,5,Hibernating,Dormant,0.8543852883202177,High,39.48,33.73113118288219
18005,3,2,226.47,2011-10-23 14:40:00,2011-12-06 11:51:00,United Kingdom,5,3,1,531,9,Potential Loyalists,Recent Developing,0.6350570122948522,High,56.6175,35.9553403936038
18006,23,4,969.51,2009-12-17 12:27:00,2011-11-16 16:52:00,United Kingdom,4,4,3,443,11,Loyal Customers,Recent Developing,0.7100657970963195,High,111.17,78.93801466319783
18007,392,1,215.22,2010-11-12 11:08:00,2010-11-12 11:08:00,United Kingdom,2,2,1,221,5,Hibernating,Dormant,,Inactive (>1 yr),,
18008,70,23,19759.079999999998,2010-01-06 12:35:00,2011-09-30 15:17:00,United Kingdom,3,5,5,355,13,Loyal Customers,Active High-Value,0.2442083841432991,Low,529.0475,129.19783511005204
18009,235,8,2144.23,2010-02-25 11:49:00,2011-04-18 13:36:00,United Kingdom,2,5,4,254,11,Can't Lose Them,Lapsing Mid-Value,0.7462279611653719,High,61.8475,46.15233382817534
18010,256,1,174.8,2011-03-28 12:27:00,2011-03-28 12:27:00,United Kingdom,2,2,1,221,5,Hibernating,Dormant,0.8451433848648962,High,43.7,36.93276591859596
18011,373,2,410.79,2010-05-21 13:28:00,2010-12-01 17:35:00,United Kingdom,2,3,2,232,7,At Risk,Dormant,,Inactive (>1 yr),,
18012,723,1,115.3,2009-12-16 13:16:00,2009-12-16 13:16:00,United Kingdom,1,2,1,121,4,Hibernating,Dormant,,Inactive (>1 yr),,
18013,155,2,187.29,2011-07-07 14:08:00,2011-07-07 14:11:00,United Kingdom,3,3,1,331,7,Need Attention,Dormant,0.8251422353930824,High,46.8225,38.6352223166926
18014,28,1,154.27,2011-11-11 15:28:00,2011-11-11 15:28:00,United Kingdom,4,2,1,421,7,Potential Loyalists,Recent Developing,0.6933838033865973,High,38.5675,26.742079837112595
18015,4,1,120.03,2011-12-05 14:49:00,2011-12-05 14:49:00,United Kingdom,5,2,1,521,8,Potential Loyalists,Recent Developing,0.5631437511016621,Medium,30.0075,16.898536111183127
18016,32,7,1954.56,2010-01-27 16:00:00,2011-11-07 13:25:00,United Kingdom,4,4,4,444,12,Loyal Customers,Lapsing Mid-Value,0.29622818622419966,Low,369.415,109.43113541401273
18017,81,4,688.0,2010-10-04 15:11:00,2011-09-19 16:15:00,United Kingdom,3,4,3,343,10,Loyal Customers,Lapsing Mid-Value,0.5930964854045272,Medium,130.75,77.54736546664193
18018,108,4,297.99,2010-10-15 11:05:00,2011-08-23 17:37:00,United Kingdom,3,4,2,342,9,Loyal Customers,Dormant,0.7252755640510093,High,30.535,22.14628934829757
18019,51,1,38.45,2011-10-19 12:10:00,2011-10-19 12:10:00,United Kingdom,4,2,1,421,7,Potential Loyalists,Dormant,0.7961319941973967,High,9.6125,7.652818794222476
18020,543,1,190.48000000000002,2010-06-14 12:31:00,2010-06-14 12:31:00,United Kingdom,1,2,1,121,4,Hibernating,Dormant,,Inactive (>1 yr),,
18021,509,2,216.41,2010-07-15 18:47:00,2010-07-18 10:52:00,United Kingdom,1,3,1,131,5,At Risk,Dormant,,Inactive (>1 yr),,
18022,35,5,1506.62,2010-06-11 13:59:00,2011-11-04 12:45:00,United Kingdom,4,4,4,444,12,Loyal Customers,Lapsing Mid-Value,0.600594673402449,High,153.18,91.99909207178715
18024,152,2,389.78,2011-07-10 12:28:00,2011-07-10 12:40:00,United Kingdom,3,3,2,332,8,Need Attention,Dormant,0.8266428853241362,High,97.445,80.55221596041045
18025,379,6,1177.72,2010-03-30 17:33:00,2010-11-25 12:37:00,United Kingdom,2,4,3,243,9,At Risk,Lapsing Mid-Value,,Inactive (>1 yr),,
18026,500,2,2074.07,2010-07-22 16:21:00,2010-07-27 10:37:00,United Kingdom,1,3,4,134,8,At Risk,Lapsing Mid-Value,,Inactive (>1 yr),,
18027,98,1,115.31,2011-09-02 10:38:00,2011-09-02 10:38:00,United Kingdom,3,2,1,321,6,About to Sleep,Dormant,0.8097337453468202,High,28.8275,23.34259954398546
18028,583,1,192.05,2010-05-05 13:28:00,2010-05-05 13:28:00,United Kingdom,1,2,1,121,4,Hibernating,Dormant,,Inactive (>1 yr),,
18029,642,1,433.77,2010-03-07 15:30:00,2010-03-07 15:30:00,United Kingdom,1,2,2,122,5,Hibernating,Dormant,,Inactive (>1 yr),,
18030,4,2,230.64999999999998,2011-10-28 13:55:00,2011-12-05 16:37:00,United Kingdom,5,3,1,531,9,Potential Loyalists,Recent Developing,0.6430322288219746,High,57.662499999999994,37.078845894447106
18031,378,1,451.3,2010-11-26 11:00:00,2010-11-26 11:00:00,United Kingdom,2,2,2,222,6,Hibernating,Dormant,,Inactive (>1 yr),,
18032,334,1,73.5,2011-01-09 15:32:00,2011-01-09 15:32:00,United Kingdom,2,2,1,221,5,Hibernating,Dormant,0.8847439819006393,High,18.375,16.257170667424248
18033,65,1,93.82000000000001,2011-10-05 17:28:00,2011-10-05 17:28:00,United Kingdom,3,2,1,321,6,About to Sleep,Dormant,0.7607146201240517,High,23.455000000000002,17.842561415009634
18034,21,3,753.35,2010-11-29 12:36:00,2011-11-18 12:22:00,United Kingdom,4,3,3,433,10,Potential Loyalists,Recent Developing,0.7006554174843869,High,104.67,73.33760254809077
18035,35,5,1260.23,2010-11-19 13:42:00,2011-11-04 12:39:00,United Kingdom,4,4,4,444,12,Loyal Customers,Recent Developing,0.49649465794559594,Medium,178.4725,88.61064284019537
18036,32,11,1545.49,2009-12-18 12:04:00,2011-11-07 14:40:00,United Kingdom,4,5,4,454,13,Loyal Customers,Active High-Value,0.3804627593594884,Medium,100.78,38.343036888249244
18037,154,15,167.42,2009-12-01 13:48:00,2011-07-08 13:39:00,United Kingdom,3,5,1,351,9,Loyal Customers,Lapsing Mid-Value,0.5912249293442625,Medium,17.505,10.349392388171315
18038,556,1,141.48,2010-06-01 15:59:00,2010-06-01 15:59:00,United Kingdom,1,2,1,121,4,Hibernating,Dormant,,Inactive (>1 yr),,
18039,374,4,548.22,2010-03-09 11:19:00,2010-11-30 13:07:00,United Kingdom,2,4,2,242,8,At Risk,Lapsing Mid-Value,,Inactive (>1 yr),,
18040,19,2,357.20000000000005,2011-04-08 08:27:00,2011-11-20 14:20:00,United Kingdom,5,3,2,532,10,Potential Loyalists,Recent Developing,0.7832613387877846,High,89.30000000000001,69.94523755374917
18041,11,38,8018.7699999999995,2010-01-14 10:04:00,2011-11-28 11:39:00,United Kingdom,5,5,5,555,15,Champions,Active High-Value,0.049385175385503376,Low,870.62,42.995721394126946
18042,53,2,281.15,2010-06-16 10:53:00,2011-10-17 11:49:00,United Kingdom,4,3,1,431,8,Potential Loyalists,Recent Developing,0.8689923128014193,High,41.262499999999996,35.85679530696856
18043,24,3,529.29,2010-12-08 12:35:00,2011-11-15 12:48:00,United Kingdom,4,3,2,432,9,Potential Loyalists,Recent Developing,0.6963799524031284,High,60.345,42.023048227766786
18044,4,18,3505.61,2010-05-28 15:31:00,2011-12-05 14:26:00,United Kingdom,5,5,5,555,15,Champions,Active High-Value,0.12384037052827994,Low,522.15,64.66324947134137
18045,45,1,178.34,2011-10-25 13:07:00,2011-10-25 13:07:00,United Kingdom,4,2,1,421,7,Potential Loyalists,Dormant,0.7125857608333653,High,44.585,31.770636146755596
18046,649,1,189.63,2010-02-28 11:36:00,2010-02-28 11:36:00,United Kingdom,1,2,1,121,4,Hibernating,Dormant,,Inactive (>1 yr),,
18047,381,2,326.09,2010-11-23 12:57:00,2010-11-23 13:11:00,United Kingdom,2,3,2,232,7,At Risk,Dormant,,Inactive (>1 yr),,
18048,203,3,394.93,2010-08-03 13:03:00,2011-05-20 14:58:00,United Kingdom,2,3,2,232,7,At Risk,Dormant,0.7939633845369626,High,43.072500000000005,34.197987880468325
18049,437,2,500.5,2010-04-28 13:24:00,2010-09-28 14:26:00,United Kingdom,1,3,2,132,6,At Risk,Dormant,,Inactive (>1 yr),,
18050,359,2,412.06,2010-11-11 15:51:00,2010-12-15 14:25:00,United Kingdom,2,3,2,232,7,At Risk,Dormant,0.8590659618086292,High,18.6,15.978626889640504
18051,634,7,2282.28,2009-12-09 12:17:00,2010-03-15 13:58:00,United Kingdom,1,4,4,144,9,At Risk,Lapsing Mid-Value,,Inactive (>1 yr),,
18052,564,1,10877.18,2010-05-24 11:11:00,2010-05-24 11:11:00,United Kingdom,1,2,5,125,8,Hibernating,Lapsing Mid-Value,,Inactive (>1 yr),,
18053,70,3,571.07,2010-06-30 12:36:00,2011-09-30 09:05:00,United Kingdom,3,3,2,332,8,Need Attention,Recent Developing,0.7379632727515447,High,75.005,55.35093527272961
18054,392,1,176.5,2010-11-12 08:18:00,2010-11-12 08:18:00,United Kingdom,2,2,1,221,5,Hibernating,Dormant,,Inactive (>1 yr),,
18055,7,14,10142.64,2010-10-22 13:27:00,2011-12-02 14:25:00,United Kingdom,5,5,5,555,15,Champions,Active High-Value,0.1319384439355747,Low,1440.215,190.0197260326737
18056,288,2,554.6,2010-03-31 12:29:00,2011-02-24 14:27:00,United Kingdom,2,3,2,232,7,At Risk,Dormant,0.801869882428154,High,90.9125,72.89999568624955
18057,393,3,1168.14,2010-01-18 12:42:00,2010-11-11 16:55:00,United Kingdom,2,3,3,233,8,At Risk,Lapsing Mid-Value,,Inactive (>1 yr),,
18058,9,3,774.06,2010-02-10 09:38:00,2011-11-30 08:38:00,United Kingdom,5,3,3,533,11,Potential Loyalists,Recent Developing,0.8765842261647273,High,42.54,37.2898929810475
18059,23,3,306.46,2011-10-03 09:30:00,2011-11-16 16:49:00,United Kingdom,4,3,2,432,9,Potential Loyalists,Recent Developing,0.4938259903832332,Medium,76.615,37.83447825321141
18060,408,2,1185.46,2010-05-24 08:34:00,2010-10-27 16:41:00,United Kingdom,2,3,3,233,8,At Risk,Lapsing Mid-Value,,Inactive (>1 yr),,
18061,21,28,6083.81,2009-12-04 11:36:00,2011-11-18 11:20:00,United Kingdom,4,5,5,455,14,Loyal Customers,Active High-Value,0.12602053047677006,Low,428.5625,54.00767359245077
18062,173,6,1632.67,2010-04-21 08:55:00,2011-06-19 14:47:00,United Kingdom,3,4,4,344,11,Loyal Customers,Lapsing Mid-Value,0.5556128826599365,Medium,180.13,100.08254855353435
18063,390,2,186.60000000000002,2010-03-16 13:05:00,2010-11-14 10:46:00,United Kingdom,2,3,1,231,6,At Risk,Dormant,,Inactive (>1 yr),,
18064,133,11,4481.83,2010-02-01 15:01:00,2011-07-29 16:39:00,United Kingdom,3,5,5,355,13,Loyal Customers,Lapsing Mid-Value,0.5665179182553607,Medium,203.5,115.2863963649659
18065,5,28,5846.63,2009-12-09 16:00:00,2011-12-04 10:30:00,United Kingdom,5,5,5,555,15,Champions,Active High-Value,0.08136779356442014,Low,598.2075,48.67482436868786
18066,75,3,1440.4,2010-10-20 11:42:00,2011-09-25 15:30:00,United Kingdom,3,3,4,334,10,Need Attention,Lapsing Mid-Value,0.7312164047372967,High,79.5,58.13170417661508
18067,40,1,396.33,2011-10-30 15:58:00,2011-10-30 15:58:00,United Kingdom,4,2,2,422,8,Potential Loyalists,Recent Developing,0.6785452825464852,High,99.0825,67.23196295791212
18068,289,1,101.69999999999999,2011-02-23 14:50:00,2011-02-23 14:50:00,United Kingdom,2,2,1,221,5,Hibernating,Dormant,0.8815544780710519,High,25.424999999999997,22.413522604956494
18069,26,11,4449.02,2010-02-28 16:14:00,2011-11-13 16:03:00,United Kingdom,4,5,5,455,14,Loyal Customers,Active High-Value,0.19765755285898257,Low,502.31,99.28536537659554
18070,669,1,314.1,2010-02-08 13:28:00,2010-02-08 13:28:00,United Kingdom,1,2,2,122,5,Hibernating,Dormant,,Inactive (>1 yr),,
18071,257,6,1169.68,2009-12-05 10:31:00,2011-03-27 11:59:00,United Kingdom,2,4,3,243,9,At Risk,Lapsing Mid-Value,0.7974097724520743,High,48.5125,38.68434158608126
18072,185,1,247.44,2011-06-07 10:44:00,2011-06-07 10:44:00,United Kingdom,3,2,1,321,6,About to Sleep,Dormant,0.8571774442104556,High,61.86,53.024996698858786
18073,114,12,3859.82,2011-05-26 19:38:00,2011-08-17 14:02:00,United Kingdom,3,5,5,355,13,Loyal Customers,Lapsing Mid-Value,0.6037164405988462,High,964.955,582.5591979380597
18074,373,2,1019.44,2010-07-22 10:31:00,2010-12-01 09:53:00,United Kingdom,2,3,3,233,8,At Risk,Dormant,,Inactive (>1 yr),,
18075,23,20,5783.29,2010-07-29 11:47:00,2011-11-16 15:21:00,United Kingdom,4,5,5,455,14,Loyal Customers,Active High-Value,0.13675366183279444,Low,652.9375,89.29159407295022
18076,380,1,151.49,2010-11-24 14:02:00,2010-11-24 14:02:00,United Kingdom,2,2,1,221,5,Hibernating,Dormant,,Inactive (>1 yr),,
18077,8,18,4078.79,2009-12-07 11:40:00,2011-12-01 13:32:00,United Kingdom,5,5,5,555,15,Champions,Active High-Value,0.11230217720740797,Low,594.885,66.80688068802888
18078,217,4,725.53,2010-03-21 15:50:00,2011-05-06 14:32:00,United Kingdom,2,4,3,243,9,At Risk,Lapsing Mid-Value,0.6724643547791067,High,84.0325,56.508860892975285
18079,45,5,4203.93,2010-08-05 12:19:00,2011-10-25 15:27:00,United Kingdom,4,4,5,445,13,Loyal Customers,Lapsing Mid-Value,0.3670042761535342,Medium,903.2875,331.51037509603555
18080,18,2,1231.5,2011-04-11 10:10:00,2011-11-21 08:02:00,United Kingdom,5,3,4,534,12,Potential Loyalists,Recent Developing,0.7716761055087533,High,307.875,237.57978098350742
18081,36,3,343.45,2011-07-29 11:56:00,2011-11-03 16:30:00,United Kingdom,4,3,2,432,9,Potential Loyalists,Recent Developing,0.5402744741083678,Medium,85.8625,46.38931703312973
18082,25,1,680.84,2011-11-14 12:45:00,2011-11-14 12:45:00,United Kingdom,4,2,3,423,9,Potential Loyalists,Recent Developing,0.6144018390902427,High,170.21,104.57733703155021
18083,397,1,463.53,2010-11-07 11:44:00,2010-11-07 11:44:00,United Kingdom,2,2,2,222,6,Hibernating,Dormant,,Inactive (>1 yr),,
18084,16,3,795.2299999999999,2010-11-16 08:09:00,2011-11-23 13:57:00,United Kingdom,5,3,3,533,11,Potential Loyalists,Recent Developing,0.9088576387889735,High,22.619999999999997,20.55835978940658
18085,330,4,1341.8500000000001,2010-03-21 11:57:00,2011-01-13 15:17:00,United Kingdom,2,4,4,244,10,At Risk,Lapsing Mid-Value,0.7445840412632122,High,96.5125,71.86166728241577
18086,274,1,101.34,2011-03-10 13:34:00,2011-03-10 13:34:00,United Kingdom,2,2,1,221,5,Hibernating,Dormant,0.8680529990375013,High,25.335,21.992122730615097
18087,290,16,13908.72,2009-12-01 09:43:00,2011-02-22 10:43:00,United Kingdom,2,5,5,255,12,Can't Lose Them,Active High-Value,0.6681965442228798,High,800.7299999999999,535.0450188555865
18088,61,1,166.03,2011-10-09 13:41:00,2011-10-09 13:41:00,United Kingdom,3,2,1,321,6,About to Sleep,Dormant,0.7373266224780137,High,41.5075,30.604584782506155
18089,446,1,428.45,2010-09-19 11:57:00,2010-09-19 11:57:00,United Kingdom,1,2,2,122,5,Hibernating,Dormant,,Inactive (>1 yr),,
18090,421,1,321.9,2010-10-14 12:32:00,2010-10-14 12:32:00,United Kingdom,1,2,2,122,5,Hibernating,Dormant,,Inactive (>1 yr),,
18091,593,1,360.85,2010-04-25 13:18:00,2010-04-25 13:18:00,United Kingdom,1,2,2,122,5,Hibernating,Dormant,,Inactive (>1 yr),,
18092,2,18,14693.72,2009-12-04 12:37:00,2011-12-07 13:14:00,United Kingdom,5,5,5,555,15,Champions,Active High-Value,0.140338038795871,Low,1895.635,266.0296981728109
18093,93,8,4452.71,2010-03-31 10:27:00,2011-09-07 15:43:00,United Kingdom,3,5,5,355,13,Loyal Customers,Lapsing Mid-Value,0.40899725646982954,Medium,526.63,215.39022517470633
18094,81,13,6391.52,2010-01-07 11:16:00,2011-09-19 09:28:00,United Kingdom,3,5,5,355,13,Loyal Customers,Active High-Value,0.28065023756313406,Low,754.325,211.7014904498111
18095,312,5,2303.09,2010-04-19 14:09:00,2011-01-31 12:50:00,United Kingdom,2,4,4,244,10,At Risk,Lapsing Mid-Value,0.7310246619231511,High,145.01250000000002,106.00771378713095
18096,11,6,1638.16,2010-07-14 14:30:00,2011-11-28 12:44:00,United Kingdom,5,4,4,544,13,Champions,Recent Developing,0.4546499634331431,Medium,212.265,96.50627448813611
18097,7,11,4627.92,2009-12-17 11:06:00,2011-12-02 11:16:00,United Kingdom,5,5,5,555,15,Champions,Active High-Value,0.26642518490743344,Low,665.6,177.33260307438772
18098,396,1,527.94,2010-11-08 16:31:00,2010-11-08 16:31:00,United Kingdom,2,2,2,222,6,Hibernating,Dormant,,Inactive (>1 yr),,
18099,127,1,168.31,2011-08-04 15:52:00,2011-08-04 15:52:00,United Kingdom,3,2,1,321,6,About to Sleep,Dormant,0.8111931378285585,High,42.0775,34.13297925698117
18100,550,1,451.56,2010-06-07 14:19:00,2010-06-07 14:19:00,United Kingdom,1,2,2,122,5,Hibernating,Dormant,,Inactive (>1 yr),,
18101,11,5,622.01,2010-02-03 13:52:00,2011-11-28 13:37:00,United Kingdom,5,4,3,543,12,Champions,Recent Developing,0.7055032439744818,High,55.6,39.22598036498119
18102,0,145,580987.04,2009-12-01 09:24:00,2011-12-09 11:50:00,United Kingdom,5,5,5,555,15,Champions,Active High-Value,0.005913890696863679,Low,57955.6725,342.7435124282282
18103,549,1,105.8,2010-06-08 13:36:00,2010-06-08 13:36:00,United Kingdom,1,2,1,121,4,Hibernating,Dormant,,Inactive (>1 yr),,
18104,37,1,754.64,2011-11-02 14:07:00,2011-11-02 14:07:00,United Kingdom,4,2,3,423,9,Potential Loyalists,Recent Developing,0.6474192552816825,High,188.66,122.14211670144222
18105,37,1,113.48000000000002,2011-11-02 12:04:00,2011-11-02 12:04:00,United Kingdom,4,2,1,421,7,Potential Loyalists,Dormant,0.728778911126435,High,28.370000000000005,20.675457708656964
18106,329,6,1441.06,2010-01-15 11:36:00,2011-01-14 12:23:00,United Kingdom,2,4,4,244,10,At Risk,Lapsing Mid-Value,0.7659892421198902,High,105.475,80.7927153125954
18107,442,1,165.88,2010-09-23 13:03:00,2010-09-23 13:03:00,United Kingdom,1,2,1,121,4,Hibernating,Dormant,,Inactive (>1 yr),,
18108,254,3,848.8100000000001,2009-12-02 12:47:00,2011-03-30 13:56:00,United Kingdom,2,3,3,233,8,At Risk,Lapsing Mid-Value,0.7764948048525557,High,67.75,52.60752302876065
18109,1,38,9555.71,2010-07-01 12:13:00,2011-12-08 11:36:00,United Kingdom,5,5,5,555,15,Champions,Active High-Value,0.033152243543294845,Low,1931.8675,64.04574185337616
18110,19,2,392.28000000000003,2010-10-24 14:21:00,2011-11-20 12:34:00,United Kingdom,5,3,2,532,10,Potential Loyalists,Recent Developing,0.8752385318974307,High,49.7,43.49935503530231
18111,589,1,405.85,2010-04-29 12:58:00,2010-04-29 12:58:00,United Kingdom,1,2,2,122,5,Hibernating,Dormant,,Inactive (>1 yr),,
18112,12,4,773.36,2010-06-06 12:40:00,2011-11-27 14:43:00,United Kingdom,5,4,3,543,12,Champions,Recent Developing,0.6842528229744694,High,88.1725,60.3322820337164
18113,368,1,76.32000000000001,2010-12-06 12:31:00,2010-12-06 12:31:00,United Kingdom,2,2,1,221,5,Hibernating,Dormant,,Inactive (>1 yr),,
18114,290,1,220.1,2011-02-22 13:20:00,2011-02-22 13:20:00,United Kingdom,2,2,1,221,5,Hibernating,Dormant,0.8371131736868334,High,55.025,46.06215238211801
18115,697,1,9.700000000000001,2010-01-11 11:57:00,2010-01-11 11:57:00,United Kingdom,1,2,1,121,4,Hibernating,Dormant,,Inactive (>1 yr),,
18116,67,13,2130.89,2010-10-24 15:29:00,2011-10-03 11:00:00,United Kingdom,3,5,4,354,12,Loyal Customers,Lapsing Mid-Value,0.3609357685635617,Medium,349.8775,126.28330436559756
18117,25,1,314.4,2011-11-14 12:47:00,2011-11-14 12:47:00,United Kingdom,4,2,2,422,8,Potential Loyalists,Recent Developing,0.6440123309688848,High,78.6,50.61936921415434
18118,10,29,6218.62,2010-11-23 13:36:00,2011-11-29 11:32:00,United Kingdom,5,5,5,555,15,Champions,Active High-Value,0.04879408894706486,Low,1287.6425,62.82934267702097
18119,367,1,180.7,2010-12-07 11:59:00,2010-12-07 11:59:00,United Kingdom,2,2,1,221,5,Hibernating,Dormant,,Inactive (>1 yr),,
18120,214,1,111.15,2011-05-09 13:45:00,2011-05-09 13:45:00,United Kingdom,2,2,1,221,5,Hibernating,Dormant,0.8483956670737364,High,27.7875,23.57479459881145
18121,149,2,653.3,2011-07-08 12:14:00,2011-07-13 12:53:00,United Kingdom,3,3,3,333,9,Need Attention,Dormant,0.7908895207212514,High,163.325,129.17203097179836
18122,8,6,1791.84,2011-07-12 11:37:00,2011-12-01 13:08:00,United Kingdom,5,4,4,544,13,Champions,Recent Developing,0.17616176913191464,Low,447.96,78.91342610033247
18123,24,3,666.64,2010-07-14 12:47:00,2011-11-15 14:23:00,United Kingdom,4,3,3,433,10,Potential Loyalists,Recent Developing,0.7251145104151582,High,143.60999999999999,104.13369484072085
18124,472,1,102.65,2010-08-24 17:21:00,2010-08-24 17:21:00,United Kingdom,1,2,1,121,4,Hibernating,Dormant,,Inactive (>1 yr),,
18125,29,4,1131.75,2011-01-27 15:02:00,2011-11-10 12:29:00,United Kingdom,4,4,3,443,11,Loyal Customers,Recent Developing,0.42346148676830264,Medium,282.9375,119.81313441250663
18126,60,1,198.58,2011-10-10 12:19:00,2011-10-10 12:19:00,United Kingdom,3,2,1,321,6,About to Sleep,Dormant,0.7246821236978684,High,49.645,35.97684403098068
18127,19,4,556.13,2010-11-01 13:56:00,2011-11-20 14:05:00,United Kingdom,5,4,2,542,11,Champions,Recent Developing,0.5992770714343243,Medium,86.77,51.999271488356314
18128,537,1,399.29,2010-06-20 13:19:00,2010-06-20 13:19:00,United Kingdom,1,2,2,122,5,Hibernating,Dormant,,Inactive (>1 yr),,
18129,243,1,112.55000000000001,2011-04-10 14:16:00,2011-04-10 14:16:00,United Kingdom,2,2,1,221,5,Hibernating,Dormant,0.8556551159826038,High,28.137500000000003,24.07599582596052
18130,15,3,1059.39,2011-10-13 15:58:00,2011-11-24 14:40:00,United Kingdom,5,3,3,533,11,Potential Loyalists,Recent Developing,0.39974763692715065,Medium,264.8475,105.87216227106354
18131,631,1,222.95999999999998,2010-03-18 08:48:00,2010-03-18 08:48:00,United Kingdom,1,2,1,121,4,Hibernating,Dormant,,Inactive (>1 yr),,
18132,504,1,220.13,2010-07-23 16:54:00,2010-07-23 16:54:00,United Kingdom,1,2,1,121,4,Hibernating,Dormant,,Inactive (>1 yr),,
18133,212,1,931.4999999999999,2011-05-11 14:14:00,2011-05-11 14:14:00,United Kingdom,2,2,3,223,7,Hibernating,Dormant,0.8073174021200268,High,232.87499999999997,188.0040400187012
18134,598,2,445.0,2010-01-14 11:59:00,2010-04-20 14:02:00,United Kingdom,1,3,2,132,6,At Risk,Dormant,,Inactive (>1 yr),,
18135,29,10,1249.6200000000001,2010-03-15 13:55:00,2011-11-10 19:32:00,United Kingdom,4,5,4,454,13,Loyal Customers,Lapsing Mid-Value,0.2654504158157504,Low,170.47750000000002,45.25332326222959
18136,63,5,1631.3600000000001,2010-09-14 15:50:00,2011-10-07 15:40:00,United Kingdom,3,4,4,344,11,Loyal Customers,Lapsing Mid-Value,0.47367675845737717,Medium,196.0825,92.87972299021867
18137,551,2,145.99,2010-06-06 13:45:00,2010-06-06 14:18:00,United Kingdom,1,3,1,131,5,At Risk,Dormant,,Inactive (>1 yr),,
18138,295,1,152.65,2011-02-17 14:51:00,2011-02-17 14:51:00,United Kingdom,2,2,1,221,5,Hibernating,Dormant,0.8594885522274001,High,38.1625,32.800231874378156
18139,17,6,8438.34,2011-11-21 14:06:00,2011-11-22 10:44:00,United Kingdom,5,4,5,545,14,Champions,Active High-Value,0.4290603962234373,Medium,2109.585,905.13937596702
18140,473,1,536.41,2010-08-23 11:58:00,2010-08-23 11:58:00,West Indies,1,2,2,122,5,Hibernating,Dormant,,Inactive (>1 yr),,
18141,401,2,882.47,2010-04-29 15:32:00,2010-11-03 11:44:00,United Kingdom,2,3,3,233,8,At Risk,Dormant,,Inactive (>1 yr),,
18142,157,2,1019.52,2011-05-08 12:31:00,2011-07-05 13:19:00,United Kingdom,3,3,3,333,9,Need Attention,Lapsing Mid-Value,0.6567758440444206,High,254.88,167.3990271300419
18143,116,2,1000.16,2011-07-21 10:44:00,2011-08-15 12:07:00,United Kingdom,3,3,3,333,9,Need Attention,Lapsing Mid-Value,0.5998748351072252,Medium,250.04,149.99270377021057
18144,7,19,4892.95,2009-12-16 15:57:00,2011-12-02 12:46:00,United Kingdom,5,5,5,555,15,Champions,Active High-Value,0.09803817968103126,Low,680.925,66.75664749930621
18145,12,11,5609.74,2009-12-08 12:30:00,2011-11-27 11:22:00,United Kingdom,5,5,5,555,15,Champions,Active High-Value,0.20727139823156338,Low,715.3875,148.27936740238255
18146,140,2,160.35000000000002,2011-05-03 16:35:00,2011-07-22 12:08:00,United Kingdom,3,3,1,331,7,Need Attention,Dormant,0.7396353081677627,High,40.087500000000006,29.65013041617519
18147,45,2,179.33999999999997,2011-08-23 12:22:00,2011-10-25 11:46:00,United Kingdom,4,3,1,431,8,Potential Loyalists,Recent Developing,0.6719425975530181,High,44.834999999999994,30.126546361289563
18148,646,1,112.85000000000001,2010-03-03 11:40:00,2010-03-03 11:40:00,United Kingdom,1,2,1,121,4,Hibernating,Dormant,,Inactive (>1 yr),,
18149,50,7,1553.96,2010-03-14 12:41:00,2011-10-20 12:04:00,United Kingdom,4,4,4,444,12,Loyal Customers,Lapsing Mid-Value,0.4202502391342496,Medium,153.01999999999998,64.30669159232286
18150,32,3,566.58,2011-05-22 10:47:00,2011-11-07 16:49:00,United Kingdom,4,3,2,432,9,Potential Loyalists,Recent Developing,0.5444015270251461,Medium,141.645,77.11175429547683
18151,134,6,1879.44,2010-03-04 10:47:00,2011-07-28 11:35:00,United Kingdom,3,4,4,344,11,Loyal Customers,Lapsing Mid-Value,0.5522459108782605,Medium,163.3375,90.20246646807787
18152,646,1,426.69,2010-03-03 15:26:00,2010-03-03 15:26:00,United Kingdom,1,2,2,122,5,Hibernating,Dormant,,Inactive (>1 yr),,
18153,659,1,246.22,2010-02-18 15:50:00,2010-02-18 15:50:00,United Kingdom,1,2,1,121,4,Hibernating,Dormant,,Inactive (>1 yr),,
18154,3,5,932.6,2010-08-06 09:18:00,2011-12-06 16:41:00,United Kingdom,5,4,3,543,12,Champions,Recent Developing,0.6335659093228551,High,99.7975,63.22829383564763
18155,75,3,371.62,2011-02-21 10:36:00,2011-09-25 13:32:00,United Kingdom,3,3,2,332,8,Need Attention,Recent Developing,0.5956753804041266,Medium,92.905,55.34122121644538
18156,12,2,675.64,2010-12-05 12:29:00,2011-11-27 12:24:00,United Kingdom,5,3,3,533,11,Potential Loyalists,Recent Developing,0.8498199366097531,High,122.19,103.83949805434573
18157,571,1,213.9,2010-05-17 14:09:00,2010-05-17 14:09:00,United Kingdom,1,2,1,121,4,Hibernating,Dormant,,Inactive (>1 yr),,
18158,9,2,453.4,2011-09-12 09:03:00,2011-11-30 16:19:00,United Kingdom,5,3,2,532,10,Potential Loyalists,Recent Developing,0.6511899120968075,High,113.35,73.81237653617313
18159,301,1,530.15,2011-02-11 14:26:00,2011-02-11 14:26:00,United Kingdom,2,2,2,222,6,Hibernating,Dormant,0.813789252045376,High,132.5375,107.85759299296402
18160,57,3,1003.88,2010-11-18 16:33:00,2011-10-13 15:50:00,United Kingdom,4,3,3,433,10,Potential Loyalists,Recent Developing,0.6269291709650661,High,159.51500000000001,100.00460670649252
18161,15,6,1803.1000000000001,2010-11-25 15:55:00,2011-11-24 16:40:00,United Kingdom,5,4,4,544,13,Champions,Recent Developing,0.30078695181728726,Medium,404.6725,121.72020775928118
18162,732,1,371.51,2009-12-07 13:24:00,2009-12-07 13:24:00,United Kingdom,1,2,2,122,5,Hibernating,Dormant,,Inactive (>1 yr),,
18163,584,1,728.84,2010-05-04 14:51:00,2010-05-04 14:51:00,United Kingdom,1,2,3,123,6,Hibernating,Dormant,,Inactive (>1 yr),,
18164,37,1,399.65000000000003,2011-11-02 12:56:00,2011-11-02 12:56:00,United Kingdom,4,2,2,422,8,Potential Loyalists,Recent Developing,0.6806493922806282,High,99.91250000000001,68.00538240623827
18165,177,1,302.46000000000004,2011-06-15 13:23:00,2011-06-15 13:23:00,United Kingdom,3,2,2,322,7,About to Sleep,Dormant,0.815296984905808,High,75.61500000000001,61.64868151365268
18166,623,1,175.5,2010-03-26 12:26:00,2010-03-26 12:26:00,United Kingdom,1,2,1,121,4,Hibernating,Dormant,,Inactive (>1 yr),,
18167,23,3,1384.8600000000001,2011-08-26 11:40:00,2011-11-16 15:56:00,United Kingdom,4,3,4,434,11,Potential Loyalists,Recent Developing,0.48915760345718995,Medium,346.21500000000003,169.35369968093104
18168,176,16,3435.5,2009-12-03 17:29:00,2011-06-16 19:21:00,United Kingdom,3,5,5,355,13,Loyal Customers,Lapsing Mid-Value,0.43379904933856583,Medium,224.185,97.25123987596638
18169,60,1,202.65,2011-10-10 12:18:00,2011-10-10 12:18:00,United Kingdom,3,2,1,321,6,About to Sleep,Dormant,0.7486753138626101,High,50.6625,37.929763088564485
18170,33,9,2878.0,2010-01-08 14:10:00,2011-11-06 14:35:00,United Kingdom,4,5,4,454,13,Loyal Customers,Active High-Value,0.38661078621784584,Medium,245.0775,94.74960495930411
18171,58,9,2437.31,2010-01-05 10:46:00,2011-10-12 09:13:00,United Kingdom,4,5,4,454,13,Loyal Customers,Lapsing Mid-Value,0.3066947352461664,Medium,307.8275,94.40907361398929
18172,14,52,17467.24,2009-12-11 09:58:00,2011-11-25 11:12:00,United Kingdom,5,5,5,555,15,Champions,Active High-Value,0.041327671012384916,Low,1890.42,78.1266558352327
18173,86,5,2696.36,2010-04-06 10:43:00,2011-09-14 11:26:00,United Kingdom,3,4,4,344,11,Loyal Customers,Lapsing Mid-Value,0.4252948636980293,Medium,526.71,224.00705765838904
18174,7,2,162.5,2010-04-15 12:17:00,2011-12-02 16:56:00,United Kingdom,5,3,1,531,9,Potential Loyalists,Recent Developing,0.9426839070676503,High,26.0,24.509781583758908
18175,675,1,176.1,2010-02-02 10:25:00,2010-02-02 10:25:00,United Kingdom,1,2,1,121,4,Hibernating,Dormant,,Inactive (>1 yr),,
18176,358,1,476.35,2010-12-16 15:45:00,2010-12-16 15:45:00,United Kingdom,2,2,2,222,6,Hibernating,Dormant,0.8261547657242609,High,119.0875,98.38470566318793
18177,31,9,2216.32,2009-12-15 18:57:00,2011-11-08 14:44:00,United Kingdom,4,5,4,454,13,Loyal Customers,Active High-Value,0.31112524210553744,Medium,335.21750000000003,104.29462584551301
18178,128,11,6103.74,2010-02-18 14:25:00,2011-08-03 09:30:00,United Kingdom,3,5,5,355,13,Loyal Customers,Lapsing Mid-Value,0.3679628783978448,Medium,397.7025,146.33975664601886
18179,9,8,2547.55,2010-02-14 15:51:00,2011-11-30 16:23:00,United Kingdom,5,5,4,554,14,Champions,Active High-Value,0.3081750879901848,Medium,448.2925,138.1525806328399
18180,4,6,1843.75,2011-07-20 08:59:00,2011-12-05 08:39:00,United Kingdom,5,4,4,544,13,Champions,Recent Developing,0.2396376075618517,Low,460.9375,110.45795973554102
18181,24,5,1188.34,2009-12-04 15:30:00,2011-11-15 15:08:00,United Kingdom,4,4,3,443,11,Loyal Customers,Recent Developing,0.6935316830259104,High,91.7125,63.60552447951381
18182,463,1,291.13,2010-09-02 14:25:00,2010-09-02 14:25:00,United Kingdom,1,2,2,122,5,Hibernating,Dormant,,Inactive (>1 yr),,
18183,227,2,632.07,2011-03-10 10:08:00,2011-04-26 15:26:00,United Kingdom,2,3,3,233,8,At Risk,Dormant,0.6813270093812135,High,158.0175,107.66159070489591
18184,15,1,49.8,2011-11-24 15:28:00,2011-11-24 15:28:00,United Kingdom,5,2,1,521,8,Potential Loyalists,Recent Developing,0.7355243155216385,High,12.45,9.157277728244399
18185,249,1,304.25,2011-04-04 13:42:00,2011-04-04 13:42:00,United Kingdom,2,2,2,222,6,Hibernating,Dormant,0.8256685591533367,High,76.0625,62.80241478060067
18186,722,1,329.58,2009-12-17 10:22:00,2009-12-17 10:22:00,United Kingdom,1,2,2,122,5,Hibernating,Dormant,,Inactive (>1 yr),,
18187,631,1,724.89,2010-03-18 09:49:00,2010-03-18 09:49:00,United Kingdom,1,2,3,123,6,Hibernating,Dormant,,Inactive (>1 yr),,
18188,15,6,3280.59,2010-03-26 11:37:00,2011-11-24 16:46:00,United Kingdom,5,4,5,545,14,Champions,Active High-Value,0.38730451566290774,Medium,500.26,193.7529570055262
18189,77,3,1403.73,2010-03-24 09:57:00,2011-09-23 12:40:00,United Kingdom,3,3,4,334,10,Need Attention,Lapsing Mid-Value,0.634269145836336,High,272.56,172.87639838915175
18190,192,5,745.62,2009-12-22 12:05:00,2011-05-31 14:48:00,United Kingdom,2,4,3,243,9,At Risk,Lapsing Mid-Value,0.6629843665933982,High,71.11500000000001,47.14813323028952
18191,261,2,529.4,2010-08-19 17:42:00,2011-03-23 12:08:00,United Kingdom,2,3,2,232,7,At Risk,Dormant,0.8199706354104986,High,51.949999999999996,42.5974745095754
18192,71,1,957.97,2011-09-29 09:53:00,2011-09-29 09:53:00,United Kingdom,3,2,3,323,8,About to Sleep,Recent Developing,0.6814207186042119,High,239.4925,163.19515145031923
18193,165,3,1207.35,2010-09-23 13:33:00,2011-06-27 13:58:00,United Kingdom,3,3,4,334,10,Need Attention,Lapsing Mid-Value,0.7614634111834854,High,60.94,46.4035802775216
18194,82,6,4162.04,2010-01-28 15:30:00,2011-09-18 13:29:00,United Kingdom,3,4,5,345,12,Loyal Customers,Lapsing Mid-Value,0.5686719122492694,Medium,243.45999999999998,138.44886375620712
18195,387,1,101.16,2010-11-17 15:03:00,2010-11-17 15:03:00,United Kingdom,2,2,1,221,5,Hibernating,Dormant,,Inactive (>1 yr),,
18196,95,4,1455.27,2010-03-17 14:55:00,2011-09-05 16:22:00,United Kingdom,3,4,4,344,11,Loyal Customers,Lapsing Mid-Value,0.597810394156703,Medium,171.6575,102.61863773495425
18197,575,1,230.1,2010-05-13 10:46:00,2010-05-13 10:46:00,United Kingdom,1,2,1,121,4,Hibernating,Dormant,,Inactive (>1 yr),,
18198,4,17,5425.56,2011-01-07 13:39:00,2011-12-05 14:49:00,United Kingdom,5,5,5,555,15,Champions,Active High-Value,0.0844808763020303,Low,1356.39,114.58901580731089
18199,683,1,344.75,2010-01-25 11:32:00,2010-01-25 11:32:00,United Kingdom,1,2,2,122,5,Hibernating,Dormant,,Inactive (>1 yr),,
18200,106,1,150.35,2011-08-25 18:45:00,2011-08-25 18:45:00,United Kingdom,3,2,1,321,6,About to Sleep,Dormant,0.8010316045529299,High,37.5875,30.10877543613325
18201,722,1,447.53000000000003,2009-12-17 08:55:00,2009-12-17 08:55:00,United Kingdom,1,2,2,122,5,Hibernating,Dormant,,Inactive (>1 yr),,
18202,199,3,1396.99,2011-02-01 13:36:00,2011-05-24 12:12:00,United Kingdom,2,3,4,234,9,At Risk,Lapsing Mid-Value,0.6528335245055719,High,349.2475,228.0004763497597
18203,157,4,482.52,2009-12-08 13:19:00,2011-07-05 13:07:00,United Kingdom,3,4,2,342,9,Loyal Customers,Lapsing Mid-Value,0.7450193621842831,High,40.105000000000004,29.879001520400678
18204,71,3,1975.35,2011-05-31 15:26:00,2011-09-29 16:44:00,United Kingdom,3,3,4,334,10,Need Attention,Lapsing Mid-Value,0.4500658650077754,Medium,493.8375,222.25940161077727
18205,36,2,517.36,2011-09-26 12:02:00,2011-11-03 13:22:00,United Kingdom,4,3,2,432,9,Potential Loyalists,Recent Developing,0.5272774565840531,Medium,129.34,68.19806623458143
18206,553,1,314.65999999999997,2010-06-04 13:47:00,2010-06-04 13:47:00,United Kingdom,1,2,2,122,5,Hibernating,Dormant,,Inactive (>1 yr),,
18207,499,1,544.47,2010-07-28 14:26:00,2010-07-28 14:26:00,United Kingdom,1,2,2,122,5,Hibernating,Dormant,,Inactive (>1 yr),,
18208,565,1,360.08,2010-05-23 11:54:00,2010-05-23 11:54:00,United Kingdom,1,2,2,122,5,Hibernating,Dormant,,Inactive (>1 yr),,
18209,28,1,139.10000000000002,2011-11-11 12:07:00,2011-11-11 12:07:00,United Kingdom,4,2,1,421,7,Potential Loyalists,Recent Developing,0.7158569317198237,High,34.775000000000006,24.89392480055687
18210,1,7,2768.83,2010-11-22 09:39:00,2011-12-08 11:02:00,United Kingdom,5,4,4,544,13,Champions,Active High-Value,0.3166805531297855,Medium,655.345,207.5350170908393
18211,25,5,600.07,2011-03-06 12:09:00,2011-11-14 08:10:00,United Kingdom,4,4,2,442,10,Loyal Customers,Recent Developing,0.31622906678807206,Medium,150.0175,47.43989402687961
18212,326,2,514.37,2010-01-31 14:42:00,2011-01-17 16:14:00,United Kingdom,2,3,2,232,7,At Risk,Dormant,0.8271802728293974,High,54.0175,44.68221038756197
18213,236,1,232.48000000000002,2011-04-17 10:21:00,2011-04-17 10:21:00,United Kingdom,2,2,1,221,5,Hibernating,Dormant,0.8326851202562803,High,58.120000000000005,48.39565918929501
18214,530,4,1780.34,2010-06-03 19:47:00,2010-06-27 11:21:00,United Kingdom,1,4,4,144,9,At Risk,Lapsing Mid-Value,,Inactive (>1 yr),,
18215,89,5,2232.4900000000002,2010-03-26 13:03:00,2011-09-11 16:05:00,United Kingdom,3,4,4,344,11,Loyal Customers,Lapsing Mid-Value,0.6594061984996022,High,74.83500000000001,49.346662864717736
18216,31,1,481.75,2011-11-08 16:55:00,2011-11-08 16:55:00,United Kingdom,4,2,2,422,8,Potential Loyalists,Recent Developing,0.6587679942616577,High,120.4375,79.3403703088884
18217,29,4,945.04,2010-07-01 15:39:00,2011-11-10 13:18:00,United Kingdom,4,4,3,443,11,Loyal Customers,Recent Developing,0.6276777142360023,High,155.4375,97.5646547065586
18218,211,4,1121.84,2010-02-17 15:11:00,2011-05-12 12:53:00,United Kingdom,2,4,3,243,9,At Risk,Lapsing Mid-Value,0.6527320090306719,High,160.48,104.75043280924221
18219,2,17,3352.7000000000003,2009-12-07 13:17:00,2011-12-07 11:43:00,United Kingdom,5,5,5,555,15,Champions,Active High-Value,0.17992892064943505,Low,464.895,83.64805556531911
18220,226,6,1921.76,2009-12-15 11:42:00,2011-04-27 09:03:00,United Kingdom,2,4,4,244,10,At Risk,Lapsing Mid-Value,0.7235840483484652,High,76.32000000000001,55.22393456995487
18221,22,6,1424.94,2010-11-14 15:46:00,2011-11-17 14:40:00,United Kingdom,4,4,4,444,12,Loyal Customers,Recent Developing,0.3123594635587569,Medium,260.4025,81.33918520935919
18222,92,1,443.0,2011-09-08 10:45:00,2011-09-08 10:45:00,United Kingdom,3,2,2,322,7,About to Sleep,Dormant,0.7589765031767515,High,110.75,84.05664772682522
18223,4,26,14000.85,2009-12-04 12:20:00,2011-12-05 09:11:00,United Kingdom,5,5,5,555,15,Champions,Active High-Value,0.06972770992214376,Low,1621.135,113.03803102463453
18224,263,1,158.95000000000002,2011-03-21 10:30:00,2011-03-21 10:30:00,United Kingdom,2,2,1,221,5,Hibernating,Dormant,0.8519479140673251,High,39.737500000000004,33.854280235250336
18225,3,26,13014.8,2009-12-04 16:52:00,2011-12-06 13:27:00,United Kingdom,5,5,5,555,15,Champions,Active High-Value,0.06153666730482486,Low,1368.74,84.22769800680598
18226,44,26,11878.88,2010-03-05 10:05:00,2011-10-26 13:36:00,United Kingdom,4,5,5,455,14,Loyal Customers,Active High-Value,0.12373427416928348,Low,1307.0125,161.72224301768063
18227,217,2,388.75,2010-08-12 16:45:00,2011-05-06 12:23:00,United Kingdom,2,3,2,232,7,At Risk,Dormant,0.8932155468881372,High,23.4375,20.934739380190717
18228,56,2,779.9,2011-09-21 10:48:00,2011-10-14 09:21:00,United Kingdom,4,3,3,433,10,Potential Loyalists,Recent Developing,0.5087244133263977,Medium,194.975,99.1885424883144
18229,11,28,10150.51,2009-12-03 14:42:00,2011-11-28 09:48:00,United Kingdom,5,5,5,555,15,Champions,Active High-Value,0.045938790330282156,Low,1655.925,76.07119137767248
18230,9,9,4291.06,2010-07-02 10:01:00,2011-11-30 13:22:00,United Kingdom,5,5,5,555,15,Champions,Active High-Value,0.23892611417553755,Low,702.5500000000001,167.85754151402392
18231,192,28,6848.27,2010-01-10 12:13:00,2011-05-31 14:18:00,United Kingdom,2,5,5,255,12,Can't Lose Them,Active High-Value,0.5081087328201582,Medium,517.9425,263.1711073487048
18232,81,4,592.97,2011-05-26 16:30:00,2011-09-19 11:49:00,United Kingdom,3,4,2,342,9,Loyal Customers,Lapsing Mid-Value,0.5346696051483162,Medium,148.2425,79.26075894119927
18233,325,1,440.0,2011-01-18 08:44:00,2011-01-18 08:44:00,United Kingdom,2,2,2,222,6,Hibernating,Dormant,0.8495821444840946,High,110.0,93.4540358932504
18234,551,1,179.6,2010-06-06 11:22:00,2010-06-06 11:22:00,United Kingdom,1,2,1,121,4,Hibernating,Dormant,,Inactive (>1 yr),,
18235,71,3,1796.48,2011-05-06 13:35:00,2011-09-29 08:27:00,United Kingdom,3,3,4,334,10,Need Attention,Lapsing Mid-Value,0.4756373999887737,Medium,449.12,213.61826908295805
18236,29,12,1795.3500000000001,2010-04-15 13:39:00,2011-11-10 08:06:00,United Kingdom,4,5,4,454,13,Loyal Customers,Active High-Value,0.22911584580902905,Low,220.56,50.533790951639446
18237,2,5,987.1,2011-07-28 13:05:00,2011-12-07 12:49:00,United Kingdom,5,4,3,543,12,Champions,Recent Developing,0.322674108650205,Medium,246.775,79.62790316215434
18238,515,1,270.92,2010-07-12 12:51:00,2010-07-12 12:51:00,United Kingdom,1,2,1,121,4,Hibernating,Dormant,,Inactive (>1 yr),,
18239,218,6,1712.26,2010-10-13 10:11:00,2011-05-05 12:38:00,United Kingdom,2,4,4,244,10,At Risk,Lapsing Mid-Value,0.5695386838510561,Medium,280.8775,159.970601673375
18240,46,1,422.58,2011-10-24 13:06:00,2011-10-24 13:06:00,United Kingdom,4,2,2,422,8,Potential Loyalists,Recent Developing,0.7127283704976285,High,105.645,75.29618870122196
18241,9,21,2986.9900000000002,2010-04-01 11:55:00,2011-11-30 12:10:00,United Kingdom,5,5,5,555,15,Champions,Active High-Value,0.09880544621056138,Low,518.2725,51.208145621163176
18242,72,8,3605.21,2010-01-11 08:49:00,2011-09-28 13:43:00,United Kingdom,3,5,5,355,13,Loyal Customers,Lapsing Mid-Value,0.33961378286957883,Medium,558.1225000000001,189.54609352962652
18243,414,1,515.78,2010-10-21 14:29:00,2010-10-21 14:29:00,United Kingdom,1,2,2,122,5,Hibernating,Dormant,,Inactive (>1 yr),,
18244,430,2,568.64,2010-07-25 10:30:00,2010-10-05 11:15:00,United Kingdom,1,3,2,132,6,At Risk,Dormant,,Inactive (>1 yr),,
18245,7,20,6324.9800000000005,2010-03-08 15:26:00,2011-12-02 14:48:00,United Kingdom,5,5,5,555,15,Champions,Active High-Value,0.18539754365410585,Low,641.765,118.98165460317723
18246,23,3,758.8199999999999,2010-04-09 10:19:00,2011-11-16 11:49:00,United Kingdom,4,3,3,433,10,Potential Loyalists,Recent Developing,0.7617822027676465,High,149.025,113.52459276744852
18247,414,3,839.73,2010-03-18 15:52:00,2010-10-21 09:49:00,United Kingdom,1,3,3,133,7,At Risk,Lapsing Mid-Value,,Inactive (>1 yr),,
18248,122,2,804.02,2011-06-06 13:18:00,2011-08-09 10:19:00,United Kingdom,3,3,3,333,9,Need Attention,Lapsing Mid-Value,0.6358828474509525,High,201.005,127.8156317518787
18249,17,1,95.34,2011-11-22 15:07:00,2011-11-22 15:07:00,United Kingdom,5,2,1,521,8,Potential Loyalists,Recent Developing,0.697307185100198,High,23.835,16.620316756863218
18250,310,1,349.27,2011-02-02 13:16:00,2011-02-02 13:16:00,United Kingdom,2,2,2,222,6,Hibernating,Dormant,0.8304085916393503,High,87.3175,72.50920220046896
18251,87,9,26278.86,2009-12-22 12:01:00,2011-09-13 15:03:00,United Kingdom,3,5,5,355,13,Loyal Customers,Active High-Value,0.5113420024458011,Medium,1078.68,551.5743911982368
18252,50,7,1533.69,2009-12-18 16:13:00,2011-10-20 12:43:00,United Kingdom,4,4,4,444,12,Loyal Customers,Lapsing Mid-Value,0.51510029900681,Medium,129.5675,66.74025799156485
18253,642,1,317.88,2010-03-07 12:38:00,2010-03-07 12:38:00,United Kingdom,1,2,2,122,5,Hibernating,Dormant,,Inactive (>1 yr),,
18254,581,1,267.9,2010-05-07 14:37:00,2010-05-07 14:37:00,United Kingdom,1,2,1,121,4,Hibernating,Dormant,,Inactive (>1 yr),,
18255,89,2,303.15,2010-09-09 16:31:00,2011-09-11 13:16:00,United Kingdom,3,3,2,332,8,Need Attention,Dormant,0.8550412376816168,High,25.825,22.081439963127753
18256,387,1,110.7,2010-11-17 08:53:00,2010-11-17 08:53:00,United Kingdom,2,2,1,221,5,Hibernating,Dormant,,Inactive (>1 yr),,
18257,39,12,4585.15,2010-02-18 16:20:00,2011-10-31 14:48:00,United Kingdom,4,5,5,455,14,Loyal Customers,Active High-Value,0.18009150601046423,Low,584.4075,105.24682679881037
18258,464,6,2059.67,2010-05-16 11:35:00,2010-09-01 14:20:00,United Kingdom,1,4,4,144,9,At Risk,Lapsing Mid-Value,,Inactive (>1 yr),,
18259,24,7,3941.9,2009-12-08 08:38:00,2011-11-15 12:34:00,United Kingdom,4,4,5,445,13,Loyal Customers,Active High-Value,0.4178092510746469,Medium,490.57500000000005,204.96677334594492
18260,172,23,9947.26,2009-12-15 13:50:00,2011-06-20 12:37:00,United Kingdom,3,5,5,355,13,Loyal Customers,Active High-Value,0.3899612261099109,Medium,657.0875,256.2386471614961
18261,43,2,324.24,2011-09-05 09:34:00,2011-10-27 15:36:00,United Kingdom,4,3,2,432,9,Potential Loyalists,Recent Developing,0.617887209672246,High,81.06,50.085937216032264
18262,140,3,577.54,2010-04-16 09:05:00,2011-07-22 16:04:00,United Kingdom,3,3,2,332,8,Need Attention,Lapsing Mid-Value,0.7936838088790646,High,37.37,29.659963937810645
18263,25,3,1213.1599999999999,2011-04-01 11:48:00,2011-11-14 09:00:00,United Kingdom,4,3,4,434,11,Potential Loyalists,Recent Developing,0.5377499774347962,Medium,303.28999999999996,163.09419065619934
18264,498,1,603.25,2010-07-29 10:02:00,2010-07-29 10:02:00,United Kingdom,1,2,3,123,6,Hibernating,Dormant,,Inactive (>1 yr),,
18265,72,2,801.51,2011-07-04 15:26:00,2011-09-28 14:10:00,United Kingdom,3,3,3,333,9,Need Attention,Recent Developing,0.6050856954045596,High,200.3775,121.24555893092713
18266,434,1,251.1,2010-10-01 15:33:00,2010-10-01 15:33:00,United Kingdom,1,2,1,121,4,Hibernating,Dormant,,Inactive (>1 yr),,
18267,672,1,269.37,2010-02-05 08:43:00,2010-02-05 08:43:00,United Kingdom,1,2,1,121,4,Hibernating,Dormant,,Inactive (>1 yr),,
18268,134,6,1490.23,2009-12-11 10:27:00,2011-07-28 19:13:00,United Kingdom,3,4,4,344,11,Loyal Customers,Lapsing Mid-Value,0.8557525893702365,High,6.375,5.455422757235257
18269,366,1,168.6,2010-12-08 13:53:00,2010-12-08 13:53:00,United Kingdom,2,2,1,221,5,Hibernating,Dormant,,Inactive (>1 yr),,
18270,38,3,444.55,2010-10-03 10:49:00,2011-11-01 13:57:00,United Kingdom,4,3,2,432,9,Potential Loyalists,Recent Developing,0.7156033362780657,High,70.7875,50.65577116678357
18271,609,2,680.85,2009-12-08 11:27:00,2010-04-09 09:26:00,United Kingdom,1,3,3,133,7,At Risk,Dormant,,Inactive (>1 yr),,
18272,2,9,4385.9800000000005,2010-03-04 12:53:00,2011-12-07 12:43:00,United Kingdom,5,5,5,555,15,Champions,Active High-Value,0.3063896343566564,Medium,769.645,235.8112501344288
18273,2,4,357.0,2010-04-28 12:24:00,2011-12-07 13:16:00,United Kingdom,5,4,2,542,11,Champions,Recent Developing,0.8114010187245809,High,51.0,41.381451954953626
18274,30,1,175.92,2011-11-09 17:03:00,2011-11-09 17:03:00,United Kingdom,4,2,1,421,7,Potential Loyalists,Recent Developing,0.7660666711218835,High,43.98,33.691612195940436
18275,578,2,741.85,2009-12-08 16:23:00,2010-05-10 15:46:00,United Kingdom,1,3,3,133,7,At Risk,Dormant,,Inactive (>1 yr),,
18276,43,6,1656.52,2009-12-10 17:14:00,2011-10-27 10:54:00,United Kingdom,4,4,4,444,12,Loyal Customers,Lapsing Mid-Value,0.6009175820685059,High,83.965,50.4560447783821
18277,58,5,1180.05,2010-08-02 10:26:00,2011-10-12 15:22:00,United Kingdom,4,4,3,443,11,Loyal Customers,Lapsing Mid-Value,0.7348245139980688,High,27.595,20.277482463776707
18278,73,2,414.20000000000005,2010-10-31 12:13:00,2011-09-27 11:58:00,United Kingdom,3,3,2,332,8,Need Attention,Recent Developing,0.8338184479418671,High,43.475,36.25025702427267
18279,519,1,231.33999999999997,2010-07-08 14:48:00,2010-07-08 14:48:00,United Kingdom,1,2,1,121,4,Hibernating,Dormant,,Inactive (>1 yr),,
18280,277,2,488.15000000000003,2010-11-10 15:51:00,2011-03-07 09:52:00,United Kingdom,2,3,2,232,7,At Risk,Dormant,0.8065568930467004,High,45.150000000000006,36.41604372105853
18281,180,2,201.14,2010-05-11 10:49:00,2011-06-12 10:53:00,United Kingdom,3,3,1,331,7,Need Attention,Dormant,0.8704032728049286,High,20.205,17.58649812702358
18282,7,2,178.05,2011-08-05 13:35:00,2011-12-02 11:43:00,United Kingdom,5,3,1,531,9,Potential Loyalists,Recent Developing,0.7869721891037215,High,44.5125,35.030099567479404
18283,3,22,2658.95,2010-02-19 17:16:00,2011-12-06 12:02:00,United Kingdom,5,5,4,554,14,Champions,Active High-Value,0.07458089054368913,Low,509.895,38.02842318377437
18284,431,1,411.68,2010-10-04 11:33:00,2010-10-04 11:33:00,United Kingdom,1,2,2,122,5,Hibernating,Dormant,,Inactive (>1 yr),,
18285,660,1,377.0,2010-02-17 10:24:00,2010-02-17 10:24:00,United Kingdom,1,2,2,122,5,Hibernating,Dormant,,Inactive (>1 yr),,
18286,476,2,1246.43,2009-12-16 10:45:00,2010-08-20 11:57:00,United Kingdom,1,3,4,134,8,At Risk,Lapsing Mid-Value,,Inactive (>1 yr),,
18287,42,7,4132.99,2010-05-17 11:55:00,2011-10-28 09:29:00,United Kingdom,4,4,5,445,13,Loyal Customers,Lapsing Mid-Value,0.39167712323832476,Medium,459.32,179.90513624582732
